# wxskyfield_stars.dat
#
# An excerpt of the Hipparcos Catalogue (main catalog, hip_main.dat)
# containing the named stars supported by weewx-skyfield and the stars
# forming the constellation line figures of wxskyfield_lines.dat.
#
# Source: The Hipparcos and Tycho Catalogues, ESA SP-1200 (1997).
#         European Space Agency.  Distributed by the Centre de Donnees
#         astronomiques de Strasbourg (CDS) as VizieR catalog I/239:
#         https://cdsarc.cds.unistra.fr/ftp/cats/I/239/hip_main.dat
#
# Licence: CC BY-NC 3.0 IGO
#          (https://creativecommons.org/licenses/by-nc/3.0/igo/).
#          Credit: ESA.
#
# Each data line is an unmodified record from hip_main.dat.
#
H|         677| |00 08 23.17|+29 05 27.0| 2.07|1|H|002.09653333|+29.09082805|+|  33.60|  135.68| -162.95|  0.80|  0.50|  0.73|  0.63|  0.45| 0.37| 0.32|-0.05| 0.35| 0.09| 0.02|-0.16|-0.10| 0.10|-0.18|  2|-0.48|   677| 2.003|0.003| 2.050|0.004| |-0.038|0.005|T|-.10|0.03|C| | 2.0371|0.0006|0.005| 79| | 2.03| 2.05|       |M| | |00083+2905|I| 1| 1|O| | |  |   |       |     |     |    |S| |P|   358|B+28    4 |          |          |-.10|B9p         |X 
H|         746| |00 09 10.09|+59 09 00.8| 2.28|1|H|002.29204036|+59.15021814| |  59.89|  523.39| -180.42|  0.36|  0.42|  0.56|  0.41|  0.48|-0.08| 0.19| 0.11| 0.09|-0.09|-0.10|-0.05|-0.07| 0.14|-0.12|  0|-1.06|   746| 2.720|0.003| 2.318|0.003| | 0.380|0.004|T|0.40|0.03|C| | 2.3579|0.0017|0.014|130| | 2.34| 2.38|   0.10|P|1|A|00092+5909|I| 1| 1| | | |  |   |       |     |     |    |S| |P|   432|B+58    3 |          |          |0.40|F2III-IV    |X 
H|         765| |00 09 24.54|-45 44 49.2| 3.88| |G|002.35224949|-45.74698836| |  23.28|  122.15| -180.13|  0.78|  0.62|  0.98|  0.86|  0.79| 0.04| 0.14|-0.02|-0.08|-0.05| 0.07|-0.04|-0.19| 0.09| 0.02|  0|     |   765| 5.187|0.003| 3.993|0.002| | 1.013|0.029|G|1.00|0.02|A| | 4.0452|0.0004|0.005|141| | 4.04| 4.06|       | | | |          | |  | 1|X| | |  |   |       |     |     |    |S| | |   496|          |C-46    18|P-46     7|1.00|K0III       |X 
H|        1067| |00 13 14.15|+15 11 01.0| 2.83|1|G|003.30895828|+15.18361593| |   9.79|    4.70|   -8.24|  0.67|  0.44|  0.81|  0.77|  0.56| 0.35| 0.06| 0.02| 0.04| 0.12|-0.01| 0.11| 0.30|-0.02| 0.30|  2| 1.14|  1067| 2.585|0.002| 2.803|0.002| |-0.190|0.002|T|-.22|0.01|G| | 2.7544|0.0009|0.007|115| | 2.74| 2.77|   0.15|P|1|A|00132+1511|I| 1| 1|G| | |  |   |       |     |     |    |S| | |   886|B+14   14 |          |          |-.22|B2IV        |X 
H|        1547| |00 19 17.02|+14 03 17.3| 8.36| |G|004.82092175|+14.05479812| |   5.97|   75.00|  -17.55|  0.95|  0.62|  1.06|  1.02|  0.57| 0.27| 0.04| 0.14|-0.09|-0.02| 0.14|-0.04|-0.10| 0.13| 0.25|  0| 1.30|  1547| 9.554|0.019| 8.458|0.013| | 0.920|0.015|G|0.92|0.01|H| | 8.5196|0.0017|0.015| 87| | 8.50| 8.55|       |C| | |          | |  | 1| | | |  |   |       |     |     |    | | | |  1502|B+13   34 |          |          |0.92|K0          |S 
H|        1562| |00 19 25.68|-08 49 25.8| 3.56|1|G|004.85701265|-08.82382948| |  11.26|  -14.37|  -37.84|  0.73|  0.43|  0.73|  0.76|  0.42| 0.10| 0.05| 0.21|-0.15| 0.05| 0.04| 0.05|-0.05| 0.05| 0.00|  0| 1.28|  1562| 5.128|0.003| 3.688|0.002| | 1.214|0.003|G|1.13|0.02|A| | 3.7314|0.0007|0.006| 85| | 3.73| 3.75|       |M| | |00194-0850|I| 1| 1| | | |  |   |       |     |     |    |S| | |  1522|B-09   48 |          |          |1.13|K2III       |X 
H|        1599| |00 20 01.91|-64 52 39.4| 4.23| |G|005.00797581|-64.87762320| | 116.38| 1707.56| 1165.36|  0.46|  0.51|  0.64|  0.52|  0.58| 0.04|-0.05|-0.39|-0.10|-0.06| 0.14| 0.00| 0.07|-0.04| 0.01|  0|-0.73|  1599|      |     |      |     | | 0.576|0.010|G|0.65|0.02|A| | 4.3443|0.0006|0.005|134| | 4.34| 4.35|       | | | |          | |  | 1| | | |  |   |       |     |     |    |S| | |  1581|          |          |P-65    13|0.65|F9V         |X 
H|        1645| |00 20 35.86|+08 11 24.9| 5.38| |H|005.14943435|+08.19024803| |   8.26|   -4.50|    9.59|  0.68|  0.55|  0.81|  0.60|  0.47| 0.32| 0.25|-0.08| 0.01|-0.12|-0.03|-0.04|-0.34| 0.22| 0.41|  0| 0.27|  1645| 7.152|0.006| 5.535|0.003| | 1.343|0.004|G|1.28|0.03|E| | 5.5386|0.0010|0.007| 73| | 5.52| 5.55|       |C| | |          | |  | 1| | | |  |   |       |     |     |    |S| | |  1635|B+07   36 |          |          |1.28|K3III       |S 
H|        2021| |00 25 39.20|-77 15 18.1| 2.82| |G|006.41334183|-77.25503511| | 133.78| 2220.12|  324.37|  0.42|  0.45|  0.51|  0.48|  0.49| 0.10| 0.09|-0.25|-0.06| 0.01| 0.06| 0.01| 0.03| 0.10| 0.31|  0|-1.44|  2021|      |     |      |     | | 0.618|0.008|G|0.68|0.02|A| | 2.9305|0.0003|0.004|122| | 2.93| 2.94|       | | | |          | |  | 1| | | |  |   |       |     |     |    |S| | |  2151|          |C-77    15|P-77    16|0.68|G2IV        |X 
H|        2072| |00 26 12.12|-43 40 47.7| 3.93|1|G|006.55048418|-43.67990933| |  42.51|  106.14|   32.83|  0.43|  0.50|  0.69|  0.48|  0.57| 0.02|-0.05|-0.28| 0.22|-0.10| 0.17|-0.06|-0.18| 0.18| 0.04|  1|-0.05|  2072| 4.164|0.002| 3.965|0.002| | 0.175|0.008|G|0.20|0.02|A| | 3.9946|0.0006|0.006|139| | 3.99| 4.01|       |M| | |          | |  | 1| | | |  |   |       |     |     |    |S| | |  2262|          |C-44   101|P-44    47|0.20|A7V         |X 
H|        2081| |00 26 16.87|-42 18 18.4| 2.40| |G|006.57028075|-42.30512197| |  42.14|  232.76| -353.64|  0.46|  0.56|  0.78|  0.54|  0.82| 0.07|-0.09|-0.29| 0.14|-0.04| 0.12| 0.00|-0.52| 0.29| 0.14|  3| 0.56|  2081| 3.802|0.003| 2.519|0.003| | 1.083|0.016|G|1.11|0.02|A| | 2.5512|0.0005|0.004|125| | 2.54| 2.56|       | | | |00263-4218|I| 1| 1|G| | |  |   |       |     |     |    |S| | |  2261|          |C-42   116|P-42    34|1.11|K0III...    |X 
H|        2247| |00 28 34.52|-16 13 32.8| 9.62| |G|007.14384042|-16.22578934| |  26.64| -354.87| -228.26|  1.10|  0.87|  1.40|  1.50|  0.92| 0.35|-0.03|-0.08|-0.17|-0.01| 0.19|-0.01|-0.15| 0.13| 0.16|  0| 1.41|  2247|11.165|0.053| 9.677|0.023| | 1.128|0.010|G|1.21|0.01|I| | 9.7257|0.0024|0.027|125| | 9.67| 9.78|       | | | |          | |  | 1| | | |  |   |       |     |     |    | | | |      |B-17   63 |          |          |1.21|K5V         |X 
H|        2484| |00 31 32.56|-62 57 29.1| 4.36| |G|007.88566992|-62.95808549| |  23.35|   82.48|  -54.37|  0.41|  0.42|  0.52|  0.42|  0.47|-0.04| 0.07|-0.15|-0.04| 0.12| 0.07| 0.13| 0.21| 0.05| 0.06|  3| 1.83|  2484| 4.278|0.002| 4.330|0.003| |-0.064|0.009|G|-.02|0.01|L| | 4.3328|0.0012|0.015|140| | 4.25| 4.34|       |D| | |00316-6258|I| 2| 1| | |S|  |   |       |     |     |    |S| | |  2884|          |          |P-63    50|-.02|B9V         |X 
H|        2920| |00 36 58.27|+53 53 49.0| 3.69| |H|009.24277921|+53.89693161| |   5.46|   17.77|   -9.15|  0.40|  0.37|  0.61|  0.42|  0.40|-0.27| 0.23| 0.01| 0.04| 0.08|-0.03| 0.08| 0.15| 0.01|-0.31|  0|-0.52|  2920| 3.431|0.002| 3.647|0.002| |-0.196|0.004|G|-.23|0.03|C| | 3.6112|0.0003|0.004|183| | 3.60| 3.62|       |C| | |          | |  | 1| | | |  |   |       |     |     |    |S| | |  3360|B+53  105 |          |          |-.23|B2IV        |X 
H|        3092| |00 39 19.60|+30 51 40.4| 3.27| |H|009.83165567|+30.86122579| |  32.19|  115.38|  -83.05|  0.60|  0.48|  0.68|  0.70|  0.51| 0.41|-0.03|-0.05| 0.27|-0.09| 0.07|-0.02| 0.00| 0.25| 0.54|  0| 2.83|  3092| 4.945|0.003| 3.419|0.003| | 1.268|0.040|G|1.23|0.03|C| | 3.4328|0.0005|0.004| 95| | 3.42| 3.44|       |C| | |00393+3052|I| 1| 1| | | |  |   |       |     |     |    |S| | |  3627|B+30   91 |          |          |1.23|K3III...    |X 
H|        3179| |00 40 30.39|+56 32 14.7| 2.24|1|H|010.12661349|+56.53740928| |  14.27|   50.36|  -32.17|  0.31|  0.37|  0.57|  0.33|  0.40|-0.34| 0.21|-0.04|-0.04| 0.02| 0.13| 0.03| 0.28| 0.21|-0.21|  1| 1.66|  3179| 3.768|0.002| 2.377|0.002| | 1.170|0.000|G|1.13|0.00|H| | 2.4107|0.0004|0.005|208| | 2.40| 2.42|       |M| | |00405+5632|I| 1| 1| | | |  |   |       |     |     |    |S| | |  3712|B+55  139 |          |          |1.13|K0II-IIIvar |X 
H|        3419| |00 43 35.23|-17 59 12.1| 2.04|1|G|010.89678452|-17.98668410| |  34.04|  232.79|   32.71|  0.65|  0.51|  0.82|  0.83|  0.54| 0.35|-0.07|-0.03|-0.21| 0.03| 0.07| 0.06|-0.01|-0.24| 0.16|  0|-2.60|  3419| 3.362|0.004| 2.159|0.004| | 1.019|0.021|G|1.00|0.02|A| | 2.2062|0.0008|0.007| 95| | 2.20| 2.23|       |U|2| |          | |  | 1| | | |  |   |       |     |     |    |S| | |  4128|B-18  115 |          |          |1.00|K0III       |4 
H|        3479| |00 44 26.45|-26 30 57.8| 7.78| |G|011.11019153|-26.51604473| |  30.58|  313.52|  150.00|  0.78|  0.77|  1.08|  0.92|  0.78| 0.20|-0.16|-0.36|-0.24|-0.11| 0.27|-0.05|-0.31| 0.21| 0.17|  0| 0.57|  3479| 8.629|0.011| 7.868|0.009| | 0.664|0.004|G|0.73|0.00|H| | 7.9230|0.0017|0.014| 85| | 7.89| 7.95|       | | | |          | |  | 1| | | |  |   |       |     |     |    |S| | |  4208|          |C-27   223|P-27    56|0.73|G5V         |3 
H|        3760| |00 48 17.34|+07 17 59.7| 5.92| |H|012.07226858|+07.29991977| |   4.93|  111.61|    3.41|  0.70|  0.55|  0.82|  0.70|  0.47| 0.38| 0.25| 0.28| 0.01| 0.13| 0.16| 0.12| 0.15| 0.17| 0.33|  0| 0.56|  3760| 7.345|0.007| 6.043|0.004| | 1.104|0.002|G|1.07|0.04|E| | 6.0874|0.0008|0.005| 76| | 6.08| 6.10|       | | | |          | |  | 1| | | |  |   |       |     |     |    |S| | |  4627|B+06  105 |          |          |1.07|G8III       |X 
H|        3821| |00 49 05.10|+57 48 59.6| 3.46|1|H|012.27125262|+57.81654770|A| 167.99| 1087.11| -559.65|  0.44|  0.44|  0.62|  0.44|  0.44|-0.42| 0.04| 0.18|-0.16| 0.19|-0.06| 0.20| 0.02| 0.18|-0.54|  4| 1.86|  3821| 4.158|0.003| 3.520|0.003|A| 0.587|0.003|T|0.66|0.00|L| | 3.5835|0.0024|0.009|229|A| 3.58| 3.63|       |U|2| |00491+5749|I| 2| 2|C| |A|AB|313| 12.490|0.023| 3.78|0.08|S| | |  4614|B+57  150 |          |          |0.65|G0V SB      |G 
H|        3881| |00 49 48.83|+41 04 44.2| 4.53| |G|012.45345723|+41.07895474| |   4.80|   22.68|  -18.05|  0.48|  0.51|  0.75|  0.53|  0.49| 0.25| 0.15| 0.14|-0.14| 0.12|-0.16| 0.12|-0.34| 0.10| 0.17|  0|-0.96|  3881| 4.352|0.002| 4.510|0.002| |-0.136|0.004|G|-.14|0.03|C| | 4.4853|0.0004|0.006|165| | 4.48| 4.50|       | | | |          | |  | 1| | | |  |   |       |     |     |    |S| | |  4727|B+40  171 |          |          |-.14|B5V SB      |G 
H|        4422| |00 56 40.01|+59 10 52.2| 4.62| |H|014.16671042|+59.18116582| |  15.84|  -92.56|  -45.33|  0.35|  0.38|  0.58|  0.42|  0.42|-0.35| 0.21| 0.08| 0.09| 0.09| 0.01| 0.08|-0.03| 0.06|-0.40|  1|-0.72|  4422| 5.843|0.002| 4.732|0.002| | 0.957|0.001|G|1.01|0.04|G| | 4.7838|0.0004|0.005|225| | 4.78| 4.79|       | | | |          | |  | 1| | | |  |   |       |     |     |    |S| | |  5395|B+58  138 |          |          |1.01|G8III-IV    |X 
H|        4427| |00 56 42.50|+60 43 00.3| 2.15|1|H|014.17708808|+60.71674966| |   5.32|   25.65|   -3.82|  0.35|  0.38|  0.56|  0.42|  0.44|-0.24| 0.19| 0.04| 0.24| 0.06|-0.01| 0.08|-0.03| 0.18|-0.26|  0|-1.19|  4427| 2.112|0.002| 2.168|0.003| |-0.046|0.003|T|-.02|0.00|L| | 2.1379|0.0008|0.009|154| | 2.12| 2.16|       |U|2| |00567+6043|I| 1| 1| | | |  |   |       |     |     |    |S| |P|  5394|B+59  144 |          |          |0.01|B0IV:evar   |X 
H|        4436| |00 56 45.10|+38 29 57.3| 3.86|1|G|014.18790699|+38.49925513| |  23.93|  152.78|   36.82|  0.86|  0.82|  1.22|  1.12|  0.72| 0.35| 0.18| 0.15|-0.05|-0.14|-0.16|-0.17|-0.52| 0.07| 0.18|  3|     |  4436| 4.038|0.002| 3.881|0.002| | 0.130|0.000|G|0.14|0.00|H| | 3.9034|0.0006|0.006|146| | 3.89| 3.91|       |M| | |00568+3830|I| 1| 1|X| | |  |   |       |     |     |    |S| | |  5448|B+37  175 |          |          |0.14|A5V         |X 
H|        4577| |00 58 36.35|-29 21 26.9| 4.30| |H|014.65144118|-29.35746436| |   4.85|   22.44|    6.30|  0.65|  0.57|  0.84|  1.04|  0.65| 0.21|-0.07|-0.36| 0.19| 0.12| 0.02| 0.13| 0.26|-0.30| 0.21|  0|-1.57|  4577| 4.123|0.003| 4.283|0.003| |-0.154|0.007|G|-.12|0.02|A| | 4.2628|0.0005|0.005| 82| | 4.26| 4.27|       |C| | |          | |  | 1| | | |  |   |       |     |     |    |S| | |  5737|          |C-30   297|P-30    99|-.12|B7IIIp      |3 
H|        4889| |01 02 49.09|+31 48 15.6| 5.50| |H|015.70452742|+31.80433674| |   7.87|   15.53|  -30.38|  0.62|  0.43|  0.68|  0.74|  0.43| 0.29| 0.15|-0.04| 0.28|-0.08| 0.00|-0.01|-0.35| 0.18| 0.36|  0|-1.08|  4889| 5.442|0.002| 5.491|0.003| |-0.043|0.003|G|-.02|0.00|H| | 5.4945|0.0006|0.005|124| | 5.48| 5.51|       |C| | |          | |  | 1| | | |  |   |       |     |     |    |S| | |  6118|B+31  168 |          |          |-.02|B9.5V       |X 
H|        4906| |01 02 56.66|+07 53 24.3| 4.27| |G|015.73606615|+07.89007256| |  17.14|  -80.57|   25.88|  0.73|  0.54|  0.81|  0.72|  0.46| 0.25| 0.37| 0.10|-0.09|-0.03|-0.08|-0.03|-0.38| 0.04| 0.21|  0| 0.02|  4906| 5.496|0.003| 4.381|0.002| | 0.952|0.029|G|0.98|0.02|A| | 4.4267|0.0006|0.004| 77| | 4.42| 4.44|       | | | |          | |  | 1| | | |  |   |       |     |     |    |S| | |  6186|B+07  153 |          |          |0.98|K0III       |X 
H|        5054| |01 04 40.28|-39 29 13.0| 7.72| |H|016.16782838|-39.48693482| |  24.80| -168.97| -527.71|  0.61|  0.60|  0.89|  0.85|  0.54|-0.07| 0.01|-0.19|-0.43| 0.26|-0.04| 0.16| 0.10|-0.15|-0.01|  0|-2.51|  5054| 8.450|0.010| 7.789|0.008| | 0.613|0.011|T|0.68|0.01|L| | 7.8495|0.0015|0.013|137| | 7.83| 7.88|       | | | |          | |  | 1| | | |  |   |       |     |     |    |S| | |  6434|          |C-40   239|P-40    98|0.64|G3IV        |X 
H|        5165| |01 06 05.11|-46 43 06.6| 3.32| |G|016.52127713|-46.71849042| |  16.46|  -70.16|   31.60| 14.59| 15.14| 22.22| 18.11| 15.94|-0.21|-0.05|-0.24|-0.07| 0.05| 0.06| 0.06|-0.22| 0.02|-0.20|  2|     |  5165| 4.446|0.003| 3.416|0.003| | 0.885|0.001|G|0.90|0.02|A| | 3.4646|0.0004|0.004|130| | 3.46| 3.47|       |D| | |01061-4643|I| 1| 1|X| |S|  |   |       |     |     |    |S| |G|  6595|          |C-47   324|P-47   129|0.90|G8IIIvar    |X 
H|        5348|H|01 08 23.06|-55 14 45.0| 3.94|2|G|017.09608370|-55.24583235|A|  11.66|   21.17|   29.70|  0.64|  0.68|  0.77|  0.56|  0.66|-0.08| 0.02|-0.11| 0.00| 0.02| 0.18| 0.05| 0.14| 0.01|-0.05| 14| 3.34|  5348| 3.854|0.004| 3.958|0.004|-|-0.120|0.220|G|-.08|0.02|A|*| 3.9219|0.0013|0.055|139|-| 3.91| 4.18|   1.67|P|1|A|01084-5515|I| 1| 3|C| |C|  |   |       |     |     |    |S| |G|  6882|          |C-55   267|P-55   241|-.08|B6V + B0V   |G 
H|        5364| |01 08 35.26|-10 10 54.9| 3.46| |H|017.14693197|-10.18192800| |  27.73|  215.81| -138.33|  0.60|  0.47|  0.71|  0.64|  0.54| 0.36| 0.00|-0.02|-0.01| 0.03|-0.03| 0.04|-0.03|-0.09| 0.54|  0| 0.45|  5364| 4.963|0.003| 3.585|0.002| | 1.161|0.005|G|1.11|0.02|A| | 3.6235|0.0005|0.003| 88| | 3.62| 3.63|       |C| | |01085-1010|I| 1| 1| | | |  |   |       |     |     |    |S| | |  6805|B-10  240 |          |          |1.11|K2III       |X 
H|        5447| |01 09 43.80|+35 37 15.0| 2.07|1|H|017.43248991|+35.62083048| |  16.36|  175.59| -112.23|  0.71|  0.61|  0.76|  0.84|  0.68| 0.00| 0.23|-0.22| 0.45|-0.07| 0.06|-0.07| 0.54|-0.08| 0.20|  0| 0.67|  5447| 4.167|0.006| 2.264|0.004| | 1.576|0.010|G|1.74|0.03|C| | 2.1741|0.0030|0.016| 50| | 2.15| 2.20|       |U|2| |01097+3537|I| 1| 1| | | |  |   |       |     |     |    |S| | |  6860|B+34  198 |          |          |1.74|M0IIIvar    |X 
H|        5529| |01 10 47.06|-66 11 16.3| 8.06| |H|017.69608830|-66.18786313| |  27.87|  111.79| -123.84|  0.53|  0.61|  0.69|  0.60|  0.61| 0.01| 0.10|-0.20| 0.04| 0.04| 0.01| 0.04| 0.04| 0.03| 0.11|  0|-1.08|  5529| 9.107|0.012| 8.124|0.009| | 0.849|0.012|T|0.86|0.01|L| | 8.1991|0.0015|0.015|140| | 8.17| 8.23|       |C| | |          | |  | 1| | | |  |   |       |     |     |    |S| | |  7199|          |          |P-66    88|0.86|K0IV/V      |1 
H|        5737| |01 13 43.80|+07 34 31.8| 5.21| |H|018.43250986|+07.57548895|A|  22.09|  141.66|  -55.62|  2.47|  1.98|  2.04|  2.31|  1.83| 0.27| 0.09|-0.19|-0.34| 0.02| 0.09| 0.04|-0.19| 0.20| 0.33|  1| 0.69|  5737| 5.530|0.005| 5.231|0.005|A| 0.320|0.000|G|0.37|0.00|H| | 5.2849|0.0527|0.080| 60|A| 5.11| 5.33|       |D| | |01137+0735|I| 2| 1|C|P|D|  |   |       |     |     |    |S| |D|  7344|B+06  174 |          |          |0.37|A7IV        |X 
H|        5742| |01 13 44.94|+24 35 01.6| 4.67| |H|018.43723014|+24.58376482| |   8.64|   18.58|  -21.26|  0.75|  0.48|  0.81|  1.12|  0.49| 0.23| 0.15| 0.12|-0.14| 0.25| 0.29| 0.15|-0.12| 0.24| 0.34|  0| 1.03|  5742| 6.012|0.004| 4.786|0.003| | 1.047|0.004|T|1.02|0.00|L| | 4.8341|0.0006|0.005|109| | 4.83| 4.84|       |C| | |01137+2435|I| 1| 1| | | |  |   |       |     |     |    |S| | |  7318|B+23  158 |          |          |1.01|K0III...    |X 
H|        6193| |01 19 27.98|+27 15 50.7| 4.74| |H|019.86657455|+27.26408682| |  10.49|   26.21|  -11.62|  0.75|  0.55|  0.77|  0.89|  0.69| 0.02| 0.26|-0.10| 0.45|-0.12| 0.10|-0.03| 0.22| 0.24| 0.13|  0| 0.81|  6193| 4.813|0.003| 4.757|0.004| | 0.032|0.007|G|0.10|0.03|C| | 4.7736|0.0007|0.005| 57| | 4.77| 4.78|       |C| | |          | |  | 1| | | |  |   |       |     |     |    |S| | |  7964|B+26  220 |          |          |0.10|A3V         |X 
H|        6411| |01 22 20.39|+45 31 43.5| 4.87| |H|020.58497087|+45.52875660| |  16.68|   32.21|    8.73|  0.53|  0.45|  0.70|  0.59|  0.48| 0.09| 0.36|-0.08| 0.04| 0.07|-0.10| 0.13| 0.18| 0.20| 0.01|  0| 0.64|  6411| 6.258|0.004| 4.989|0.003| | 1.077|0.000|G|1.04|0.03|C| | 5.0399|0.0005|0.004| 76| | 5.03| 5.05|       |C| | |          | |  | 1| | | |  |   |       |     |     |    |S| | |  8207|B+44  287 |          |          |1.04|K0III-IV    |X 
H|        6537| |01 24 01.45|-08 10 57.9| 3.60| |G|021.00604671|-08.18275372| |  28.48|  -78.38| -206.88|  0.63|  0.48|  0.77|  0.74|  0.48| 0.38|-0.14|-0.28| 0.18| 0.32|-0.07| 0.29| 0.53|-0.30| 0.46|  0|-0.57|  6537| 4.978|0.003| 3.732|0.002| | 1.065|0.004|G|1.05|0.02|A| | 3.7757|0.0004|0.003|102| | 3.77| 3.79|       | | | |01240-0811|I| 1| 1| | | |  |   |       |     |     |    |S| | |  8512|B-08  244 |          |          |1.05|K0III       |X 
H|        6643| |01 25 12.35|+28 34 01.5| 7.12| |H|021.30145418|+28.56707875| |  22.65|  252.59| -158.59|  0.76|  0.55|  0.82|  0.94|  0.54| 0.03| 0.24|-0.06| 0.20|-0.14| 0.19|-0.07| 0.44| 0.02|-0.03|  0|-1.20|  6643| 7.797|0.009| 7.177|0.008| | 0.577|0.011|T|0.65|0.01|L| | 7.2497|0.0010|0.007| 68| | 7.23| 7.27|       |C| | |          | |  | 1| | | |  |   |       |     |     |    |S| | |  8574|B+27  225 |          |          |0.64|F8          |S 
H|        6686| |01 25 48.60|+60 14 07.5| 2.66| |H|021.45251267|+60.23540347| |  32.81|  297.24|  -49.49|  0.37|  0.38|  0.62|  0.48|  0.41|-0.19| 0.19|-0.06|-0.06|-0.24|-0.18|-0.16|-0.18| 0.23|-0.33|  1|-1.32|  6686| 2.869|0.002| 2.694|0.001| | 0.160|0.002|T|0.19|0.03|C| | 2.7146|0.0004|0.005|196| | 2.71| 2.72|       | | | |01259+6014|I| 1| 1| | | |  |   |       |     |     |    |S| |P|  8538|B+59  248 |          |          |0.19|A5Vv SB     |G 
H|        6867| |01 28 21.94|-43 19 03.8| 3.41|2|G|022.09142360|-43.31772906|+|  13.94|  -18.21| -207.71|  0.42|  0.51|  0.64|  0.45|  0.49|-0.26|-0.02|-0.20|-0.01| 0.21| 0.06|-0.05| 0.01|-0.09|-0.08|  0|-0.15|  6867| 5.491|0.005| 3.624|0.004| | 1.542|0.063|G|1.73|0.02|A| | 3.5329|0.0041|0.037|156| | 3.51| 3.60|  97.50|P|1|A|          | |  | 1|O| | |  |   |       |     |     |    |S| | |  9053|          |C-43   449|P-43   172|1.73|K5II-III    |X 
H|        7007| |01 30 10.94|+06 08 38.2| 4.84|1|G|022.54559597|+06.14393314| |   9.05|  293.23|  -46.36|  0.66|  0.43|  0.73|  0.74|  0.45| 0.23| 0.03|-0.14|-0.05|-0.09| 0.16|-0.10| 0.19| 0.00| 0.36|  0|-0.93|  7007| 6.637|0.005| 4.997|0.003| | 1.372|0.008|G|1.42|0.02|A| | 4.9799|0.0010|0.007| 82| | 4.97| 5.00|       |M| | |01301+0609|I| 1| 1| | | |  |   |       |     |     |    |S| | |  9138|B+05  194 |          |          |1.42|K4III       |X 
H|        7083| |01 31 14.98|-49 04 23.1| 3.93| |H|022.81242306|-49.07307701| |  22.15|  138.22|  154.20|  0.45|  0.46|  0.61|  0.56|  0.45|-0.18| 0.02|-0.29| 0.31| 0.21|-0.16| 0.14| 0.09|-0.15|-0.11|  1|-0.51|  7083| 5.191|0.002| 4.051|0.002| | 0.972|0.038|G|1.00|0.02|A| | 4.0987|0.0004|0.005|127| | 4.09| 4.11|       | | | |          | |  | 1| | | |  |   |       |     |     |    |S| | |  9362|          |C-49   425|P-49   198|1.00|K0III-IV    |X 
H|        7097|H|01 31 28.99|+15 20 45.0| 3.62| |G|022.87080776|+15.34583101|A|  11.09|   25.73|   -3.29|  0.77|  0.55|  0.82|  0.77|  0.50| 0.45| 0.18| 0.13|-0.13| 0.14| 0.11| 0.13|-0.09| 0.17| 0.55|  4|-0.95|  7097| 4.866|0.003| 3.735|0.002|*| 0.974|0.001|G|0.94|0.01|G|*| 3.7914|0.0004|0.003|104|*| 3.78| 3.80|       |D| | |01315+1521|I| 1| 2|C| |A|AB| 47|  0.644|0.031| 3.68|0.07|S| | |  9270|B+14  231 |          |          |0.94|G8III       |X 
H|        7513| |01 36 47.98|+41 24 23.0| 4.10| |H|024.19990413|+41.40638491| |  74.25| -172.57| -381.01|  0.56|  0.45|  0.72|  0.52|  0.45| 0.14| 0.39| 0.02| 0.04| 0.11|-0.03| 0.17| 0.21| 0.14|-0.01|  0| 0.08|  7513| 4.748|0.004| 4.159|0.003| | 0.536|0.007|G|0.58|0.03|C| | 4.2118|0.0006|0.004| 89| | 4.20| 4.22|       | | | |01367+4125|I| 1| 1| | | |  |   |       |     |     |    |S| | |  9826|B+40  332 |          |          |0.58|F8V         |X 
H|        7588| |01 37 42.75|-57 14 12.0| 0.45|2|G|024.42813204|-57.23666007| |  22.68|   88.02|  -40.08|  0.48|  0.47|  0.57|  0.62|  0.54|-0.12|-0.10|-0.14|-0.20| 0.16|-0.01| 0.22|-0.05|-0.20|-0.20|  1|-0.37|  7588| 0.458|0.010| 0.522|0.009| |-0.158|0.007|G|-.17|0.02|A| | 0.4233|0.0024|0.022|106| | 0.40| 0.46|       |U|2| |          | |  | 1|G| | |  |   |       |     |     |    |S| |P| 10144|          |          |P-57   334|-.17|B3Vp        |X 
H|        7607| |01 37 59.50|+48 37 42.6| 3.59| |H|024.49792651|+48.62848641| |  18.76|   60.90| -112.42|  0.54|  0.51|  0.74|  0.58|  0.71| 0.06| 0.43|-0.11| 0.11| 0.00|-0.09| 0.10|-0.15| 0.25| 0.12|  0|-0.99|  7607| 5.257|0.003| 3.732|0.002| | 1.275|0.004|G|1.23|0.02|G| | 3.7515|0.0004|0.004| 85| | 3.75| 3.76|       | | | |          | |  | 1| | | |  |   |       |     |     |    |S| | |  9927|B+47  467 |          |          |1.23|K3III       |X 
H|        7884| |01 41 25.91|+05 29 15.4| 4.45| |H|025.35794814|+05.48760445| |   8.86|  -22.73|    3.61|  0.70|  0.48|  0.77|  0.84|  0.49| 0.27| 0.06|-0.04|-0.04| 0.08| 0.14| 0.05| 0.35|-0.01| 0.35|  0| 0.22|  7884| 6.219|0.005| 4.594|0.003| | 1.347|0.048|G|1.37|0.02|A| | 4.5914|0.0009|0.005| 74| | 4.58| 4.60|       | | | |          | |  | 1| | | |  |   |       |     |     |    |S| | | 10380|B+04  293 |          |          |1.37|K3III       |X 
H|        8102| |01 44 05.13|-15 56 22.4| 3.49| |G|026.02136441|-15.93955597| | 274.17|-1721.82|  854.07|  0.64|  0.62|  0.80|  0.83|  0.80| 0.28|-0.09|-0.20| 0.18| 0.07| 0.00| 0.09| 0.30|-0.13| 0.24|  0| 1.67|  8102|      |     |      |     | | 0.727|0.007|G|0.82|0.02|A| | 3.6295|0.0005|0.004| 73| | 3.62| 3.64|       | | | |01441-1557|I| 1| 1| | | |  |   |       |     |     |    |S| | | 10700|B-16  295 |          |          |0.82|G8V         |4 
H|        8198| |01 45 23.59|+09 09 27.5| 4.26| |H|026.34828629|+09.15764102| |  12.63|   70.82|   38.99|  0.80|  0.47|  0.86|  1.00|  0.43| 0.37|-0.17|-0.01|-0.18| 0.16| 0.10| 0.10| 0.43|-0.12| 0.46|  0| 1.06|  8198| 5.484|0.003| 4.372|0.002| | 0.942|0.048|G|0.93|0.02|A| | 4.4268|0.0005|0.004|101| | 4.42| 4.43|       |C| | |          | |  | 1| | | |  |   |       |     |     |    |S| | | 10761|B+08  273 |          |          |0.93|K0III       |X 
H|        8645| |01 51 27.61|-10 20 05.8| 3.74| |H|027.86504416|-10.33494526| |  12.59|   38.78|  -38.04|  0.68|  0.62|  0.85|  0.79|  0.74| 0.42|-0.10|-0.28| 0.30| 0.07|-0.10| 0.02| 0.25|-0.17| 0.51|  0| 1.91|  8645| 5.193|0.003| 3.858|0.002| | 1.136|0.007|G|1.07|0.02|A| | 3.9067|0.0007|0.004| 86| | 3.90| 3.92|       |C| | |01515-1019|I| 1| 1|G| | |  |   |       |     |     |    |S| | | 11353|B-11  359 |          |          |1.07|K2III       |X 
H|        8796| |01 53 04.90|+29 34 45.8| 3.42|1|G|028.27041595|+29.57939727| |  50.87|   12.02| -233.69|  0.72|  0.45|  0.82|  0.67|  0.51| 0.22| 0.48| 0.02| 0.15| 0.09| 0.00| 0.20| 0.01| 0.27| 0.18|  0| 0.18|  8796| 4.002|0.002| 3.476|0.002| | 0.488|0.009|G|0.55|0.03|C| | 3.5210|0.0007|0.006| 89| | 3.51| 3.53|   0.87|P|1|A|01531+2935|I| 1| 1| | | |  |   |       |     |     |    |S| | | 11443|B+28  312 |          |          |0.55|F6IV        |X 
H|        8832|H|01 53 31.77|+19 17 38.7| 3.88| |G|028.38235506|+19.29409264|A|  15.96|   79.43|  -99.10|  1.04|  0.71|  0.85|  1.06|  0.65| 0.24| 0.09|-0.14|-0.20| 0.08|-0.15|-0.03|-0.60| 0.15| 0.08| 11| 0.81|  8832| 4.608|0.002| 4.632|0.003|B|-0.047|0.005|G|-.03|0.01|R|*| 3.8584|0.0006|0.006| 92|*| 3.85| 3.87|       |D| | |01536+1918|I| 1| 2|C| |A|AB|  1|  7.606|0.002| 0.05|0.01|S| | | 11502|B+18  243 |          |          |-.03|A1p Si      |G 
H|        8833| |01 53 33.34|+03 11 14.9| 4.61| |G|028.38890233|+03.18747844|+|  17.11|   23.69|   23.90|  1.42|  0.72|  0.77|  1.89|  2.42| 0.45| 0.15| 0.21|-0.71|-0.20| 0.05|-0.37|-0.25| 0.06| 0.73|  4| 1.81|  8833| 5.808|0.003| 4.719|0.002| | 0.928|0.038|G|0.93|0.02|A| | 4.7688|0.0007|0.005| 80| | 4.76| 4.79|       | | | |          | |  | 1|O| | |  |   |       |     |     |    |S| | | 11559|B+02  290 |          |          |0.93|K0III SB    |G 
H|        8837| |01 53 38.82|-46 18 08.8| 4.39|2|H|028.41174872|-46.30244631| |  10.15|  -92.38|  -91.46|  0.42|  0.46|  0.60|  0.50|  0.50|-0.15| 0.11|-0.18| 0.04| 0.13| 0.01| 0.10| 0.16|-0.12|-0.04|  1|-0.99|  8837| 6.428|0.005| 4.607|0.005| | 1.597|0.006|G|2.49|0.02|A| | 4.4099|0.0048|0.045|119| | 4.33| 4.47|       |U|2| |          | |  | 1| | |S|  |   |       |     |     |    |S| | | 11695|          |C-46   552|P-46   195|2.49|M4III SB    |G 
H|        8886| |01 54 23.68|+63 40 12.5| 3.35|1|H|028.59868107|+63.67014686| |   7.38|   31.98|  -18.66|  0.32|  0.42|  0.57|  0.37|  0.49|-0.44| 0.15|-0.12| 0.27|-0.20| 0.11|-0.18| 0.11| 0.10|-0.45|  0|-1.73|  8886| 3.183|0.002| 3.329|0.002| |-0.150|0.007|G|-.12|0.03|C| | 3.3107|0.0003|0.005|223| | 3.30| 3.32|       |M| | |          | |  | 1| | | |  |   |       |     |     |    |S| | | 11415|B+62  320 |          |          |-.12|B2pvar      |X 
H|        8903| |01 54 38.35|+20 48 29.9| 2.64| |G|028.65978771|+20.80829949|+|  54.74|   96.32| -108.80|  1.64|  0.47|  0.75|  1.00|  0.54| 0.09|-0.12| 0.03| 0.08| 0.21| 0.10|-0.07|-0.30| 0.14| 0.02|  0| 0.81|  8903| 2.861|0.002| 2.681|0.002| | 0.165|0.003|T|0.18|0.00|L| | 2.7044|0.0005|0.004|105| | 2.70| 2.71|       | | | |          | |  | 1|O| | |  |   |       |     |     |    |S| |P| 11636|B+20  306 |          |          |0.16|A5V...      |X 
H|        9007| |01 55 56.83|-51 36 34.5| 3.69|1|G|028.98680207|-51.60958673| |  57.19|  681.24|  284.23|  0.47|  0.47|  0.62|  0.61|  0.49|-0.14| 0.04|-0.26|-0.10| 0.01|-0.06| 0.02| 0.00|-0.11|-0.06|  0|-0.64|  9007| 4.784|0.007| 3.808|0.005| | 0.844|0.015|G|0.90|0.02|A| | 3.8511|0.0025|0.015|113| | 3.84| 3.88|       |U|2| |01560-5137|I| 1| 1|G| | |  |   |       |     |     |    |S| | | 11937|          |C-52   394|P-52   241|0.90|G5IV        |X 
H|        9236| |01 58 45.87|-61 34 11.7| 2.86| |G|029.69113269|-61.56992444|+|  45.74|  262.54|   26.88|  2.13|  1.63|  0.55|  0.44|  0.50|-0.51|-0.07| 0.01| 0.03| 0.10| 0.10| 0.11|-0.04|-0.10|-0.05|  1|-1.33|  9236| 3.223|0.002| 2.892|0.002| | 0.290|0.012|G|0.34|0.02|A| | 2.9305|0.0003|0.003|120| | 2.92| 2.94|       |C| | |          | |  | 1|O| | |  |   |       |     |     |    |S| | | 12311|          |          |P-62   162|0.34|F0V         |X 
H|        9487|H|02 02 02.80|+02 45 49.5| 3.82|1|G|030.51166929|+02.76376048|A|  23.45|   33.29|   -0.42|  1.03|  0.88|  1.06|  1.34|  0.99| 0.33|-0.11|-0.13|-0.41|-0.04| 0.31|-0.08|-0.49| 0.33| 0.53|  8| 1.43|  9487| 3.729|0.011| 3.673|0.011|*| 0.024|0.023|G|0.05|0.02|A|*| 3.8281|0.0009|0.007| 71|*| 3.82| 3.84|   0.75|P|1|A|02020+0246|I| 1| 2|C| |A|AB|279|  1.876|0.003| 1.11|0.01|S| |P| 12446|B+02  317 |          |          |0.05|A2          |S 
H|        9640|H|02 03 53.92|+42 19 47.5| 2.10| |H|030.97466283|+42.32984832|A|   9.19|   43.08|  -50.85|  0.70|  0.56|  0.73|  0.66|  0.58| 0.07| 0.24|-0.06|-0.23| 0.02| 0.11| 0.06|-0.28| 0.05| 0.26|  9| 2.21|  9640| 4.006|0.006| 2.330|0.004|A| 1.370|0.400|G|1.37|0.01|L|*| 2.2409|0.0018|0.012| 81|*| 2.23| 2.27|       |D| | |02039+4220|I| 1| 2|C| |A|AB| 63|  9.576|0.011| 2.69|0.05|S| |W| 12533|B+41  395 |          |          |1.37|B8V         |X 
H|        9884| |02 07 10.29|+23 27 46.0| 2.01| |G|031.79285757|+23.46277743| |  49.48|  190.73| -145.77|  0.77|  0.58|  0.99|  1.01|  0.77| 0.20| 0.26|-0.25|-0.01| 0.00| 0.02| 0.10|-0.35| 0.29| 0.33|  0| 0.85|  9884| 3.524|0.003| 2.152|0.004| | 1.151|0.006|G|1.13|0.00|G| | 2.1726|0.0007|0.004| 58| | 2.17| 2.19|       | | | |          | |  | 1| | | |  |   |       |     |     |    |S| | | 12929|B+22  306 |          |          |1.13|K2III       |X 
H|       10064| |02 09 32.52|+34 59 14.6| 3.00| |G|032.38550383|+34.98739204|+|  26.24|  148.78|  -39.13|  0.68|  0.54|  0.77|  0.81|  0.77| 0.09| 0.17| 0.08| 0.04| 0.05|-0.09|-0.20| 0.03| 0.10| 0.32|  0|-0.10| 10064| 3.212|0.003| 3.039|0.003| | 0.140|0.002|G|0.17|0.03|C| | 3.0626|0.0005|0.003| 80| | 3.06| 3.07|       |C| | |          | |  | 1|O| | |  |   |       |     |     |    |S| | | 13161|B+34  381 |          |          |0.17|A5III       |X 
H|       10324| |02 13 00.01|+08 50 48.3| 4.36| |G|033.25004577|+08.84675230|+|   9.01|  -26.23|  -14.40|  1.50|  2.05|  1.28|  3.57|  3.57| 0.48| 0.03|-0.51|-0.61|-0.87| 0.33|-0.54|-0.83| 0.42| 0.83|  0| 0.52| 10324| 5.488|0.003| 4.466|0.002| | 0.878|0.024|G|0.90|0.02|A| | 4.5172|0.0007|0.004| 60| | 4.51| 4.52|       |C| | |          | |  | 1|O| | |  |   |       |     |     |    |S| | | 13611|B+08  345 |          |          |0.90|G8II:       |X 
H|       10602| |02 16 30.50|-51 30 43.6| 3.56| |H|034.12708452|-51.51211145| |  21.06|   90.75|  -21.90|  0.44|  0.51|  0.61|  0.54|  0.54|-0.16| 0.15|-0.29| 0.12| 0.13|-0.14| 0.10|-0.04|-0.09| 0.04|  0| 0.53| 10602| 3.424|0.002| 3.535|0.002| |-0.120|0.005|G|-.11|0.02|A| | 3.5211|0.0004|0.004|109| | 3.52| 3.53|       | | | |02165-5131|I| 1| 1| | | |  |   |       |     |     |    |S| | | 14228|          |          |P-52   285|-.11|B8IV-V      |X 
H|       10670| |02 17 18.84|+33 50 50.4| 4.03| |H|034.32848216|+33.84732099| |  27.73|   44.91|  -52.42|  0.65|  0.53|  0.84|  0.85|  0.76| 0.21| 0.18|-0.22| 0.17| 0.00|-0.02| 0.04|-0.23| 0.18| 0.28|  0|-1.33| 10670| 4.040|0.003| 4.009|0.002| | 0.019|0.003|G|-.02|0.05|D| | 4.0211|0.0004|0.003| 91| | 4.02| 4.03|       | | | |          | |  | 1| | | |  |   |       |     |     |    |S| | | 14055|B+33  397 |          |          |-.02|A1Vnn       |X 
H|       10826| |02 19 20.79|-02 58 37.4| 6.47|3|H|034.83661103|-02.97706055| |   7.79|   10.33| -239.48|  0.85|  0.70|  1.07|  1.08|  0.89| 0.35|-0.31|-0.32|-0.32|-0.09| 0.38|-0.04|-0.43| 0.32| 0.52|  0| 1.80| 10826| 7.758|0.258| 6.642|0.256| | 0.966|0.299|T|5.71|0.39|O| | 4.9898|0.2820|1.303| 82| | 3.39| 7.03| 333.80|P|1|B|02194-0258|I| 1| 1| | |S|  |   |       |     |     |    |S| |P| 14386|B-03  353 |          |          |4.61|M5e-M9e     |G 
H|       11001| |02 21 45.02|-68 39 33.9| 4.08| |G|035.43759585|-68.65942390| |  24.10|  -50.07|    2.38|  0.44|  0.47|  0.51|  0.56|  0.56| 0.09| 0.05|-0.22| 0.16| 0.14|-0.16| 0.13| 0.08|-0.14| 0.34|  0| 0.76| 11001| 4.134|0.002| 4.085|0.002| | 0.034|0.006|G|0.04|0.02|A| | 4.0980|0.0004|0.004|108| | 4.09| 4.11|       | | | |          | |  | 1| | | |  |   |       |     |     |    |S| | | 15008|          |          |P-69   113|0.04|A3V         |X 
H|       11345| |02 25 57.01|-12 17 25.6| 4.88| |H|036.48755111|-12.29045200| |   6.17|  -11.71|  -11.37|  0.69|  0.54|  0.87|  0.80|  0.55|-0.04| 0.43|-0.33|-0.19| 0.36|-0.35| 0.25|-0.07| 0.04| 0.02|  0| 0.88| 11345| 4.841|0.003| 4.867|0.003| |-0.027|0.012|G|-.01|0.02|A| | 4.8772|0.0006|0.004| 68| | 4.87| 4.88|       |C| | |          | |  | 1| | | |  |   |       |     |     |    |S| | | 15130|B-12  451 |          |          |-.01|A0V         |4 
H|       11407| |02 26 59.10|-47 42 13.8| 4.24|1|T|036.74627081|-47.70382692| |   6.17|   19.97|   -5.44|  0.46|  0.49|  0.60|  0.51|  0.48|-0.21| 0.19|-0.25|-0.15| 0.17|-0.10| 0.19|-0.32| 0.04| 0.12|  0|-0.64| 11407| 4.073|0.003| 4.221|0.002| |-0.136|0.012|G|-.11|0.02|A| | 4.2002|0.0017|0.015|112| | 4.17| 4.22|       |U|2| |          | |  | 1| | | |  |   |       |     |     |    |S| | | 15371|          |C-48   637|P-48   278|-.11|B5IV        |X 
H|       11484| |02 28 09.52|+08 27 36.3| 4.30| |H|037.03965786|+08.46008870| |  18.53|   41.72|  -14.46|  1.63|  1.15|  1.75|  2.05|  1.40| 0.19| 0.14|-0.13| 0.22|-0.01|-0.09|-0.07|-0.22| 0.09| 0.06|  3|     | 11484| 4.232|0.003| 4.273|0.003| |-0.053|0.003|G|-.06|0.02|A| | 4.2725|0.0006|0.004| 69| | 4.27| 4.28|       | | | |          | |  | 1|X| | |  |   |       |     |     |    |S| | | 15318|B+07  388 |          |          |-.06|B9III       |X 
H|       11767| |02 31 47.08|+89 15 50.9| 1.97|1|H|037.94614689|+89.26413805| |   7.56|   44.22|  -11.74|  0.39|  0.45|  0.48|  0.47|  0.55|-0.16| 0.05| 0.27|-0.01| 0.08| 0.05| 0.04|-0.12|-0.09|-0.36|  1| 1.22| 11767| 2.756|0.003| 2.067|0.003| | 0.636|0.003|T|0.70|0.00|L| | 2.1077|0.0021|0.014|102| | 2.09| 2.13|   3.97|P|1|A|02319+8915|I| 1| 1| | | |  |   |       |     |     |    |S| |P|  8890|B+88    8 |          |          |0.68|F7:Ib-IIv SB|G 
H|       11783| |02 32 05.28|-15 14 39.6| 4.74| |H|038.02198846|-15.24431990| |  38.73|  -80.92| -146.84|  0.58|  0.57|  0.87|  0.69|  0.64| 0.42| 0.20|-0.05| 0.31|-0.01| 0.16|-0.03|-0.01|-0.20| 0.41|  4| 1.21| 11783| 5.266|0.003| 4.788|0.002| | 0.454|0.012|G|0.55|0.02|A| | 4.8432|0.0004|0.004| 97| | 4.84| 4.85|       |C| | |          | |  | 1| | | |  |   |       |     |     |    |S| | | 15798|B-15  449 |          |          |0.55|F5V         |4 
H|       12093| |02 35 52.49|+05 35 35.9| 4.87| |G|038.96870420|+05.59330163| |   8.77|  -28.89|  -22.76|  0.83|  0.69|  1.11|  0.97|  0.93| 0.21| 0.23|-0.45| 0.12|-0.05|-0.04| 0.06|-0.45| 0.39| 0.38|  2| 0.70| 12093| 5.982|0.003| 4.971|0.002| | 0.880|0.003|G|0.89|0.02|A| | 5.0189|0.0005|0.005| 75| | 5.01| 5.03|       |C| | |02359+0536|I| 1| 1| | | |  |   |       |     |     |    |S| | | 16161|B+04  418 |          |          |0.89|G8III       |X 
H|       12191| |02 37 01.94|+42 03 45.8| 7.28| |G|039.25808932|+42.06273007| |  16.71|  -38.74|  -39.91|  0.76|  0.45|  0.97|  0.89|  0.80| 0.00| 0.25|-0.19| 0.05|-0.05|-0.02| 0.02|-0.31| 0.31| 0.05|  0| 1.12| 12191| 8.050|0.007| 7.340|0.006| | 0.656|0.015|G|0.72|0.01|H| | 7.4156|0.0011|0.011|139| | 7.39| 7.43|       |C| | |          | |  | 1| | | |  |   |       |     |     |    |S| | | 16175|B+41  496 |          |          |0.72|G0          |S 
H|       12387| |02 39 28.95|+00 19 42.7| 4.08|1|G|039.87061789|+00.32851680| |   5.04|   14.44|   -2.53|  0.81|  0.53|  0.83|  0.94|  0.66| 0.29| 0.12|-0.09| 0.39| 0.30|-0.20| 0.28| 0.08|-0.01| 0.23|  0| 0.33| 12387| 3.800|0.003| 4.039|0.003| |-0.212|0.009|G|-.22|0.02|A| | 4.0081|0.0014|0.011| 76| | 3.99| 4.02|   0.16|P|1|A|          | |  | 1| | | |  |   |       |     |     |    |S| |P| 16582|B-00  406 |          |          |-.22|B2IV        |X 
H|       12390|H|02 39 33.73|-11 52 17.7| 4.83| |G|039.89054885|-11.87158159|*|  36.99|  172.01| -236.31|  1.65|  1.43|  1.76|  1.55|  1.31| 0.21|-0.19|-0.44|-0.69|-0.10| 0.06|-0.11|-0.66| 0.22| 0.34| 17| 2.01| 12390| 5.346|0.004| 4.874|0.003|*| 0.447|0.017|G|0.53|0.02|A|*| 4.9262|0.0008|0.005| 68|*| 4.91| 4.93|       |D| | |02396-1152|I| 1| 2|C| |B|AB|329|  0.128|0.018| 1.29|0.58|S| | | 16620|B-12  501 |          |          |0.53|F5V         |4 
H|       12394| |02 39 35.22|-68 16 01.0| 4.12| |H|039.89676530|-68.26694760| |  21.27|   87.40|    0.56|  0.40|  0.50|  0.50|  0.42|  0.50| 0.04| 0.10|-0.36|-0.02| 0.13|-0.01| 0.15|-0.08|-0.03| 0.24|  1|-0.59| 12394| 4.047|0.002| 4.101|0.002| |-0.061|0.006|G|-.07|0.02|A| | 4.0933|0.0005|0.004|103| | 4.09| 4.10|       |C| | |          | |  | 1| | | |  |   |       |     |     |    |S| | | 16978|          |          |P-68   161|-.07|B9III       |X 
H|       12413| |02 39 47.92|-42 53 29.9| 4.74| |G|039.94966387|-42.89163328| |  25.15|   92.11|  -15.07|  0.54|  0.47|  0.61|  0.86|  0.58|-0.04| 0.07|-0.02|-0.38|-0.10| 0.06|-0.17| 0.01|-0.14| 0.15|  0|-0.22| 12413|      |     |      |     | | 0.061|0.003|G|0.09|0.01|A| | 4.7613|0.0007|0.007|131| | 4.75| 4.77|       | | | |02398-4254|I| 1| 1|G| | |  |   |       |     |     |    |S| | | 16754|          |C-43   814|P-43   277|0.09|A2V         |2 
H|       12484| |02 40 39.58|-54 32 59.7| 5.21| |H|040.16491631|-54.54992422| |  20.49|   32.76|    5.24|  0.44|  0.50|  0.56|  0.57|  0.61|-0.14| 0.02|-0.26| 0.03| 0.19|-0.18| 0.17|-0.12|-0.03| 0.03|  0| 2.35| 12484| 5.693|0.003| 5.266|0.003| | 0.411|0.003|G|0.48|0.00|H| | 5.3052|0.0006|0.005|103| | 5.30| 5.32|       | | | |          | |  | 1| | | |  |   |       |     |     |    |S| | | 16920|          |          |P-55   446|0.48|F4IV        |X 
H|       12486| |02 40 39.93|-39 51 19.1| 4.11| |G|040.16638213|-39.85530905| |  22.42|  135.17|  -27.34|  0.39|  0.44|  0.57|  0.46|  0.49|-0.19|-0.09| 0.02| 0.04| 0.09| 0.10| 0.09| 0.05|-0.13|-0.13|  0|-2.53| 12486| 5.400|0.003| 4.229|0.002| | 1.006|0.037|G|1.05|0.02|A| | 4.2751|0.0006|0.006|148| | 4.27| 4.29|       | | | |          | |  | 1| | | |  |   |       |     |     |    |S| | | 16815|          |C-40   689|P-40   224|1.05|K0III       |X 
H|       12706|H|02 43 18.12|+03 14 10.2| 3.47| |G|040.82551897|+03.23617162|A|  39.78| -146.43| -145.27|  1.04|  0.83|  0.95|  1.05|  0.95|-0.08| 0.21|-0.16| 0.14| 0.09|-0.11| 0.07| 0.30| 0.04|-0.10|  2| 1.65| 12706| 3.598|0.007| 3.460|0.005|*| 0.093|0.004|G|0.10|0.02|A|*| 3.5001|0.0007|0.003| 45|*| 3.49| 3.51|       |C| | |02433+0314|I| 1| 2|C| |A|AB|298|  2.597|0.027| 3.07|0.12|S| | | 16970|B+02  422 |          |          |0.10|A3V         |X 
H|       12770| |02 44 07.35|-13 51 31.2| 4.24| |H|041.03064356|-13.85867594| |   7.40|   -7.58|   -8.40|  0.68|  0.56|  0.85|  0.83|  0.64| 0.12| 0.32|-0.22|-0.05| 0.33|-0.26| 0.24| 0.08|-0.06| 0.24|  2|-1.45| 12770| 4.092|0.003| 4.223|0.003| |-0.122|0.014|G|-.11|0.02|A| | 4.2067|0.0005|0.006| 74| | 4.20| 4.22|       | | | |          | |  | 1| | | |  |   |       |     |     |    |S| | | 17081|B-14  519 |          |          |-.11|B7IV        |4 
H|       12828| |02 44 56.37|+10 06 51.2| 4.27| |G|041.23488901|+10.11421979| |  38.71|  285.17|  -30.40|  0.85|  0.89|  1.31|  0.93|  0.98| 0.06| 0.28|-0.62| 0.27|-0.01|-0.10| 0.01|-0.23| 0.28| 0.38|  0| 0.68| 12828| 4.641|0.004| 4.306|0.004| | 0.311|0.009|G|0.37|0.02|A| | 4.3439|0.0014|0.006| 42| | 4.34| 4.35|       | | | |          | |  | 1| | | |  |   |       |     |     |    |S| | | 17094|B+09  359 |          |          |0.37|F1III-IV    |X 
H|       12843| |02 45 05.98|-18 34 21.5| 4.47| |G|041.27492276|-18.57265077| |  71.56|  330.93|   36.28|  0.54|  0.58|  0.76|  0.64|  0.66| 0.37| 0.08|-0.18| 0.06|-0.08| 0.03|-0.06|-0.04|-0.13| 0.42|  2| 3.90| 12843| 5.037|0.003| 4.522|0.003| | 0.481|0.012|G|0.54|0.02|A| | 4.5718|0.0006|0.005| 87| | 4.56| 4.58|       | | | |          | |  | 1|G| | |  |   |       |     |     |    |S| | | 17206|B-19  518 |          |          |0.54|F5/F6V      |4 
H|       12961| |02 46 42.70|-23 05 13.0|10.25| |G|041.67791744|-23.08695475| |  42.01|  292.67|  141.42|  1.29|  1.09|  1.58|  1.46|  1.11| 0.20| 0.08| 0.03| 0.36| 0.05| 0.19| 0.06| 0.21|-0.21| 0.27|  4| 1.03| 12961|12.062|0.140|10.509|0.053| | 1.389|0.018|G|1.64|0.03|I| |10.3493|0.0028|0.025| 90| |10.31|10.39|       | | | |          | |  | 1| | | |  |   |       |     |     |    | | | |      |          |C-23  1056|          |1.64|M0          |S 
H|       13061| |02 47 54.44|+29 14 50.7| 4.52| |H|041.97683942|+29.24742385| |  18.06|  148.42| -125.76|  0.71|  0.49|  0.84|  0.89|  0.76| 0.24| 0.28|-0.16| 0.07| 0.18|-0.17| 0.20| 0.06| 0.10| 0.21|  2| 0.19| 13061| 5.955|0.004| 4.642|0.002| | 1.112|0.002|G|1.04|0.03|G| | 4.6868|0.0004|0.003| 87| | 4.68| 4.69|       | | | |          | |  | 1| | | |  |   |       |     |     |    |S| | | 17361|B+28  462 |          |          |1.04|K1III       |X 
H|       13147| |02 49 05.36|-32 24 22.6| 4.45| |G|042.27233113|-32.40628403| |  19.31|   86.96|  158.96|  0.35|  0.50|  0.67|  0.48|  0.57|-0.02|-0.05|-0.29| 0.01|-0.16| 0.14|-0.10|-0.04|-0.02| 0.11|  0|-0.26| 13147| 5.703|0.002| 4.567|0.002| | 0.981|0.002|G|1.00|0.02|A| | 4.6193|0.0004|0.005|196| | 4.61| 4.64|       | | | |02491-3224|I| 1| 1| | | |  |   |       |     |     |    |S| | | 17652|          |C-32  1025|P-32   302|1.00|G8III       |3 
H|       13192| |02 49 44.32|+71 45 11.9| 8.17| |H|042.43465843|+71.75331104| |  12.78|   91.00|  -32.45|  0.60|  0.68|  0.90|  0.62|  0.77|-0.28| 0.22|-0.07|-0.03|-0.05| 0.21|-0.06| 0.20|-0.05|-0.24|  0|-1.35| 13192| 8.931|0.011| 8.234|0.010| | 0.643|0.012|T|0.71|0.01|L| | 8.3063|0.0013|0.015|138| | 8.29| 8.34|       |C| | |          | |  | 1| | | |  |   |       |     |     |    | | | | 17156|B+71  171 |          |          |0.66|G5          |S 
H|       13209| |02 49 58.99|+27 15 38.8| 3.61| |G|042.49578911|+27.26079044| |  20.45|   65.47| -116.59|  0.74|  0.49|  0.79|  1.00|  0.68| 0.26| 0.12| 0.03|-0.10| 0.13| 0.07| 0.17|-0.01|-0.03|-0.18|  0| 0.56| 13209| 3.489|0.002| 3.596|0.003| |-0.100|0.000|G|-.08|0.00|H| | 3.5831|0.0006|0.004| 62| | 3.58| 3.59|       | | | |02499+2715|I| 1| 1| | | |  |   |       |     |     |    |S| | | 17573|B+26  471 |          |          |-.08|B8Vn        |X 
H|       13254| |02 50 34.91|+38 19 08.1| 4.22| |H|042.64547584|+38.31890838| |  25.54|  195.68| -108.92|  0.68|  0.58|  0.77|  0.79|  0.72| 0.11| 0.08|-0.11| 0.20| 0.11|-0.12| 0.09| 0.30|-0.19| 0.09|  0| 0.05| 13254| 4.648|0.003| 4.262|0.003| | 0.343|0.007|G|0.41|0.03|C| | 4.3081|0.0006|0.004| 60| | 4.30| 4.32|       | | | |02506+3818|I| 1| 1| | | |  |   |       |     |     |    |S| | | 17584|B+37  646 |          |          |0.41|F2III       |X 
H|       13268| |02 50 41.79|+55 53 43.9| 3.77|1|G|042.67413655|+55.89552955| |   2.45|   16.64|  -13.76|  0.54|  0.52|  0.75|  0.74|  0.66| 0.00| 0.34| 0.04| 0.36|-0.08| 0.31|-0.12| 0.17|-0.04|-0.22|  0| 0.02| 13268| 5.932|0.007| 3.952|0.003| | 1.690|0.007|G|1.64|0.03|C| | 3.8960|0.0011|0.008| 76| | 3.88| 3.91|       |U|2| |02506+5553|I| 1| 1| | | |  |   |       |     |     |    |S| | | 17506|B+55  714 |          |          |1.64|K3Ib comp SB|G 
H|       13288| |02 51 02.35|-21 00 14.3| 4.76| |G|042.75977464|-21.00397890| |  17.85|  -39.00|  -16.63|  0.47|  0.46|  0.69|  0.48|  0.50| 0.23| 0.14| 0.02| 0.38|-0.14| 0.20|-0.09| 0.01| 0.05| 0.43|  0| 1.17| 13288| 5.927|0.003| 4.873|0.002| | 0.906|0.009|G|0.91|0.02|A| | 4.9284|0.0006|0.005|110| | 4.92| 4.94|       | | | |02510-2100|I| 1| 1| | | |  |   |       |     |     |    |S| | | 17824|B-21  509 |          |          |0.91|K0III       |4 
H|       13701| |02 56 25.60|-08 53 51.4| 3.89| |G|044.10668245|-08.89760976| |  24.49|   77.73| -219.99|  0.59|  0.52|  0.72|  0.66|  0.63| 0.42| 0.06| 0.02| 0.12| 0.23|-0.18| 0.26| 0.00|-0.02| 0.44|  0| 0.88| 13701| 5.299|0.003| 4.021|0.002| | 1.088|0.025|G|1.08|0.02|A| | 4.0583|0.0004|0.005|112| | 4.05| 4.07|       | | | |          | |  | 1| | | |  |   |       |     |     |    |S| | | 18322|B-09  553 |          |          |1.08|K1III-IV    |X 
H|       13847|H|02 58 15.72|-40 18 17.0| 2.88| |H|044.56548180|-40.30473491|A|  20.22|  -53.53|   25.71|  0.49|  0.52|  0.54|  0.49|  0.56|-0.12| 0.16|-0.07|-0.16|-0.07| 0.11|-0.04|-0.10| 0.04|-0.02|  9| 1.58| 13847| 3.052|0.002| 2.898|0.002|*| 0.128|0.012|G|0.17|0.02|A|*| 2.9378|0.0011|0.009|135|*| 2.93| 2.96|       |D| | |02583-4018|I| 1| 2|C| |A|AB| 90|  8.310|0.003| 1.09|0.01|S| | | 18622|          |C-40   771|P-40   253|0.17|A4III+...   |S 
H|       13954| |02 59 42.90|+08 54 26.6| 4.71| |H|044.92873469|+08.90740111| |   7.69|    9.22|  -14.92|  0.70|  0.46|  0.76|  0.77|  0.59| 0.40| 0.17|-0.12| 0.37| 0.12|-0.23| 0.04|-0.12| 0.08| 0.30|  0| 0.22| 13954| 4.569|0.002| 4.690|0.002| |-0.109|0.006|G|-.09|0.02|A| | 4.6767|0.0004|0.005|114| | 4.67| 4.68|       | | | |          | |  | 1| | | |  |   |       |     |     |    |S| | | 18604|B+08  455 |          |          |-.09|B6III       |X 
H|       13993| |03 00 10.67|-20 48 09.2| 7.81| |H|045.04445286|-20.80254974| |   7.82|  -18.14|  -22.20|  0.69|  0.61|  1.06|  0.94|  0.92| 0.04| 0.29|-0.18| 0.26|-0.12| 0.25| 0.03|-0.12|-0.02| 0.43|  0|-1.21| 13993| 8.977|0.013| 7.905|0.009| | 0.936|0.015|G|0.93|0.01|H| | 7.9706|0.0013|0.012|115| | 7.95| 7.99|       |C| | |          | |  | 1| | | |  |   |       |     |     |    |S| | | 18742|B-21  533 |          |          |0.93|G8/K0IV     |4 
H|       14135| |03 02 16.78|+04 05 23.7| 2.54|1|H|045.56991279|+04.08992539| |  14.82|  -11.81|  -78.76|  0.77|  0.58|  0.83|  0.87|  0.65| 0.30| 0.27|-0.05| 0.37| 0.20|-0.16| 0.09| 0.14|-0.22| 0.27|  0| 2.33| 14135| 4.688|0.005| 2.736|0.004| | 1.630|0.040|G|1.97|0.02|A| | 2.6196|0.0033|0.012| 41| | 2.60| 2.64|       |U|2| |          | |  | 1| | |S|  |   |       |     |     |    |S| |P| 18884|B+03  419 |          |          |1.97|M2III       |X 
H|       14146| |03 02 23.59|-23 37 27.6| 4.08| |G|045.59830468|-23.62433613| |  37.85| -145.96|  -55.76|  0.51|  0.47|  0.69|  0.54|  0.55| 0.14| 0.22| 0.01| 0.32| 0.13| 0.02| 0.08| 0.18|-0.29| 0.27|  0| 0.52| 14146| 4.301|0.002| 4.113|0.002| | 0.163|0.004|G|0.18|0.02|A| | 4.1328|0.0004|0.003|107| | 4.13| 4.14|       |C| | |          | |  | 1| | | |  |   |       |     |     |    |S| | | 18978|          |C-24  1387|P-24   358|0.18|A4V         |4 
H|       14240| |03 03 36.90|-59 44 15.4| 5.12| |H|045.90376552|-59.73761994| |  23.67|  -72.81|  -63.89|  0.41|  0.45|  0.48|  0.43|  0.53|-0.09| 0.12|-0.02|-0.07|-0.08| 0.12|-0.09|-0.03|-0.02|-0.08|  0|-0.81| 14240| 5.529|0.003| 5.161|0.002| | 0.349|0.003|T|0.41|0.00|L| | 5.2077|0.0008|0.007|114| | 5.20| 5.22|       | | | |          | |  | 1| | | |  |   |       |     |     |    |S| | | 19319|          |          |P-60   236|0.40|F0IV        |X 
H|       14328| |03 04 47.79|+53 30 23.2| 2.91| |H|046.19912598|+53.50645031|+|  12.72|    0.50|   -4.19|  0.54|  0.52|  0.71|  0.74|  0.81| 0.16| 0.07|-0.05| 0.13|-0.10| 0.11|-0.06| 0.16| 0.07|-0.11|  0| 1.10| 14328| 3.807|0.002| 3.018|0.002| | 0.716|0.002|T|0.77|0.00|L| | 3.0586|0.0005|0.004| 61| | 3.05| 3.07|       | | | |03048+5331|I| 1| 1|O| | |  |   |       |     |     |    |S| | | 18925|B+52  654 |          |          |0.76|G8III+...   |X 
H|       14354| |03 05 10.50|+38 50 25.9| 3.32|2|H|046.29373754|+38.84053298| |  10.03|  128.69| -106.61|  0.65|  0.57|  0.83|  0.68|  0.63| 0.09| 0.39|-0.25| 0.00|-0.08|-0.07|-0.04|-0.01| 0.13| 0.12|  0| 2.45| 14354| 5.382|0.008| 3.583|0.009| | 1.528|0.010|T|2.76|0.06|O| | 3.2889|0.0195|0.055| 52| | 3.23| 3.43|       |U|2| |          | |  | 1| | |S|  |   |       |     |     |    |S| |P| 19058|B+38  630 |          |          |2.74|M3IIIvar    |X 
H|       14576| |03 08 10.13|+40 57 20.3| 2.09|3|H|047.04220716|+40.95565120|+|  35.14|    2.39|   -1.44|  0.71|  0.58|  0.90|  0.77|  0.88| 0.50|-0.22|-0.27|-0.37|-0.18| 0.45| 0.05| 0.01|-0.06| 0.41|  6|-1.29| 14576| 2.100|0.003| 2.105|0.004| |-0.003|0.004|T|0.02|0.00|L| | 2.0970|0.0020|0.014| 70| | 2.08| 2.22|       |P|1|A|03082+4057|I| 1| 1|O| | |  |   |       |     |     |    |S| |W| 19356|B+40  673 |          |          |0.04|B8V         |X 
H|       14668| |03 09 29.63|+44 51 28.4| 3.79| |H|047.37345463|+44.85788896| |  29.05|  173.01| -142.05|  0.52|  0.48|  0.66|  0.55|  0.62| 0.30| 0.26|-0.12| 0.10| 0.14| 0.12| 0.12| 0.32|-0.07| 0.38|  0| 1.98| 14668| 5.050|0.003| 3.901|0.002| | 0.980|0.002|G|0.94|0.02|G| | 3.9564|0.0005|0.004| 91| | 3.95| 3.96|       |C| | |03095+4451|I| 1| 1| | |S|  |   |       |     |     |    |S| | | 19476|B+44  631 |          |          |0.94|K0III       |X 
H|       14838| |03 11 37.67|+19 43 36.1| 4.35| |H|047.90695691|+19.72669777| |  19.44|  154.61|   -8.39|  0.87|  0.68|  1.23|  1.09|  1.18| 0.39| 0.35|-0.30| 0.32| 0.08| 0.17| 0.30|-0.08| 0.54| 0.56|  0| 0.24| 14838| 5.665|0.004| 4.459|0.003| | 1.033|0.005|G|0.96|0.01|G| | 4.5117|0.0007|0.004| 64| | 4.51| 4.52|       | | | |          | |  | 1| | |S|  |   |       |     |     |    |S| | | 19787|B+19  477 |          |          |0.96|K2IIIvar    |X 
H|       14879|H|03 12 04.28|-28 59 20.8| 3.80| |G|048.01783332|-28.98910623|A|  70.86|  371.49|  612.26|  0.54|  0.56|  0.67|  0.47|  0.63| 0.09| 0.10| 0.08|-0.37|-0.12|-0.04|-0.19|-0.03| 0.04| 0.28|  3|-0.05| 14879| 4.522|0.005| 3.975|0.004|A| 0.543|0.015|G|0.63|0.02|A|*| 3.9821|0.0005|0.007|163|*| 3.97| 4.01|       |D| | |03121-2859|I| 1| 2|C| |A|AB|298|  4.461|0.014| 3.15|0.05|S| | | 20010|          |C-29  1177|P-29   362|0.63|F8V         |3 
H|       15197| |03 15 50.03|-08 49 11.4| 4.80| |G|048.95844499|-08.81984050| |  27.18|   -3.82|   45.52|  0.76|  0.43|  0.97|  1.26|  0.83|-0.20| 0.01|-0.04|-0.04| 0.01| 0.51| 0.13|-0.42| 0.26| 0.16|  0|-0.12| 15197| 5.086|0.002| 4.834|0.002| | 0.232|0.005|G|0.28|0.02|A| | 4.8647|0.0005|0.005|146| | 4.86| 4.87|       |C| | |          | |  | 1| | | |  |   |       |     |     |    |S| | | 20320|B-09  624 |          |          |0.28|A5m         |X 
H|       15474| |03 19 30.97|-21 45 28.6| 3.70|2|H|049.87904033|-21.75794210|*|  12.63|   51.35|   32.20|  0.83|  0.88|  0.89|  0.77|  0.87|-0.17| 0.22|-0.11| 0.07|-0.10| 0.16|-0.03|-0.22| 0.20| 0.31|  0| 0.71| 15474| 5.783|0.004| 3.920|0.003| | 1.614|0.002|G|2.42|0.02|A| | 3.7303|0.0024|0.022|111| | 3.69| 3.76|       |U|2| |03195-2146|I| 1| 1|V| | |  |   |       |     |     |    |S| |P| 20720|B-22  584 |C-22  1154|          |2.42|M3/M4III    |4 
H|       15510| |03 19 53.22|-43 04 17.6| 4.26| |G|049.97177014|-43.07154929| | 165.02| 3038.08|  726.34|  0.44|  0.45|  0.55|  0.51|  0.52|-0.07|-0.02|-0.14|-0.01| 0.13|-0.12| 0.11| 0.00|-0.16| 0.15|  0|-0.43| 15510|      |     |      |     | | 0.711|0.005|G|0.79|0.02|A| | 4.3950|0.0004|0.005|124| | 4.39| 4.41|       |C| | |          | |  | 1| | | |  |   |       |     |     |    |S| | | 20794|          |C-43  1028|P-43   354|0.79|G8V         |X 
H|       15578| |03 20 42.49|-33 43 49.2| 9.92| |H|050.17703444|-33.73033714| |  22.47|  293.78|   95.99|  0.86|  0.98|  1.44|  0.99|  1.12|-0.08| 0.07| 0.14|-0.05| 0.00| 0.11|-0.03|-0.03|-0.08| 0.00|  0|-0.07| 15578|11.395|0.061|10.065|0.028| | 1.037|0.005|G|1.09|0.01|I| |10.0876|0.0025|0.032|184| |10.01|10.14|       | | | |          | |  | 1| | | |  |   |       |     |     |    | | | | 20868|          |C-34  1218|P-34   338|1.09|K3/K4IV     |3 
H|       15863| |03 24 19.35|+49 51 40.5| 1.79|1|G|051.08061889|+49.86124281| |   5.51|   24.11|  -26.01|  0.54|  0.49|  0.66|  0.46|  0.57| 0.29| 0.41|-0.12|-0.01| 0.12| 0.08| 0.02| 0.30|-0.12| 0.50|  0|-0.18| 15863| 2.418|0.002| 1.866|0.004| | 0.481|0.004|G|0.63|0.04|G| | 1.8972|0.0008|0.005| 76| | 1.89| 1.91|       |M| | |03243+4951|I| 1| 1| | | |  |   |       |     |     |    |S| |P| 20902|B+49  917 |          |          |0.63|F5Ib        |X 
H|       15900| |03 24 48.84|+09 01 44.6| 3.61| |H|051.20349011|+09.02906504| |  15.42|  -74.25|  -80.31|  1.49|  1.51|  1.28|  3.08|  3.54| 0.54| 0.14|-0.33|-0.09|-0.71| 0.21|-0.75|-0.75| 0.11| 0.53|  0| 1.98| 15900| 4.743|0.004| 3.711|0.003| | 0.887|0.019|G|0.90|0.02|A| | 3.7700|0.0006|0.004| 71| | 3.76| 3.78|       |C| | |          | |  | 1|G| | |  |   |       |     |     |    |S| | | 21120|B+08  511 |          |          |0.90|G8III       |X 
H|       16228|H|03 29 04.13|+59 56 25.2| 4.21|1|G|052.26722684|+59.94033461|A|   0.76|   -0.82|   -1.85|  0.75|  0.70|  0.89|  0.71|  0.82|-0.20| 0.37|-0.27| 0.09|-0.20| 0.22|-0.12|-0.02|-0.01|-0.08|  4| 0.47| 16228| 4.693|0.003| 4.295|0.003|A| 0.419|0.040|G|0.58|0.03|C|*| 4.3087|0.0023|0.024|118|*| 4.28| 4.34|  26.76|P|1|A|03291+5956|I| 1| 2|C| |D|AB|164|  2.323|0.033| 3.89|0.21|S| |D| 21291|B+59  660 |          |          |0.58|B9Ia        |X 
H|       16537| |03 32 56.42|-09 27 29.9| 3.72|1|H|053.23509009|-09.45830584| | 310.75| -976.44|   17.97|  0.77|  0.60|  0.85|  0.98|  0.91| 0.18| 0.14|-0.22| 0.10|-0.20| 0.03|-0.16|-0.33| 0.00| 0.33|  0| 0.88| 16537| 4.859|0.004| 3.827|0.003| | 0.881|0.007|G|0.94|0.02|A| | 3.8652|0.0014|0.007| 71| | 3.86| 3.88|       |M| | |03329-0927|I| 1| 1| | | |  |   |       |     |     |    |S| |P| 22049|B-09  697 |          |          |0.94|K2V         |X 
H|       16611| |03 33 47.25|-21 37 58.1| 4.26| |G|053.44686638|-21.63281597| |  11.02|   44.91|  -27.47|  0.51|  0.49|  0.75|  0.63|  0.65| 0.27| 0.23| 0.05| 0.31| 0.18| 0.15| 0.25| 0.00| 0.10| 0.45|  0|-0.24| 16611| 4.142|0.001| 4.250|0.002| |-0.106|0.008|G|-.09|0.02|A| | 4.2359|0.0003|0.004|125| | 4.23| 4.24|       | | | |          | |  | 1| | | |  |   |       |     |     |    |S| | | 22203|B-22  628 |C-22  1238|P-22   381|-.09|B9V         |4 
H|       17096| |03 39 43.28|-52 54 56.2| 7.12| |G|054.93034384|-52.91561462| |  28.90| -193.62|  -91.92|  0.47|  0.52|  0.56|  0.56|  0.64|-0.02| 0.08|-0.13|-0.07|-0.06| 0.11|-0.05|-0.26| 0.11|-0.08|  0| 0.66| 17096| 7.806|0.007| 7.170|0.007| | 0.583|0.009|G|0.65|0.01|H| | 7.2389|0.0008|0.009|119| | 7.23| 7.25|       |C| | |          | |  | 1| | | |  |   |       |     |     |    |S| | | 23079|          |C-53   738|P-53   594|0.65|F8/G0V      |1 
H|       17358|H|03 42 55.48|+47 47 15.6| 3.01| |G|055.73117540|+47.78765330|A|   6.18|   23.83|  -41.93|  1.45|  1.00|  0.85|  0.68|  0.71| 0.15| 0.03|-0.22|-0.18|-0.10| 0.21|-0.04| 0.08|-0.14| 0.04|  1| 0.46| 17358| 2.877|0.002| 2.997|0.002|*|-0.125|0.011|G|-.07|0.03|C|*| 2.9703|0.0012|0.006| 77|*| 2.96| 2.98|       |D| | |03429+4748|I| 1| 2|C| |A|AC|221|  0.330|0.024| 3.14|0.08|S| | | 22928|B+47  876 |          |          |-.07|B5III SB    |G 
H|       17378| |03 43 14.96|-09 45 54.7| 3.52| |H|055.81231706|-09.76519868| | 110.58|  -91.71|  742.23|  0.74|  0.59|  0.88|  0.98|  0.92| 0.08| 0.19|-0.30| 0.18|-0.18| 0.17|-0.08|-0.14| 0.22| 0.33|  3|-0.82| 17378| 4.708|0.004| 3.631|0.003| | 0.915|0.018|G|0.94|0.02|A| | 3.6796|0.0005|0.005| 60| | 3.67| 3.69|       |C| | |          | |  | 1| | | |  |   |       |     |     |    |S| | | 23249|B-10  728 |          |          |0.94|K0IV        |X 
H|       17440| |03 44 11.55|-64 48 25.5| 3.84| |G|056.04814541|-64.80709398|+|  32.71|  308.39|   78.72|  1.29|  1.20|  0.46|  1.71|  2.03| 0.07| 0.15| 0.04|-0.88|-0.01| 0.01|-0.05|-0.81|-0.13|-0.09|  0| 1.19| 17440| 5.301|0.002| 3.963|0.002| | 1.133|0.004|G|1.11|0.02|A| | 4.0019|0.0005|0.005|137| | 4.00| 4.01|       | | | |03443-6449|I| 2| 1|O| | |  |   |       |     |     |    |S| | | 23817|          |          |P-65   263|1.11|K0IV SB     |G 
H|       17448|H|03 44 19.13|+32 17 17.8| 3.84|1|G|056.07969347|+32.28827325|A|   2.21|    8.11|  -10.32|  0.82|  0.59|  0.84|  0.83|  0.78| 0.24| 0.40|-0.09| 0.08| 0.13| 0.15| 0.23| 0.20| 0.17| 0.29|  2| 1.92| 17448| 3.875|0.003| 3.857|0.003|A| 0.022|0.005|G|0.12|0.04|D|*| 3.8583|0.0027|0.015| 66|*| 3.84| 3.88|   4.42|P|1|A|03443+3217|I| 1| 2|C| |A|AB| 26|  1.019|0.011| 2.91|0.06|S| |W| 23180|B+31  642 |          |          |0.12|B1III       |X 
H|       17489| |03 44 48.20|+24 17 22.5| 5.45| |H|056.20084227|+24.28957712| |   9.75|   20.73|  -44.00|  0.96|  0.56|  1.05|  0.96|  0.74| 0.17| 0.46|-0.20| 0.28| 0.27|-0.11| 0.14| 0.45|-0.21| 0.30|  0|-0.67| 17489| 5.394|0.005| 5.444|0.006| |-0.034|0.016|G|0.01|0.03|C| | 5.4507|0.0007|0.005| 61| | 5.44| 5.46|       |C| | |          | |  | 1| | | |  |   |       |     |     |    |S| | | 23288|B+23  505 |          |          |0.01|B7IV        |X 
H|       17499| |03 44 52.52|+24 06 48.4| 3.72| |H|056.21884811|+24.11344840| |   8.80|   21.55|  -44.92|  0.82|  0.50|  0.89|  0.85|  0.64| 0.20| 0.45| 0.04| 0.19| 0.10|-0.11| 0.09| 0.31|-0.02| 0.15|  0|-1.27| 17499| 3.586|0.003| 3.695|0.002| |-0.105|0.013|G|-.09|0.03|C| | 3.6857|0.0006|0.004| 69| | 3.68| 3.70|       | | | |          | |  | 1| | | |  |   |       |     |     |    |S| | | 23302|B+23  507 |          |          |-.09|B6III       |X 
H|       17531| |03 45 12.48|+24 28 02.6| 4.30| |H|056.30200876|+24.46737879| |   8.75|   19.35|  -41.63|  0.99|  0.60|  1.08|  0.95|  0.76| 0.20| 0.49|-0.20| 0.36| 0.30|-0.18| 0.12| 0.51|-0.22| 0.39|  0|-0.12| 17531| 4.173|0.003| 4.281|0.003| |-0.110|0.006|G|-.08|0.03|C| | 4.2724|0.0006|0.004| 64| | 4.27| 4.28|       | | | |03452+2429|I| 1| 1| | | |  |   |       |     |     |    |S| | | 23338|B+24  547 |          |          |-.08|B6V         |X 
H|       17573| |03 45 49.59|+24 22 04.3| 3.87| |H|056.45663804|+24.36785796| |   9.06|   21.09|  -45.03|  0.96|  0.55|  1.03|  0.85|  0.65| 0.12| 0.57|-0.10| 0.33| 0.10|-0.06| 0.01| 0.36|-0.09| 0.18|  0|-1.70| 17573| 3.795|0.003| 3.865|0.003| |-0.063|0.015|G|-.02|0.03|C| | 3.8591|0.0006|0.003| 61| | 3.85| 3.87|       | | | |          | |  | 1| | | |  |   |       |     |     |    |S| | | 23408|B+23  516 |          |          |-.02|B8III       |X 
H|       17579| |03 45 54.46|+24 33 16.6| 5.76| |H|056.47693278|+24.55462128| |   8.43|   19.44|  -45.36|  0.80|  0.52|  0.89|  0.86|  0.67| 0.24| 0.34|-0.05| 0.25| 0.14|-0.20| 0.10| 0.31|-0.05| 0.25|  0|-1.98| 17579| 5.718|0.005| 5.757|0.004| |-0.036|0.008|G|0.02|0.03|C| | 5.7675|0.0011|0.006| 64| | 5.76| 5.78|       | | | |          | |  | 1| | | |  |   |       |     |     |    |S| | | 23432|B+24  553 |          |          |0.02|B8V         |X 
H|       17608| |03 46 19.56|+23 56 54.5| 4.14| |H|056.58150135|+23.94846207| |   9.08|   21.17|  -42.67|  0.98|  0.54|  1.04|  0.87|  0.61| 0.06| 0.57|-0.15| 0.25| 0.11|-0.01| 0.06| 0.34|-0.07| 0.07|  0|-0.97| 17608| 4.099|0.003| 4.159|0.003| |-0.051|0.020|G|0.02|0.03|C| | 4.1534|0.0010|0.005| 60| | 4.15| 4.17|       | | | |03463+2357|I| 1| 1| | |S|  |   |       |     |     |    |S| | | 23480|B+23  522 |          |          |0.02|B6IV        |X 
H|       17651| |03 46 50.99|-23 14 54.4| 4.22| |G|056.71245432|-23.24843800| |  55.79| -159.86| -528.54|  0.38|  0.41|  0.69|  0.45|  0.47| 0.07|-0.04|-0.11| 0.29| 0.32|-0.10| 0.31| 0.25|-0.12| 0.04|  0| 0.64| 17651| 4.726|0.003| 4.270|0.002| | 0.434|0.012|G|0.51|0.02|A| | 4.3164|0.0004|0.004|168| | 4.31| 4.32|       |C| | |          | |  | 1| | | |  |   |       |     |     |    |S| | | 23754|          |C-23  1565|P-23   414|0.51|F3/F5V      |4 
H|       17678| |03 47 14.23|-74 14 21.3| 3.26|1|H|056.80929799|-74.23924251| |  15.23|   51.07|  115.27|  0.47|  0.48|  0.53|  0.47|  0.56|-0.08| 0.24|-0.39|-0.19| 0.04|-0.03| 0.02|-0.05| 0.01| 0.09|  1|-0.30| 17678| 5.364|0.004| 3.452|0.003| | 1.590|0.051|G|1.94|0.02|A| | 3.3420|0.0020|0.018|112| | 3.32| 3.38|       |U|2| |          | |  | 1| | |S|  |   |       |     |     |    |S| |P| 24512|          |          |P-74   276|1.94|M2III       |X 
H|       17702| |03 47 29.06|+24 06 18.9| 2.85| |H|056.87110065|+24.10524193| |   8.87|   19.35|  -43.11|  0.95|  0.51|  0.99|  0.82|  0.59| 0.08| 0.57|-0.10| 0.34| 0.08|-0.04| 0.03| 0.37|-0.05| 0.13|  0|-2.39| 17702| 2.787|0.003| 2.866|0.003| |-0.086|0.012|G|-.01|0.03|C| | 2.8480|0.0007|0.004| 54| | 2.84| 2.86|       | | | |03474+2407|I| 1| 1| | | |  |   |       |     |     |    |S| | | 23630|B+23  541 |          |          |-.01|B7III       |X 
H|       17797|H|03 48 35.82|-37 37 12.5| 4.30|1|G|057.14926223|-37.62012878|A|  20.23|   75.83|  -10.69|  0.76|  0.80|  0.83|  0.76|  0.84| 0.00|-0.05|-0.05|-0.11|-0.20| 0.17|-0.21| 0.06| 0.00| 0.03| 19| 2.51| 17797| 4.238|0.002| 4.243|0.002|*|-0.038|0.009|G|-.02|0.01|H|*| 4.2697|0.0006|0.010|121|*| 4.26| 4.31|       |U|2| |03486-3737|I| 1| 2|C| |A|AB|215|  8.137|0.003| 0.60|0.01|S| | | 24071|          |C-38  1297|P-38   340|-.02|A+...       |S 
H|       17847| |03 49 09.73|+24 03 12.7| 3.62| |H|057.29054669|+24.05352412|+|   8.57|   17.77|  -44.70|  0.87|  0.54|  1.03|  0.96|  0.70| 0.21| 0.28| 0.00|-0.14|-0.06|-0.34|-0.03| 0.06|-0.33| 0.13|  3|-0.55| 17847| 3.528|0.002| 3.614|0.003| |-0.070|0.015|G|-.03|0.03|C| | 3.6084|0.0010|0.006| 64| | 3.60| 3.62|       | | | |03492+2403|I| 1| 1|O| | |  |   |       |     |     |    |S| | | 23850|B+23  557 |          |          |-.03|B8III       |X 
H|       17851| |03 49 11.20|+24 08 12.6| 5.05|1|H|057.29668368|+24.13682565| |   8.42|   18.71|  -46.74|  0.73|  0.48|  0.86|  0.76|  0.58| 0.10| 0.38|-0.10| 0.09| 0.07|-0.31|-0.06| 0.23|-0.26| 0.18|  3|-0.87| 17851| 4.944|0.003| 5.039|0.004| |-0.082|0.004|T|-.06|0.01|L| | 5.0295|0.0017|0.011| 69| | 5.01| 5.05|       |U|2| |          | |  | 1| | |S|  |   |       |     |     |    |S| | | 23862|B+23  558 |          |          |-.06|B7p         |X 
H|       17874| |03 49 27.28|-36 12 00.4| 4.17| |H|057.36367035|-36.20011250| |  15.54|  -49.42|  -56.63|  0.41|  0.46|  0.58|  0.47|  0.60|-0.03|-0.02| 0.07|-0.07| 0.05|-0.02| 0.01| 0.14|-0.11| 0.20|  1|-1.16| 17874| 5.358|0.002| 4.270|0.002| | 0.927|0.045|G|0.92|0.02|A| | 4.3280|0.0005|0.005|121| | 4.32| 4.34|       | | | |          | |  | 1| | | |  |   |       |     |     |    |S| | | 24160|          |C-36  1467|P-36   415|0.92|G8III       |3 
H|       17959| |03 50 21.48|+71 19 56.5| 4.59| |H|057.58948256|+71.33236777| |   9.73|   18.27|  -42.00|  0.33|  0.41|  0.55|  0.33|  0.47|-0.13| 0.20|-0.17|-0.04| 0.01| 0.12|-0.01| 0.21|-0.11|-0.04|  2|-0.19| 17959| 4.692|0.002| 4.628|0.002| | 0.064|0.003|T|0.13|0.03|C| | 4.6368|0.0004|0.004|174| | 4.63| 4.64|       | | | |03504+7120|I| 1| 1| | | |  |   |       |     |     |    |S| | | 23401|B+70  259 |          |          |0.13|A2IVn       |X 
H|       18246| |03 54 07.92|+31 53 01.2| 2.84|1|H|058.53299363|+31.88365776| |   3.32|    4.41|   -9.15|  0.63|  0.45|  0.75|  0.88|  0.69| 0.40| 0.03|-0.11|-0.08|-0.28| 0.23|-0.28|-0.01| 0.14| 0.36|  2| 0.32| 18246| 2.989|0.002| 2.892|0.002| | 0.271|0.020|G|0.18|0.03|C| | 2.8980|0.0007|0.007|127| | 2.88| 2.91|       |M| | |03541+3153|I| 1| 1| | | |  |   |       |     |     |    |S| | | 24398|B+31  666 |          |          |0.18|B1Ib        |X 
H|       18505| |03 57 25.44|+63 04 20.1| 4.95| |H|059.35598140|+63.07224944| |   9.65|    7.58|    6.01|  0.40|  0.48|  0.66|  0.49|  0.57| 0.18| 0.04|-0.11|-0.07|-0.10| 0.17|-0.08| 0.10| 0.07| 0.18|  3| 0.59| 18505| 4.878|0.002| 4.940|0.003| |-0.074|0.005|G|-.01|0.03|C| | 4.9464|0.0006|0.005|113| | 4.94| 4.96|       | | | |          | |  | 1| | | |  |   |       |     |     |    |S| | | 24479|B+62  628 |          |          |-.01|B9.5V       |X 
H|       18532|T|03 57 51.22|+40 00 37.0| 2.90|1|H|059.46342138|+40.01027315| |   6.06|   12.61|  -24.06|  0.67|  0.50|  0.82|  0.78|  0.62| 0.34| 0.01|-0.38|-0.26|-0.18| 0.29|-0.17| 0.05| 0.09| 0.57|  0| 0.42| 18532| 2.685|0.003| 2.883|0.002| |-0.199|0.011|G|-.19|0.03|C| | 2.8348|0.0010|0.007| 58| | 2.82| 2.85|       |M| | |03579+4001|I| 1| 1| | | |  |   |       |     |     |    |S| | | 24760|B+39  895 |          |          |-.19|B0.5V       |X 
H|       18543| |03 58 01.73|-13 30 29.7| 2.97|1|H|059.50720862|-13.50824471| |  14.75|   60.51| -111.34|  0.70|  0.51|  0.75|  1.01|  0.71| 0.16| 0.08|-0.18| 0.17| 0.02| 0.24| 0.07| 0.05|-0.05| 0.20|  0| 1.66| 18543| 5.052|0.005| 3.149|0.004| | 1.588|0.006|G|1.78|0.02|A| | 3.0703|0.0019|0.017| 63| | 3.05| 3.10|       |U|2| |03580-1331|I| 1| 1| | | |  |   |       |     |     |    |S| | | 25025|B-13  781 |          |          |1.78|M1IIIb Ca-1 |G 
H|       18597| |03 58 44.74|-61 24 00.5| 4.56|1|H|059.68640623|-61.40015059| |   6.15|    9.79|  -14.39|  0.44|  0.40|  0.46|  0.41|  0.41|-0.12|-0.03|-0.09|-0.44| 0.18| 0.03| 0.12|-0.16|-0.11| 0.18|  1|-2.23| 18597| 6.670|0.006| 4.745|0.003| | 1.590|0.072|G|1.85|0.02|A| | 4.6497|0.0018|0.013| 91| | 4.63| 4.67|       |U|2| |          | |  | 1| | | |  |   |       |     |     |    |S| | | 25422|          |          |P-61   290|1.85|M2III       |X 
H|       18614| |03 58 57.90|+35 47 27.7| 3.98|1|H|059.74124892|+35.79102701| |   1.84|    1.92|    2.30|  0.62|  0.48|  0.70|  0.74|  0.62| 0.30| 0.21|-0.05| 0.22| 0.11| 0.01| 0.08| 0.48|-0.12| 0.33|  2| 1.32| 18614| 4.016|0.003| 4.040|0.002| | 0.016|0.029|G|0.16|0.04|D| | 4.0307|0.0009|0.007| 98| | 4.02| 4.04|       |M| | |          | |  | 1| | | |  |   |       |     |     |    |S| | | 24912|B+35  775 |          |          |0.16|O7.5Iab:    |X 
H|       18724| |04 00 40.82|+12 29 25.4| 3.41|2|H|060.17008591|+12.49037571| |   8.81|   -8.15|  -11.98|  0.95|  0.47|  0.99|  1.36|  0.90| 0.12|-0.01| 0.08| 0.27|-0.18|-0.37|-0.25| 0.25| 0.24|-0.18|  0| 0.13| 18724| 3.282|0.004| 3.398|0.004| |-0.099|0.005|T|-.08|0.01|L| | 3.3774|0.0048|0.042| 96| | 3.36| 3.46|       |P|1|A|          | |  | 1| | |S|  |   |       |     |     |    |S| | | 25204|B+12  539 |          |          |-.09|B3V + A     |G 
H|       19587| |04 11 51.93|-06 50 16.0| 4.04|1|G|062.96638834|-06.83777870| |  25.98|   11.92|   81.28|  0.75|  0.63|  1.04|  1.09|  1.10| 0.34| 0.15|-0.36| 0.17| 0.10|-0.16| 0.01| 0.10|-0.18| 0.49|  0|-0.41| 19587| 4.441|0.003| 4.073|0.003| | 0.327|0.003|G|0.38|0.02|A| | 4.1285|0.0012|0.010| 66| | 4.11| 4.15|       |U|2| |          | |  | 1| | | |  |   |       |     |     |    |S| |P| 26574|B-07  764 |          |          |0.38|F2II-III    |X 
H|       19747| |04 14 00.08|-42 17 37.9| 3.85| |G|063.50033880|-42.29387294| |  27.85|   41.89| -203.65|  0.40|  0.42|  0.51|  0.48|  0.49| 0.03|-0.01| 0.02| 0.13| 0.00| 0.04| 0.01| 0.07|-0.09| 0.29|  0| 1.09| 19747| 5.268|0.002| 3.981|0.002| | 1.085|0.037|G|1.09|0.02|A| | 4.0124|0.0003|0.004|124| | 4.01| 4.02|       |C| | |          | |  | 1| | | |  |   |       |     |     |    |S| | | 26967|          |C-42  1425|P-42   424|1.09|K1III       |X 
H|       19780| |04 14 25.43|-62 28 26.3| 3.33|1|G|063.60596306|-62.47397888| |  19.98|   41.64|   49.72|  0.41|  0.41|  0.45|  0.38|  0.43|-0.10|-0.05|-0.07|-0.37| 0.15| 0.11| 0.13|-0.17|-0.02| 0.13|  0|-0.20| 19780| 4.489|0.002| 3.438|0.002| | 0.915|0.006|G|0.91|0.02|A| | 3.4953|0.0006|0.005|111| | 3.49| 3.50|       |M| | |04144-6228|I| 1| 1| | | |  |   |       |     |     |    |S| | | 27256|          |          |P-62   332|0.91|G7III       |X 
H|       19849| |04 15 17.64|-07 38 40.4| 4.43|1|G|063.82349230|-07.64455846| | 198.24|-2239.33|-3419.86|  0.67|  0.50|  0.84|  0.79|  0.73| 0.31| 0.40| 0.08| 0.17| 0.07| 0.01|-0.07| 0.10|-0.31| 0.16|  0| 1.31| 19849|      |     |      |     | | 0.820|0.000|G|0.89|0.02|A| | 4.5615|0.0009|0.006| 85| | 4.55| 4.59|       |U|2| |04153-0739|I| 1| 1| | | |  |   |       |     |     |    |S| | | 26965|B-07  780 |          |          |0.89|K1V         |X 
H|       19893| |04 16 01.49|-51 29 13.5| 4.26|1|H|064.00621426|-51.48709578| |  49.26|  100.57|  184.23|  0.45|  0.46|  0.50|  0.46|  0.50|-0.06|-0.10|-0.06|-0.08|-0.07| 0.14|-0.07|-0.10| 0.09| 0.07|  0|-1.20| 19893| 4.634|0.003| 4.294|0.003| | 0.312|0.008|G|0.37|0.02|A| | 4.3338|0.0020|0.022|112| | 4.29| 4.36|   0.76|P|1|A|          | |  | 1| | | |  |   |       |     |     |    |S| |P| 27290|          |C-51  1066|P-51   524|0.37|F4III       |X 
H|       19921| |04 16 29.08|-59 18 06.3| 4.44| |G|064.12118133|-59.30174841| |  54.84|  -47.99| -167.81|  0.51|  0.43|  0.50|  0.52|  0.50|-0.13| 0.26|-0.07|-0.12| 0.04|-0.17| 0.01|-0.11|-0.05|-0.15|  0|-0.09| 19921| 5.821|0.003| 4.556|0.003| | 1.078|0.005|G|1.05|0.02|A| | 4.5977|0.0006|0.005|107| | 4.59| 4.61|       | | | |04165-5918|I| 1| 1| | | |  |   |       |     |     |    |S| | | 27442|          |          |P-59   324|1.05|K2IV        |X 
H|       20042| |04 17 53.62|-33 47 54.0| 3.55|1|G|064.47341068|-33.79833145| |  18.27|   62.31|   -6.75|  0.40|  0.44|  0.55|  0.45|  0.56|-0.05| 0.01|-0.07| 0.19|-0.02| 0.11|-0.01| 0.18|-0.03| 0.10|  0|-2.82| 20042| 3.426|0.002| 3.536|0.002| |-0.108|0.002|G|-.09|0.02|A| | 3.5167|0.0005|0.005|134| | 3.51| 3.52|       |M| | |04179-3348|I| 1| 1| | | |  |   |       |     |     |    |S| | | 27376|          |C-34  1614|P-34   466|-.09|B9V         |3 
H|       20205| |04 19 47.53|+15 37 39.7| 3.65| |H|064.94805793|+15.62770031| |  21.17|  115.29|  -23.86|  0.76|  0.63|  1.17|  1.21|  0.98| 0.06| 0.33|-0.43| 0.18|-0.21| 0.58| 0.16|-0.08| 0.53| 0.67|  0|-0.66| 20205| 4.905|0.007| 3.757|0.004| | 0.981|0.012|G|0.95|0.02|G| | 3.8123|0.0011|0.006| 37| | 3.80| 3.82|       | | | |          | |  | 1| | | |  |   |       |     |     |    |S| | | 27371|B+15  612 |          |          |0.95|G8III       |X 
H|       20455| |04 22 56.03|+17 32 33.3| 3.77| |H|065.73344722|+17.54258430| |  21.29|  107.75|  -28.84|  0.80|  0.49|  0.93|  1.11|  0.87| 0.23| 0.37|-0.09| 0.17| 0.01| 0.39| 0.08| 0.36| 0.25| 0.43|  0| 1.05| 20455| 5.024|0.003| 3.868|0.002| | 0.983|0.010|G|0.93|0.01|G| | 3.9308|0.0005|0.003| 76| | 3.93| 3.94|       |C| | |04229+1733|I| 1| 1| | | |  |   |       |     |     |    |S| | | 27697|B+17  712 |          |          |0.93|G8III       |X 
H|       20535| |04 24 02.17|-34 01 01.2| 3.97|1|H|066.00902233|-34.01698632| |  11.95|   73.77|   57.57|  0.41|  0.45|  0.59|  0.46|  0.52|-0.04| 0.05|-0.18| 0.02|-0.05| 0.08|-0.02|-0.09| 0.07| 0.10|  0| 1.19| 20535| 5.907|0.003| 4.132|0.002| | 1.468|0.052|G|1.53|0.02|A| | 4.0941|0.0008|0.009|125| | 4.08| 4.11|       |M| | |          | |  | 1| | | |  |   |       |     |     |    |S| | | 28028|          |C-34  1664|P-34   482|1.53|K4III       |3 
H|       20648|H|04 25 29.32|+17 55 40.8| 4.30| |G|066.37215593|+17.92798917|A|  22.05|  108.26|  -32.47|  0.75|  0.52|  0.77|  0.97|  0.83| 0.34| 0.10| 0.08|-0.02| 0.05| 0.25|-0.10| 0.34| 0.20| 0.54|  2|-0.74| 20648| 4.382|0.003| 4.317|0.003|A| 0.049|0.007|G|0.08|0.03|C|*| 4.3212|0.0006|0.004| 72|*| 4.32| 4.33|       |D| | |04255+1755|I| 1| 2|C| |B|AB|338|  1.750|0.017| 4.02|0.09|S| | | 27962|B+17  719 |          |          |0.08|A2IV        |X 
H|       20889| |04 28 36.93|+19 10 49.9| 3.53| |H|067.15388879|+19.18052092| |  21.04|  107.23|  -36.77|  0.69|  0.51|  0.82|  1.02|  0.80| 0.31| 0.06|-0.23| 0.02|-0.11| 0.37|-0.06| 0.12| 0.29| 0.55|  0| 1.57| 20889| 4.834|0.004| 3.647|0.002| | 1.014|0.006|G|1.04|0.12|G| | 3.6992|0.0005|0.005| 60| | 3.69| 3.71|       |C| | |04286+1911|I| 1| 1| | | |  |   |       |     |     |    |S| | | 28305|B+18  640 |          |          |1.04|K0III       |X 
H|       20894| |04 28 39.67|+15 52 15.4| 3.40|1|G|067.16531219|+15.87094680| |  21.89|  108.66|  -26.39|  0.77|  0.45|  0.83|  1.03|  0.66| 0.10| 0.37| 0.19|-0.14| 0.10| 0.18| 0.10| 0.15|-0.28|-0.38|  0|-2.00| 20894| 3.648|0.003| 3.429|0.003| | 0.179|0.004|G|0.21|0.03|C| | 3.4597|0.0015|0.008| 64| | 3.45| 3.47|       |M| | |04286+1554|I| 2| 1| | | |  |   |       |     |     |    |S| |P| 28319|B+15  632 |          |          |0.21|A7III       |X 
H|       21060| |04 30 50.10|-44 57 13.5| 5.07| |H|067.70874038|-44.95374351| |   4.59|    2.44|   -2.48|  0.43|  0.45|  0.51|  0.47|  0.53|-0.02| 0.02|-0.07|-0.01|-0.14| 0.18|-0.15|-0.14| 0.00|-0.04|  0| 0.00| 21060| 4.810|0.002| 5.033|0.002| |-0.194|0.002|T|-.20|0.00|L| | 5.0009|0.0006|0.006|116| | 4.99| 5.01|       | | | |          | |  | 1| | | |  |   |       |     |     |    |S| | | 28873|          |C-45  1567|P-45   471|-.23|B2IV-V      |X 
H|       21109| |04 31 25.45|+04 34 31.1| 8.38| |H|067.85605428|+04.57531865| |   5.92|    0.22|  -12.85|  1.13|  0.85|  1.28|  1.61|  1.47| 0.35| 0.19| 0.07| 0.17| 0.19|-0.24| 0.09| 0.51|-0.11| 0.54|  0| 0.94| 21109| 9.697|0.036| 8.521|0.023| | 1.008|0.033|T|0.98|0.03|L| | 8.5439|0.0022|0.013| 58| | 8.52| 8.56|       |C| | |          | |  | 1| | | |  |   |       |     |     |    | | | | 28678|B+04  704 |          |          |1.04|K0          |S 
H|       21281|H|04 33 59.72|-55 02 42.0| 3.30|1|G|068.49882684|-55.04500559|A|  18.56|   58.06|   12.73|  0.89|  0.86|  0.46|  0.64|  0.58|-0.40| 0.01|-0.05| 0.01| 0.03|-0.12|-0.02|-0.15|-0.06|-0.05|  2| 1.52| 21281| 3.159|0.003| 3.248|0.003|*|-0.079|0.015|G|-.08|0.02|A|*| 3.2372|0.0010|0.012|105|*| 3.21| 3.25|   2.94|P|1|A|04340-5503|I| 1| 2|C| |A|AB|146|  0.304|0.002| 0.95|0.02|S| |P| 29305|          |          |P-55   663|-.08|A0V:        |X 
H|       21393| |04 35 33.07|-30 33 44.3| 3.81| |G|068.88779874|-30.56231049| |  15.62|  -48.92|  -12.75|  0.40|  0.46|  0.63|  0.45|  0.57|-0.08| 0.05|-0.05| 0.14|-0.07| 0.09|-0.07| 0.09|-0.08|-0.07|  0|-0.84| 21393| 5.037|0.002| 3.918|0.002| | 0.957|0.043|G|0.93|0.02|A| | 3.9730|0.0004|0.004|133| | 3.97| 3.98|       | | | |          | |  | 1| | | |  |   |       |     |     |    |S| | | 29291|          |C-30  1901|P-30   631|0.93|G8III       |3 
H|       21421| |04 35 55.20|+16 30 35.1| 0.87|1|G|068.98000195|+16.50976164| |  50.09|   62.78| -189.36|  0.85|  0.53|  0.95|  0.85|  0.63| 0.31| 0.49| 0.08| 0.19| 0.14|-0.26| 0.03| 0.46|-0.24| 0.29|  0| 0.13| 21421| 2.937|0.006| 1.160|0.011| | 1.538|0.008|G|1.67|0.02|G| | 1.0024|0.0026|0.010| 43| | 0.99| 1.02|       |M| | |04359+1631|I| 1| 1| | | |  |   |       |     |     |    |S| | | 29139|B+16  629 |          |          |1.67|K5III       |X 
H|       21444| |04 36 19.14|-03 21 08.8| 3.93|2|T|069.07975243|-03.35244800| |   5.56|    1.73|   -4.54|  0.73|  0.47|  0.88|  0.71|  0.58| 0.08| 0.43|-0.09| 0.29| 0.21|-0.03| 0.13| 0.55|-0.16| 0.14|  2|-1.29| 21444| 3.688|0.005| 3.901|0.005| |-0.210|0.009|G|-.20|0.02|A| | 3.8713|0.0064|0.041| 91| | 3.80| 3.92|   0.17|P|1|A|04363-0321|I| 1| 1| | | |  |   |       |     |     |    |S| | | 29248|B-03  834 |          |          |-.20|B2III SB    |G 
H|       21594|H|04 38 10.87|-14 18 12.9| 3.86| |H|069.54529558|-14.30358700|A|  29.84|  -77.86| -178.06|  0.63|  0.48|  0.62|  0.74|  0.57| 0.16| 0.07|-0.27| 0.07| 0.06| 0.10| 0.09| 0.32|-0.18| 0.12|  2|-0.43| 21594| 5.288|0.003| 3.994|0.002|*| 1.082|0.039|G|1.09|0.02|A|*| 4.0248|0.0005|0.005|117|*| 4.02| 4.04|       |D| | |04382-1418|I| 1| 2|C| |A|AB|343|  0.810|0.005| 2.90|0.02|S| | | 29503|B-14  933 |          |          |1.09|K1III       |4 
H|       21770| |04 40 33.82|-41 51 48.9| 4.44|1|G|070.14092957|-41.86357034| |  49.67| -141.18|  -74.95|  0.45|  0.45|  0.53|  0.49|  0.53|-0.06| 0.03|-0.02|-0.10| 0.09| 0.04| 0.09| 0.03|-0.16|-0.02|  0| 0.34| 21770| 4.844|0.003| 4.488|0.002| | 0.342|0.011|G|0.40|0.02|A| | 4.5287|0.0008|0.007|107| | 4.51| 4.54|       |M| | |04406-4152|I| 1| 1| | | |  |   |       |     |     |    |S| | | 29875|          |C-42  1587|P-42   513|0.40|F2V         |X 
H|       21861| |04 42 03.45|-37 08 41.2| 5.04| |H|070.51435953|-37.14476616| |  36.16|   46.90|  193.14|  0.45|  0.49|  0.60|  0.54|  0.59|-0.02|-0.01|-0.26| 0.07|-0.13| 0.13|-0.09|-0.01| 0.04| 0.11|  0|-0.89| 21861| 5.497|0.002| 5.083|0.003| | 0.391|0.017|G|0.46|0.02|A| | 5.1297|0.0005|0.005|128| | 5.12| 5.14|       | | | |          | |  | 1| | | |  |   |       |     |     |    |S| | | 29992|          |C-37  1867|P-37   559|0.46|F3V         |3 
H|       21881|H|04 42 14.70|+22 57 25.1| 4.27|1|H|070.56126452|+22.95697545|*|   8.14|   -2.84|  -20.33|  0.69|  0.48|  0.78|  0.81|  0.58| 0.17| 0.26|-0.26| 0.03|-0.06| 0.07|-0.06| 0.18| 0.05| 0.37|  0| 0.41| 21881| 4.121|0.002| 4.252|0.003|*|-0.112|0.003|T|-.10|0.00|L|*| 4.2366|0.0012|0.007| 76|*| 4.23| 4.25|       |M| | |04422+2257|I| 1| 2|C|S|A|AS|125|  0.196|0.026| 2.64|0.23|S| | | 29763|B+22  739 |          |          |-.11|B3V         |X 
H|       21949| |04 43 03.95|-70 55 52.0| 5.53| |H|070.76644496|-70.93111187| |   6.75|    9.30|   34.77|  0.51|  0.46|  0.49|  0.54|  0.56|-0.11| 0.13|-0.03|-0.39| 0.12| 0.03| 0.11|-0.09|-0.13|-0.10|  1|-0.43| 21949| 5.372|0.003| 5.503|0.003| |-0.114|0.004|T|-.10|0.01|L| | 5.4909|0.0007|0.005|102| | 5.48| 5.50|       |C| | |          | |  | 1| | | |  |   |       |     |     |    |S| | | 30612|          |          |P-71   282|-.11|B9IV        |X 
H|       22109| |04 45 30.14|-03 15 16.6| 4.01|1|H|071.37558764|-03.25462465| |   6.13|   17.27|  -13.51|  0.88|  0.57|  1.03|  1.31|  0.80|-0.20| 0.31|-0.04| 0.04| 0.05| 0.31| 0.09| 0.38|-0.23|-0.51|  0|-1.31| 22109| 3.839|0.003| 3.990|0.003| |-0.148|0.003|G|-.13|0.02|A| | 3.9696|0.0016|0.008| 60| | 3.96| 3.99|       |M| | |          | |  | 1| | | |  |   |       |     |     |    |S| | | 30211|B-03  876 |          |          |-.13|B5IV        |X 
H|       22449| |04 49 50.14|+06 57 40.5| 3.19| |G|072.45890935|+06.96124744| | 124.60|  463.44|   11.62|  0.84|  0.60|  0.95|  0.93|  0.77| 0.40| 0.47| 0.00| 0.22| 0.24|-0.02| 0.16| 0.51|-0.04| 0.54|  0|-0.04| 22449| 3.745|0.003| 3.241|0.003| | 0.484|0.003|T|0.53|0.02|A| | 3.2862|0.0005|0.004| 64| | 3.28| 3.29|       |C| | |04499+0657|I| 1| 1| | | |  |   |       |     |     |    |S| | | 30652|B+06  762 |          |          |0.53|F6V         |X 
H|       22491| |04 50 17.85|-24 22 07.7| 7.91| |H|072.57437448|-24.36879540| |   8.26|   18.86|  -18.12|  0.45|  0.63|  0.89|  0.56|  0.75|-0.04| 0.16|-0.06| 0.18|-0.06| 0.20|-0.03|-0.05| 0.13|-0.04|  1| 0.71| 22491| 9.132|0.010| 8.017|0.007| | 0.961|0.010|T|0.95|0.01|L| | 8.0720|0.0013|0.014|197| | 8.05| 8.10|       | | | |          | |  | 1| | | |  |   |       |     |     |    |S| | | 30856|          |C-24  2616|P-24   725|0.94|K0III       |4 
H|       22509| |04 50 36.72|+08 54 00.9| 4.35| |H|072.65300943|+08.90025258| |  16.84|   -0.87|  -31.57|  0.96|  0.87|  1.28|  1.52|  1.34| 0.34| 0.22|-0.48| 0.29| 0.48| 0.00| 0.31| 0.72|-0.34| 0.70|  3| 0.20| 22509| 4.378|0.003| 4.355|0.002| | 0.010|0.004|G|0.04|0.02|A| | 4.3669|0.0006|0.003| 50| | 4.36| 4.37|       | | | |          | |  | 1| | | |  |   |       |     |     |    |S| | | 30739|B+08  777 |          |          |0.04|A1Vn        |X 
H|       22549| |04 51 12.37|+05 36 18.4| 3.68| |H|072.80152507|+05.60510146| |   2.59|   -3.62|    1.03|  0.71|  0.52|  0.80|  0.97|  0.63| 0.21| 0.21|-0.19| 0.19| 0.33| 0.13| 0.33| 0.66|-0.24| 0.09|  0| 1.82| 22549| 3.471|0.003| 3.652|0.002| |-0.157|0.013|G|-.16|0.02|A| | 3.6236|0.0007|0.005| 97| | 3.62| 3.64|       | | | |          | |  | 1| | | |  |   |       |     |     |    |S| |P| 30836|B+05  745 |          |          |-.16|B2III SB    |G 
H|       22701| |04 52 53.68|-05 27 09.9| 4.36| |H|073.22366820|-05.45275591| |  14.39|  -18.01|   25.03|  0.80|  0.47|  0.88|  0.85|  0.56|-0.18| 0.38|-0.31| 0.34|-0.08|-0.12|-0.22| 0.40|-0.28| 0.00|  0|-0.44| 22701| 4.691|0.003| 4.406|0.004| | 0.257|0.014|G|0.33|0.02|A| | 4.4373|0.0009|0.005| 77| | 4.43| 4.45|       | | | |          | |  | 1| | | |  |   |       |     |     |    |S| | | 31109|B-05 1068 |          |          |0.33|A9IV        |X 
H|       22730| |04 53 22.76|+02 30 29.8| 5.33|1|H|073.34481369|+02.50826491| |   5.11|   29.67|  -16.40|  0.77|  0.48|  0.92|  0.82|  0.55| 0.09| 0.47|-0.17| 0.29| 0.25|-0.13| 0.12| 0.57|-0.18| 0.16|  0| 0.06| 22730| 7.426|0.008| 5.518|0.005| | 1.632|0.004|G|2.05|0.05|F| | 5.4049|0.0013|0.012| 73| | 5.39| 5.43|       |U|2| |          | |  | 1| | |S|  |   |       |     |     |    |S| | | 31139|B+02  800 |          |          |2.05|M1III       |S 
H|       22783| |04 54 03.01|+66 20 33.6| 4.26|1|H|073.51254425|+66.34266029| |   0.47|    0.49|    7.31|  0.43|  0.42|  0.60|  0.46|  0.45| 0.08| 0.21| 0.05| 0.04| 0.29| 0.07| 0.27| 0.01|-0.03| 0.20|  1| 0.29| 22783| 4.286|0.002| 4.300|0.002| |-0.008|0.003|T|0.09|0.03|C| | 4.2940|0.0013|0.014|132| | 4.28| 4.32|       |U|2| |          | |  | 1| | | |  |   |       |     |     |    |S| | | 30614|B+66  358 |          |          |0.09|O9.5Ia SB:  |G 
H|       22797| |04 54 15.10|+02 26 26.4| 3.71|1|G|073.56289850|+02.44067149| |   2.43|    1.43|    0.23|  0.78|  0.49|  0.93|  0.82|  0.56| 0.11| 0.46|-0.07| 0.37| 0.20|-0.10| 0.11| 0.60|-0.14| 0.12|  0|-0.68| 22797| 3.477|0.004| 3.674|0.004| |-0.179|0.012|G|-.18|0.02|A| | 3.6470|0.0044|0.021| 67| | 3.62| 3.67|   3.70|P|1|A|          | |  | 1| | | |  |   |       |     |     |    |S| | | 31237|B+02  810 |          |          |-.18|B2III SB    |G 
H|       22845| |04 54 53.70|+10 09 04.1| 4.64| |G|073.72376720|+10.15114511| |  27.04|   40.08| -128.37|  0.79|  0.53|  0.94|  1.04|  0.65| 0.22| 0.24|-0.14| 0.27| 0.20| 0.16| 0.18| 0.65|-0.15| 0.22|  0| 2.23| 22845| 4.760|0.003| 4.665|0.003| | 0.085|0.004|G|0.11|0.03|C| | 4.6861|0.0005|0.004| 87| | 4.68| 4.69|       |C| | |04548+1009|I| 1| 1| | | |  |   |       |     |     |    |S| | | 31295|B+09  683 |          |          |0.11|A0V         |X 
H|       23015| |04 56 59.62|+33 09 58.1| 2.69| |G|074.24840098|+33.16613537| |   6.37|    3.63|  -18.54|  0.85|  0.59|  0.96|  0.91|  0.71|-0.03| 0.50|-0.17| 0.18| 0.19| 0.08| 0.05| 0.16|-0.22|-0.13|  0| 1.46| 23015| 4.683|0.004| 2.857|0.003| | 1.490|0.042|G|1.46|0.03|C| | 2.8337|0.0014|0.005| 39| | 2.83| 2.84|       | | | |          | |  | 1| | | |  |   |       |     |     |    |S| | | 31398|B+32  855 |          |          |1.46|K3IIvar     |X 
H|       23123| |04 58 32.90|+01 42 50.5| 4.47| |G|074.63709525|+01.71403506| |   3.42|   -1.59|   -7.93|  0.68|  0.52|  0.86|  0.80|  0.62| 0.18| 0.22|-0.34| 0.29| 0.25|-0.14| 0.11| 0.55|-0.33| 0.38|  0| 2.46| 23123| 6.281|0.005| 4.623|0.003| | 1.369|0.066|G|1.32|0.02|A| | 4.6307|0.0008|0.004| 73| | 4.62| 4.64|       |C| | |          | |  | 1| | | |  |   |       |     |     |    |S| | | 31767|B+01  872 |          |          |1.32|K2IIvar     |X 
H|       23416| |05 01 58.13|+43 49 23.9| 3.03|2|H|075.49222507|+43.82331397|+|   1.60|    0.18|   -2.31|  0.96|  0.64|  1.16|  1.01|  0.76| 0.04| 0.51|-0.29| 0.22| 0.10|-0.22|-0.20| 0.68|-0.47| 0.32|  0| 1.74| 23416| 3.665|0.007| 3.091|0.005| | 0.537|0.008|T|0.61|0.01|L| | 3.1457|0.0062|0.036| 67| | 3.05| 3.20|       |P|1|C|05020+4350|I| 1| 1|O| | |  |   |       |     |     |    |S| |D| 31964|B+43 1166 |          |          |0.61|F0Ia        |X 
H|       23453| |05 02 28.68|+41 04 33.2| 3.69|1|H|075.61950025|+41.07588953|+|   4.14|    8.88|  -21.43|  1.05|  0.81|  0.81|  0.99|  0.84| 0.43|-0.03|-0.10| 0.35| 0.33|-0.15| 0.32| 0.45|-0.16| 0.62|  0| 2.01| 23453| 5.254|0.003| 3.892|0.002| | 1.154|0.003|T|1.12|0.00|L| | 3.8549|0.0010|0.007| 98| | 3.84| 3.88|       |P|1|C|          | |  | 1|O| | |  |   |       |     |     |    |S| |P| 32068|B+40 1142 |          |          |1.10|K4II comp   |G 
H|       23685| |05 05 27.65|-22 22 15.1| 3.19|1|H|076.36521705|-22.37085673| |  14.39|   19.27|  -72.35|  0.45|  0.46|  0.68|  0.66|  0.63|-0.19| 0.16|-0.04| 0.20|-0.21| 0.12|-0.21| 0.16|-0.14|-0.30|  0| 0.69| 23685| 5.116|0.003| 3.351|0.002| | 1.460|0.043|G|1.50|0.02|A| | 3.3215|0.0006|0.006|137| | 3.31| 3.33|       |M| | |          | |  | 1| | | |  |   |       |     |     |    |S| | | 32887|B-22 1000 |C-22  1997|P-22   698|1.50|K4III       |4 
H|       23767| |05 06 30.87|+41 14 04.7| 3.18|1|H|076.62862102|+41.23464074| |  14.87|   30.60|  -68.41|  0.67|  0.47|  0.74|  0.74|  0.51| 0.29| 0.32|-0.07| 0.15| 0.10|-0.02| 0.07| 0.48|-0.14| 0.31|  0| 0.67| 23767| 2.971|0.003| 3.143|0.003| |-0.148|0.004|T|-.17|0.03|C| | 3.1160|0.0008|0.006| 82| | 3.10| 3.13|       |M| | |          | |  | 1| | | |  |   |       |     |     |    |S| | | 32630|B+41 1058 |          |          |-.17|B3V         |X 
H|       23875| |05 07 51.03|-05 05 10.5| 2.78| |G|076.96264146|-05.08626282| |  36.71|  -83.39|  -75.44|  0.68|  0.52|  0.76|  0.85|  0.62|-0.19|-0.06|-0.16| 0.30|-0.36|-0.13|-0.40| 0.37| 0.09|-0.15|  0|-1.28| 23875| 2.976|0.002| 2.808|0.002| | 0.161|0.003|T|0.16|0.02|A| | 2.8258|0.0004|0.003| 77| | 2.82| 2.83|       |C| | |05079-0506|I| 1| 1| | | |  |   |       |     |     |    |S| | | 33111|B-05 1162 |          |          |0.16|A3IIIvar    |X 
H|       23972| |05 09 08.78|-08 45 14.7| 4.25|2|H|077.28659571|-08.75407607| |   1.86|    0.00|   -2.01|  0.73|  0.49|  0.88|  0.73|  0.53|-0.33| 0.39|-0.17| 0.40|-0.32|-0.04|-0.33| 0.19|-0.07|-0.30|  2| 0.53| 23972| 4.015|0.004| 4.230|0.004| |-0.187|0.007|G|-.16|0.02|A| | 4.1942|0.0032|0.029| 87| | 4.13| 4.21|       |U|2|C|          | |  | 1| | | |  |   |       |     |     |    |S| | | 33328|B-08 1040 |          |          |-.16|B2IVn       |X 
H|       24003| |05 09 36.62|+69 38 22.4| 6.43| |H|077.40257498|+69.63955569| |   8.52|   60.42|  -63.55|  0.38|  0.54|  0.78|  0.42|  0.71|-0.13| 0.05| 0.01|-0.33| 0.04| 0.06| 0.04|-0.02| 0.05|-0.14|  0|-0.20| 24003| 7.848|0.005| 6.553|0.004| | 1.101|0.005|T|1.06|0.01|L| | 6.5961|0.0007|0.009|197| | 6.58| 6.61|       | | | |          | |  | 1| | | |  |   |       |     |     |    |S| | | 32518|B+69  302 |          |          |1.05|K1III       |X 
H|       24244| |05 12 17.89|-11 52 08.9| 4.45| |G|078.07453075|-11.86914287| |  13.53|   24.95|  -31.22|  0.55|  0.44|  0.69|  0.55|  0.48|-0.09| 0.34| 0.01| 0.26|-0.28|-0.01|-0.32| 0.21|-0.15|-0.20|  4| 1.35| 24244| 4.340|0.003| 4.447|0.002| |-0.099|0.005|G|-.08|0.02|A| | 4.4260|0.0005|0.004| 90| | 4.42| 4.44|       |C| | |05123-1152|I| 1| 1| | | |  |   |       |     |     |    |S| | | 33802|B-12 1095 |          |          |-.08|B8V         |X 
H|       24305| |05 12 55.87|-16 12 19.5| 3.29| |G|078.23280460|-16.20542901| |  17.69|   45.66|  -16.13|  0.48|  0.44|  0.71|  0.53|  0.53| 0.08| 0.32|-0.08|-0.06|-0.15|-0.22|-0.24| 0.00|-0.20|-0.09|  1| 0.81| 24305| 3.162|0.002| 3.269|0.002| |-0.110|0.180|G|-.09|0.02|A| | 3.2528|0.0005|0.004|116| | 3.24| 3.26|       | | | |          | |  | 1| | | |  |   |       |     |     |    |S| | | 33904|B-16 1072 |          |          |-.09|B9IV: HgMn  |G 
H|       24327|H|05 13 13.89|-12 56 28.6| 4.36| |G|078.30785422|-12.94128833|A|   5.83|  -12.22|   -1.32|  0.61|  0.52|  0.69|  0.59|  0.55|-0.10| 0.22|-0.28| 0.01|-0.21| 0.06|-0.18|-0.15|-0.01|-0.09|  2|-0.34| 24327| 4.301|0.004| 4.411|0.005|A|-0.094|0.009|G|-.07|0.02|A|*| 4.3328|0.0006|0.004| 92|*| 4.33| 4.34|       |D| | |05132-1256|I| 1| 2|C| |A|AB|357|  2.179|0.004| 2.57|0.03|S| | | 33949|B-13 1092 |          |          |-.07|B7V         |4 
H|       24436| |05 14 32.27|-08 12 05.9| 0.18|1|G|078.63446353|-08.20163919| |   4.22|    1.87|   -0.56|  0.65|  0.48|  0.81|  0.74|  0.53|-0.18| 0.27| 0.18| 0.32|-0.23|-0.13|-0.24| 0.27|-0.14|-0.30|  0| 2.48| 24436| 0.312|0.012| 0.283|0.010| |-0.030|0.600|G|0.03|0.02|A| | 0.1930|0.0015|0.014| 64| | 0.17| 0.22|   2.07|P|1|A|05145-0812|I| 1| 1| | |S|  |   |       |     |     |    |S| | | 34085|B-08 1063 |          |          |0.03|B8Ia        |X 
H|       24608| |05 16 41.30|+45 59 56.5| 0.08|1|G|079.17206517|+45.99902927|+|  77.29|   75.52| -427.13|  0.80|  0.51|  0.89|  0.77|  0.50| 0.27| 0.51| 0.13| 0.06|-0.01| 0.01|-0.07| 0.03|-0.12| 0.16|  2| 3.79| 24608|      |     |      |     | | 0.795|0.019|G|0.83|0.01|R| | 0.2385|0.0023|0.011| 52| | 0.22| 0.25|       |U|2| |05168+4559|I| 1| 1|O| | |  |   |       |     |     |    |S| |P| 34029|B+45 1077 |          |          |0.83|M1: comp    |G 
H|       24845| |05 19 34.53|-13 10 36.4| 4.29| |G|079.89385817|-13.17677698| |   3.03|   -2.49|   -4.74|  0.61|  0.48|  0.77|  0.62|  0.57|-0.19| 0.32|-0.11| 0.40|-0.28|-0.12|-0.35| 0.33|-0.14|-0.21|  0| 1.22| 24845| 3.975|0.003| 4.246|0.003| |-0.235|0.004|T|-.26|0.02|A| | 4.2021|0.0007|0.005| 80| | 4.20| 4.22|       |C| | |          | |  | 1| | | |  |   |       |     |     |    |S| | | 34816|B-13 1127 |          |          |-.26|B0.5IV      |4 
H|       24873| |05 19 59.03|-12 18 56.2| 5.29| |H|079.99596151|-12.31560456| |   9.83|  -12.12|    7.97|  0.70|  0.51|  0.80|  0.73|  0.57|-0.24| 0.26|-0.19| 0.47|-0.36|-0.09|-0.39| 0.19|-0.11|-0.12|  4| 0.00| 24873| 5.147|0.003| 5.268|0.003| |-0.104|0.004|T|-.09|0.01|L| | 5.2570|0.0005|0.006| 84| | 5.25| 5.27|       |D| | |          | |  | 1| | | |  |   |       |     |     |    |S| | | 34863|B-12 1132 |          |          |-.11|B7/B8V      |4 
H|       25110| |05 22 33.78|+79 13 50.7| 5.08| |H|080.64073869|+79.23075701| |  47.66|  -78.60|  161.13|  0.37|  0.45|  0.52|  0.38|  0.50| 0.00| 0.31|-0.08| 0.22| 0.03| 0.13| 0.11|-0.21| 0.02| 0.21|  2| 0.35| 25110| 5.674|0.002| 5.143|0.002| | 0.506|0.002|T|0.58|0.00|L| | 5.1900|0.0006|0.006|151| | 5.18| 5.20|       | | | |05227+7913|I| 1| 1| | | |  |   |       |     |     |    |S| | | 33564|B+79  169 |          |          |0.57|F6V         |X 
H|       25336| |05 25 07.87|+06 20 59.0| 1.64|1|G|081.28278416|+06.34973451| |  13.42|   -8.75|  -13.28|  0.94|  0.59|  0.98|  0.99|  0.62| 0.24| 0.43|-0.16| 0.01| 0.10|-0.13| 0.02| 0.57|-0.16| 0.35|  0| 0.47| 25336| 1.468|0.012| 1.629|0.008| |-0.224|0.008|G|-.22|0.02|A| | 1.5493|0.0008|0.006| 47| | 1.54| 1.57|       |M| | |05252+0620|I| 1| 1| | | |  |   |       |     |     |    |S| | | 35468|B+06  919 |          |          |-.22|B2III       |X 
H|       25428| |05 26 17.50|+28 36 28.3| 1.65| |G|081.57290804|+28.60787346| |  24.89|   23.28| -174.22|  0.80|  0.52|  0.88|  1.03|  0.57| 0.10| 0.23|-0.15| 0.14| 0.20| 0.24| 0.18| 0.33| 0.01| 0.30|  3| 0.41| 25428| 1.605|0.010| 1.670|0.008| |-0.130|0.002|G|-.09|0.03|C| | 1.6151|0.0007|0.004| 42| | 1.61| 1.62|       | | | |05263+2836|I| 1| 1| | | |  |   |       |     |     |    |S| | | 35497|B+28  795 |          |          |-.09|B7III       |X 
H|       25606| |05 28 14.73|-20 45 33.2| 2.81| |H|082.06135971|-20.75923214| |  20.49|   -5.03|  -85.92|  0.55|  0.57|  0.85|  0.93|  0.73| 0.08|-0.13|-0.43|-0.34|-0.24| 0.48|-0.04|-0.30| 0.04| 0.02|  0| 0.99| 25606| 3.868|0.002| 2.925|0.002| | 0.807|0.027|G|0.86|0.02|A| | 2.9674|0.0005|0.004| 87| | 2.96| 2.97|       | | | |05283-2046|I| 1| 1| | | |  |   |       |     |     |    |S| | | 36079|B-20 1096 |          |          |0.86|G5II        |4 
H|       25859| |05 31 12.74|-35 28 13.6| 3.86| |G|082.80306450|-35.47043592| |  11.77|   28.36|  -34.11|  0.40|  0.41|  0.51|  0.48|  0.51| 0.00| 0.12| 0.00| 0.08|-0.11| 0.20|-0.08|-0.03|-0.15|-0.04|  0| 0.15| 25859| 5.340|0.002| 3.996|0.002| | 1.130|0.034|G|1.09|0.02|A| | 4.0314|0.0004|0.004|134| | 4.02| 4.04|       | | | |          | |  | 1|G| | |  |   |       |     |     |    |S| | | 36597|          |C-35  2348|P-35   672|1.09|K1II/III    |3 
H|       25918| |05 31 52.66|-76 20 30.0| 5.18| |G|082.96942437|-76.34166340| |  32.43|  143.20|  287.75|  1.25|  1.02|  1.29|  1.24|  1.37|-0.12| 0.24| 0.02|-0.26|-0.01|-0.05|-0.05|-0.12|-0.04|-0.06|  1|     | 25918| 6.647|0.003| 5.303|0.002| | 1.130|0.015|G|1.11|0.01|G| | 5.3394|0.0006|0.006|125| | 5.33| 5.35|       | | | |05319-7620|I| 1| 1|X| | |  |   |       |     |     |    |S| | | 37763|          |          |P-76   333|1.11|K4III       |X 
H|       25930|H|05 32 00.40|-00 17 56.7| 2.25|2|G|083.00166562|-00.29909340|*|   3.56|    1.67|    0.56|  1.17|  0.72|  0.83|  0.79|  0.46|-0.30| 0.41|-0.05| 0.10|-0.33| 0.29|-0.43| 0.12|-0.32|-0.33|  8| 1.29| 25930| 2.006|0.004| 2.195|0.004|*|-0.175|0.003|G|-.21|0.02|A|*| 2.1361|0.0017|0.030| 95|*| 2.12| 2.22|       |P|1|A|05320-0018|I| 1| 2|C| |A|AD|140|  0.267|0.003| 1.35|0.03|S| |D| 36486|B-00  983 |          |          |-.21|O9.5II      |X 
H|       25985| |05 32 43.81|-17 49 20.3| 2.58|1|G|083.18255798|-17.82229227| |   2.54|    3.27|    1.54|  0.43|  0.46|  0.72|  0.58|  0.57|-0.02| 0.16|-0.19|-0.02|-0.04|-0.19|-0.12| 0.16|-0.25| 0.16|  3|-0.91| 25985| 2.879|0.002| 2.620|0.001| | 0.211|0.008|G|0.32|0.02|A| | 2.6426|0.0005|0.005|150| | 2.64| 2.65|       |M| | |05327-1750|I| 1| 1| | |S|  |   |       |     |     |    |S| | | 36673|B-17 1166 |          |          |0.32|F0Ib        |4 
H|       26069| |05 33 37.52|-62 29 23.5| 3.76|3|T|083.40631813|-62.48985585|*|   3.14|    1.06|   12.56|  0.57|  0.55|  0.59|  0.56|  0.66|-0.10| 0.14| 0.04|-0.15| 0.02|-0.10| 0.01|-0.10|-0.01|-0.11|  5|-0.38| 26069| 4.775|0.058| 3.850|0.034| | 0.640|0.020|G|0.69|0.02|A| | 3.9030|0.0352|0.302| 93| | 3.55| 4.23|   9.84|P|1|A|          | |  | 1|V| | |  |   |       |     |     |    |S| | | 37350|          |C-62   214|P-62   487|0.69|F6Ia        |X 
H|       26207|H|05 35 08.28|+09 56 03.0| 3.39| |G|083.78449043|+09.93416294|A|   3.09|   -1.03|   -1.86|  0.79|  0.54|  0.78|  0.97|  0.53| 0.08| 0.28|-0.17|-0.12|-0.15| 0.03|-0.12|-0.25| 0.06|-0.04|  1| 1.05| 26207| 3.312|0.007| 3.517|0.006|A|-0.160|0.025|G|-.13|0.02|A|*| 3.3298|0.0006|0.005| 65|*| 3.32| 3.34|       |D| | |05351+0956|I| 1| 2|C| |A|AB| 44|  4.340|0.005| 1.96|0.02|S| | | 36861|B+09  879 |          |          |-.13|O...        |S 
H|       26241| |05 35 25.98|-05 54 35.6| 2.75|1|H|083.85825475|-05.90989984| |   2.46|    2.27|   -0.62|  0.60|  0.42|  0.77|  0.65|  0.47| 0.06| 0.37|-0.09| 0.01|-0.20| 0.09|-0.25| 0.20|-0.27| 0.03|  0| 1.37| 26241| 2.499|0.003| 2.740|0.003| |-0.210|0.004|T|-.22|0.01|L| | 2.6706|0.0008|0.006| 77| | 2.66| 2.68|       |M| | |05355-0555|I| 1| 1| | |S|  |   |       |     |     |    |S| | | 37043|B-06 1241 |          |          |-.22|O9III       |X 
H|       26311| |05 36 12.81|-01 12 06.9| 1.69|1|G|084.05338572|-01.20191725| |   2.43|    1.49|   -1.06|  0.72|  0.41|  0.91|  0.80|  0.44| 0.05| 0.46|-0.08| 0.35|-0.28| 0.15|-0.34| 0.42|-0.40| 0.05|  0|-0.45| 26311| 1.553|0.007| 1.692|0.005| |-0.184|0.008|G|-.16|0.02|A| | 1.6235|0.0017|0.013| 96| | 1.60| 1.65|       |U|2| |05363-0112|I| 1| 1| | | |  |   |       |     |     |    |S| | | 37128|B-01  969 |          |          |-.16|B0Ia        |X 
H|       26380| |05 37 01.73|-73 41 56.7| 6.69| |H|084.25720205|-73.69908204| |  26.47|  138.79| -107.29|  0.51|  0.43|  0.56|  0.54|  0.61|-0.12| 0.07| 0.26|-0.35| 0.07| 0.20|-0.04|-0.32|-0.24|-0.13|  0| 0.50| 26380| 7.394|0.007| 6.759|0.005| | 0.584|0.007|G|0.66|0.01|H| | 6.8192|0.0007|0.007|100| | 6.81| 6.83|       |C| | |          | |  | 1| | | |  |   |       |     |     |    |S| | | 38283|          |          |P-73   323|0.66|WN...       |X 
H|       26451| |05 37 38.68|+21 08 33.3| 2.97|2|H|084.41118447|+21.14259299|*|   7.82|    2.39|  -18.04|  1.14|  0.76|  1.02|  1.45|  1.02| 0.18| 0.20|-0.20| 0.31| 0.43|-0.05| 0.44| 0.31|-0.08| 0.63|  0| 1.54| 26451| 2.802|0.007| 2.972|0.008| |-0.148|0.009|T|-.15|0.01|L| | 2.9184|0.0118|0.055| 51| | 2.85| 2.98|       |U|2|C|          | |  | 1|V| | |  |   |       |     |     |    |S| |P| 37202|B+21  908 |          |          |-.15|B4IIIp      |X 
H|       26634| |05 39 38.94|-34 04 26.6| 2.65|1|G|084.91224975|-34.07404941| |  12.16|   -0.10|  -24.05|  0.43|  0.49|  0.60|  0.46|  0.60|-0.09| 0.27|-0.26|-0.10|-0.07| 0.21|-0.03|-0.31| 0.03|-0.08|  1|-0.55| 26634| 2.541|0.002| 2.643|0.003| |-0.120|0.001|G|-.07|0.02|A| | 2.6124|0.0005|0.005|110| | 2.61| 2.62|       |M| | |05396-3404|I| 1| 1| | | |  |   |       |     |     |    |S| | | 37795|          |C-34  2375|P-34   703|-.07|B7IV        |3 
H|       26727|H|05 40 45.52|-01 56 33.3| 1.74| |H|085.18968672|-01.94257841|A|   3.99|    3.99|    2.54|  0.70|  0.41|  0.79|  0.74|  0.40| 0.15| 0.28|-0.15|-0.20|-0.37| 0.17|-0.42| 0.05|-0.35|-0.02|  9| 0.87| 26727| 1.566|0.005| 1.697|0.004|*|-0.199|0.022|G|-.18|0.02|A|*| 1.6812|0.0011|0.009| 88|*| 1.67| 1.69|       |D| | |05408-0156|I| 1| 2|C| |A|AB|164|  2.419|0.006| 2.13|0.03|S| |P| 37742|B-02 1338 |          |          |-.18|O9.5Ib SB   |G 
H|       27072| |05 44 27.97|-22 26 51.0| 3.59| |G|086.11656241|-22.44748663| | 111.49| -292.42| -368.45|  0.38|  0.43|  0.60|  0.43|  0.44| 0.02| 0.23|-0.09|-0.13|-0.27| 0.04|-0.20|-0.05| 0.06|-0.12|  0|-1.47| 27072| 4.180|0.003| 3.650|0.002| | 0.481|0.011|G|0.57|0.02|A| | 3.6977|0.0004|0.004|160| | 3.69| 3.71|       | | | |05445-2226|I| 1| 1| | | |  |   |       |     |     |    |S| | | 38393|B-22 1211 |C-22  2438|P-22   886|0.57|F7V         |4 
H|       27100| |05 44 46.42|-65 44 07.9| 4.34| |G|086.19341279|-65.73554080| |  22.48|  -28.38|    6.12|  0.42|  0.44|  0.46|  0.35|  0.47|-0.06| 0.24|-0.14|-0.33| 0.04|-0.09| 0.04|-0.19| 0.04|-0.02|  2| 0.39| 27100| 4.610|0.002| 4.367|0.002| | 0.217|0.009|G|0.27|0.02|A| | 4.3927|0.0005|0.005|112| | 4.39| 4.40|       |C| | |          | |  | 1| | | |  |   |       |     |     |    |S| | | 39014|          |          |P-65   496|0.27|A7V         |X 
H|       27288| |05 46 57.35|-14 49 19.0| 3.55| |G|086.73895728|-14.82194717| |  46.47|  -14.84|   -1.18|  0.51|  0.41|  0.68|  0.63|  0.45|-0.09| 0.13|-0.11| 0.19|-0.22|-0.10|-0.23| 0.26|-0.20|-0.01|  0|-0.02| 27288| 3.686|0.002| 3.557|0.002| | 0.104|0.003|G|0.11|0.02|A| | 3.5778|0.0005|0.004|117| | 3.57| 3.58|       | | | |          | |  | 1| | | |  |   |       |     |     |    |S| | | 38678|B-14 1232 |          |          |0.11|A2Vann      |4 
H|       27321| |05 47 17.08|-51 04 00.2| 3.85| |G|086.82118054|-51.06671329| |  51.87|    4.65|   81.96|  0.45|  0.46|  0.51|  0.53|  0.61|-0.08| 0.04|-0.05|-0.04| 0.07|-0.09| 0.06| 0.00|-0.21| 0.01|  0| 0.22| 27321| 4.077|0.002| 3.879|0.002| | 0.171|0.002|G|0.18|0.02|A| | 3.9077|0.0006|0.005|102| | 3.90| 3.92|       | | | |          | |  | 1| | | |  |   |       |     |     |    |S| | | 39060|          |C-51  1620|P-51   774|0.18|A3V         |X 
H|       27366| |05 47 45.39|-09 40 10.6| 2.07|1|G|086.93911641|-09.66960186| |   4.52|    1.55|   -1.20|  0.67|  0.52|  0.77|  0.67|  0.50| 0.37| 0.02|-0.16|-0.30|-0.54| 0.20|-0.50|-0.13|-0.05| 0.27|  3| 1.54| 27366| 1.906|0.005| 2.037|0.004| |-0.168|0.027|G|-.14|0.02|A| | 2.0065|0.0020|0.014| 83| | 1.99| 2.02|       |U|2| |          | |  | 1| | | |  |   |       |     |     |    |S| |P| 38771|B-09 1235 |          |          |-.14|B0.5Iavar   |X 
H|       27530| |05 49 49.58|-56 09 59.4| 4.50| |G|087.45656999|-56.16648860| |  18.78|   81.61|  -71.77|  0.45|  0.44|  0.47|  0.51|  0.57| 0.05|-0.03|-0.04| 0.16|-0.01|-0.04|-0.01| 0.10|-0.16| 0.08|  0|-1.15| 27530| 5.900|0.004| 4.619|0.002| | 1.075|0.052|G|1.06|0.02|A| | 4.6622|0.0008|0.006| 99| | 4.65| 4.67|       | | | |          | |  | 1| | | |  |   |       |     |     |    |S| | | 39523|          |          |P-56   946|1.06|K1III       |X 
H|       27628| |05 50 57.55|-35 46 09.5| 3.12| |G|087.73980340|-35.76929225| |  37.94|   55.74|  404.68|  0.45|  0.44|  0.57|  0.50|  0.47|-0.02| 0.20|-0.14| 0.03|-0.15| 0.28|-0.13|-0.12| 0.00|-0.19|  0| 0.52| 27628| 4.627|0.003| 3.242|0.002| | 1.146|0.052|G|1.10|0.02|A| | 3.2833|0.0004|0.004|116| | 3.28| 3.29|       | | | |          | |  | 1| | | |  |   |       |     |     |    |S| | | 39425|          |C-35  2546|P-35   752|1.10|K1.5III     |3 
H|       27654| |05 51 19.15|-20 52 39.0| 3.76| |H|087.82980343|-20.87751376| |  29.05|  228.96| -647.96|  0.46|  0.44|  0.62|  0.63|  0.45| 0.12| 0.09|-0.06|-0.33|-0.41| 0.09|-0.21| 0.04| 0.10|-0.19|  1| 0.94| 27654| 5.029|0.004| 3.889|0.004| | 0.984|0.035|G|1.05|0.02|A| | 3.9262|0.0004|0.005|141| | 3.92| 3.93|       | | | |          | |  | 1| | | |  |   |       |     |     |    |S| | | 39364|B-20 1211 |          |          |1.05|G8III/IV    |4 
H|       27890| |05 54 05.90|-63 05 27.7| 4.65| |G|088.52458376|-63.09102096| |  36.67|  120.11|  573.43|  0.48|  0.44|  0.48|  0.56|  0.53|-0.09| 0.11|-0.10| 0.24|-0.10| 0.00|-0.10| 0.15|-0.14|-0.08|  1| 0.49| 27890| 5.982|0.004| 4.764|0.004| | 1.022|0.045|G|1.03|0.02|A| | 4.8015|0.0005|0.005|116| | 4.80| 4.81|       | | | |          | |  | 1|G| | |  |   |       |     |     |    |S| | | 40409|          |C-63   218|P-63   498|1.03|K1III/IV    |1 
H|       27913| |05 54 23.08|+20 16 35.1| 4.39|1|H|088.59618305|+20.27641498| | 115.43| -163.17|  -98.92|  1.04|  0.61|  1.08|  1.06|  0.60| 0.35| 0.40|-0.25|-0.35|-0.59| 0.22|-0.44|-0.70| 0.13| 0.59|  0|-1.44| 27913| 5.125|0.003| 4.466|0.003| | 0.594|0.008|G|0.66|0.02|G| | 4.5219|0.0010|0.010| 95| | 4.51| 4.54|       |M| | |05544+2017|I| 1| 1| | | |  |   |       |     |     |    |S| | | 39587|B+20 1162 |          |          |0.66|G0V         |X 
H|       27989| |05 55 10.29|+07 24 25.3| 0.45|2|H|088.79287161|+07.40703634| |   7.63|   27.33|   10.86|  1.51|  1.13|  1.64|  2.30|  1.46| 0.08| 0.19|-0.26|-0.21|-0.27| 0.11|-0.15|-0.50| 0.21| 0.28|  0|     | 27989| 2.849|0.009| 0.769|0.019| | 1.500|0.510|G|2.32|0.02|A| | 0.4997|0.0234|0.109| 57| | 0.33| 0.62|       |U|2|C|05552+0724|I| 1| 1|X| |S|  |   |       |     |     |    |S| |P| 39801|B+07 1055 |          |          |2.32|M2Ib        |X 
H|       28103| |05 56 24.32|-14 10 04.9| 3.71| |G|089.10132627|-14.16803805| |  66.47|  -42.23|  139.02|  0.50|  0.44|  0.74|  0.65|  0.59| 0.03| 0.19|-0.10| 0.10|-0.19|-0.17|-0.25| 0.17|-0.26| 0.40|  2| 0.36| 28103| 4.108|0.002| 3.751|0.002| | 0.337|0.012|G|0.39|0.02|A| | 3.7888|0.0003|0.004|136| | 3.78| 3.80|       | | | |          | |  | 1| | | |  |   |       |     |     |    |S| | | 40136|B-14 1286 |          |          |0.39|F1V         |4 
H|       28199| |05 57 32.21|-35 16 59.9| 4.36|1|T|089.38421613|-35.28330688| |   3.82|   -2.65|   11.19|  0.42|  0.44|  0.54|  0.48|  0.50| 0.02| 0.19|-0.08| 0.10|-0.09| 0.19|-0.09| 0.16|-0.09|-0.02|  0|-2.06| 28199| 4.149|0.003| 4.333|0.002| |-0.165|0.015|G|-.16|0.02|A| | 4.3092|0.0021|0.015|134| | 4.28| 4.32|       |U|2|C|05575-3517|I| 1| 1| | | |  |   |       |     |     |    |S| | | 40494|          |C-35  2612|P-35   780|-.16|B2.5IV      |3 
H|       28328| |05 59 08.79|-42 48 54.4| 3.96| |G|089.78662719|-42.81510761| |   6.14|   18.53|  -11.45|  0.44|  0.44|  0.52|  0.48|  0.49| 0.00| 0.09|-0.19|-0.07|-0.11| 0.22|-0.06|-0.14| 0.14|-0.03|  0|-0.38| 28328| 5.420|0.003| 4.068|0.002| | 1.146|0.003|T|1.06|0.02|A| | 4.1205|0.0004|0.004|130| | 4.11| 4.13|       | | | |          | |  | 1| | | |  |   |       |     |     |    |S| | | 40808|          |C-42  2266|P-42   792|1.06|K0III       |X 
H|       28360| |05 59 31.77|+44 56 50.8| 1.90|2|G|089.88237261|+44.94743492|+|  39.72|  -56.41|   -0.88|  0.69|  0.41|  0.78|  0.70|  0.37| 0.07| 0.37|-0.14| 0.34| 0.35| 0.03| 0.36|-0.04| 0.07| 0.23|  0|-0.54| 28360| 1.989|0.005| 1.904|0.005| | 0.077|0.006|T|0.05|0.03|C| | 1.9038|0.0006|0.014|125| | 1.90| 1.97|       |P|1|A|05596+4457|I| 1| 1|O| | |  |   |       |     |     |    |S| | | 40183|B+44 1328 |          |          |0.05|A2V         |X 
H|       28380| |05 59 43.24|+37 12 46.0| 2.65|1|G|089.93015897|+37.21276409| |  18.83|   42.09|  -73.61|  0.77|  0.49|  0.81|  1.04|  0.55| 0.25| 0.25|-0.10| 0.10|-0.22| 0.07|-0.09|-0.56| 0.29| 0.33|  0|-0.41| 28380| 2.574|0.005| 2.641|0.009| |-0.083|0.004|G|-.06|0.01|H| | 2.6103|0.0022|0.014| 98| | 2.59| 2.62|   3.62|P|1|A|05597+3713|I| 1| 1| | | |  |   |       |     |     |    |S| |P| 40312|B+37 1380 |          |          |-.06|A0p Si      |G 
H|       28614|H|06 02 22.99|+09 38 50.5| 4.12| |G|090.59579323|+09.64736756|A|  21.49|   14.19|  -37.44|  1.06|  0.93|  0.82|  1.18|  0.77| 0.28|-0.05|-0.35|-0.48|-0.44| 0.32|-0.35|-0.64| 0.36| 0.48|  3|-0.55| 28614| 4.347|0.003| 4.150|0.002|*| 0.170|0.002|G|0.19|0.02|A|*| 4.1792|0.0005|0.004| 72|*| 4.17| 4.18|       |D| | |06024+0939|I| 1| 2|C| |A|AB| 22|  0.404|0.004| 1.95|0.02|S| | | 40932|B+09 1064 |          |          |0.19|Am...       |X 
H|       28716| |06 03 55.18|+20 08 18.5| 4.64|1|T|090.97993150|+20.13845865| |   0.10|    2.19|   -2.81|  0.78|  0.52|  0.89|  0.81|  0.55| 0.07| 0.35|-0.24|-0.14|-0.13| 0.25| 0.01|-0.35| 0.11| 0.55|  0| 2.05| 28716| 4.916|0.004| 4.668|0.004| | 0.236|0.005|T|0.41|0.03|C| | 4.6947|0.0041|0.020| 72| | 4.67| 4.72|   2.87|P|1|A|          | |  | 1| | | |  |   |       |     |     |    |S| | | 41117|B+20 1233 |          |          |0.41|B2Iavar     |X 
H|       28734|H|06 04 07.22|+23 15 49.1| 4.16| |G|091.03006890|+23.26363207|*|  21.64|   -2.60| -119.72|  1.02|  0.70|  1.06|  1.19|  0.79| 0.32| 0.43|-0.32|-0.32|-0.60| 0.12|-0.37|-0.69| 0.21| 0.70|  0| 1.13| 28734| 5.221|0.003| 4.266|0.003|*| 0.835|0.001|G|0.88|0.01|G|*| 4.3198|0.0007|0.004| 78|*| 4.31| 4.33|       |D| | |06041+2316|I| 1| 2|C|S|A|AB|227|  0.185|0.008| 0.73|0.14|S| | | 41116|B+23 1170 |          |          |0.88|G7III       |X 
H|       28910| |06 06 09.33|-14 56 07.0| 4.67| |G|091.53889172|-14.93528629| |  19.14|  -16.87|   13.16|  0.50|  0.43|  0.70|  0.66|  0.44| 0.02| 0.08|-0.20| 0.09|-0.56| 0.31|-0.47| 0.06| 0.00| 0.26|  1|-0.75| 28910| 4.727|0.002| 4.674|0.002| | 0.046|0.002|G|0.04|0.02|A| | 4.6890|0.0004|0.004|175| | 4.68| 4.70|       | | | |          | |  | 1| | | |  |   |       |     |     |    |S| | | 41695|B-14 1331 |          |          |0.04|A0V         |4 
H|       29034| |06 07 31.63|-37 15 10.5| 5.00| |H|091.88180046|-37.25292114| |   4.28|    0.90|    0.30|  0.44|  0.44|  0.54|  0.49|  0.50| 0.02| 0.08|-0.12| 0.08|-0.15| 0.13|-0.13| 0.12|-0.01|-0.08|  0|-3.58| 29034| 4.873|0.002| 4.983|0.002| |-0.095|0.003|T|-.08|0.00|L| | 4.9753|0.0005|0.005|135| | 4.97| 4.98|       |C| | |          | |  | 1| | | |  |   |       |     |     |    |S| | | 42167|          |C-37  2609|P-37   855|-.08|B8:IV       |3 
H|       29038| |06 07 34.32|+14 46 06.7| 4.42|1|G|091.89300774|+14.76852318| |   6.10|    4.95|  -21.18|  0.83|  0.51|  0.88|  0.90|  0.58| 0.19| 0.34|-0.20| 0.10|-0.06| 0.00| 0.04|-0.21| 0.09| 0.47|  3|-0.69| 29038| 4.207|0.003| 4.387|0.003| |-0.164|0.006|G|-.17|0.03|C| | 4.3588|0.0012|0.007| 68| | 4.35| 4.37|       |M| | |          | |  | 1| | | |  |   |       |     |     |    |S| | | 41753|B+14 1152 |          |          |-.17|B3IV        |X 
H|       29426| |06 11 56.40|+14 12 31.7| 4.45| |H|092.98498656|+14.20881425| |   5.14|   -1.59|  -20.23|  0.73|  0.44|  0.78|  0.73|  0.50| 0.06| 0.43|-0.08| 0.07| 0.06|-0.12| 0.07|-0.17|-0.06| 0.30|  0| 0.37| 29426| 4.245|0.003| 4.426|0.003| |-0.180|0.010|G|-.16|0.03|C| | 4.3991|0.0006|0.005| 82| | 4.39| 4.41|       | | | |06119+1412|I| 1| 1| | | |  |   |       |     |     |    |S| | | 42560|B+14 1187 |          |          |-.16|B3IV        |X 
H|       29434| |06 12 03.28|+16 07 49.6| 4.95| |H|093.01365054|+16.13044684| |   4.21|    5.57|  -16.77|  1.05|  0.58|  1.26|  0.85|  0.60|-0.31| 0.68|-0.53| 0.14|-0.09| 0.27| 0.36|-0.42| 0.36| 0.54|  0| 2.31| 29434| 4.775|0.003| 4.933|0.003| |-0.149|0.007|G|-.12|0.03|C| | 4.9122|0.0007|0.005| 74| | 4.91| 4.92|       | | | |          | |  | 1| | | |  |   |       |     |     |    |S| | | 42545|B+16 1035 |          |          |-.12|B5Vn        |X 
H|       29550| |06 13 35.56|-29 53 50.3| 8.98| |H|093.39817431|-29.89730323| |  18.20|  148.18|   13.97|  1.49|  1.68|  2.18|  1.83|  2.03|-0.03| 0.12|-0.07|-0.19|-0.01| 0.18| 0.01|-0.17| 0.03|-0.05|  0|     | 29550| 9.976|0.023| 9.034|0.017| | 0.817|0.022|T|0.84|0.02|L| | 9.1186|0.0021|0.020|121| | 9.08| 9.16|       |C| | |          | |  | 1|X| | |  |   |       |     |     |    | | | | 43197|          |C-29  2884|P-29  1163|0.79|G8/K0IV/V   |3 
H|       29651| |06 14 51.34|-06 16 29.0| 3.99| |H|093.71390194|-06.27472737| |   5.06|   -6.18|  -20.06|  0.78|  0.63|  0.90|  0.77|  0.66| 0.24| 0.28|-0.40|-0.42|-0.19|-0.17|-0.21|-0.51| 0.28| 0.10|  0|-0.14| 29651| 5.712|0.004| 4.129|0.003| | 1.319|0.006|G|1.27|0.02|A| | 4.1466|0.0008|0.005| 83| | 4.14| 4.16|       |C| | |06149-0616|I| 1| 1| | | |  |   |       |     |     |    |S| | | 43232|B-06 1469 |          |          |1.27|K3III       |X 
H|       29655|H|06 14 52.70|+22 30 24.6| 3.31|2|H|093.71956952|+22.50682376|A|   9.34|  -62.53|  -10.24|  2.24|  1.58|  1.99|  2.46|  1.57|-0.15| 0.50|-0.15|-0.32|-0.04| 0.11| 0.11|-0.59| 0.22|-0.08|  3| 3.00| 29655| 5.358|0.011| 3.485|0.008|A| 1.600|0.390|G|2.70|0.14|O|*| 3.2945|0.0053|0.076| 62|*| 3.20| 3.43| 233.00|P|1|B|06149+2230|I| 1| 2|C| |B|AB|261|  1.705|0.044| 2.69|0.16|S| |W| 42995|B+22 1241 |          |          |2.70|M3III       |X 
H|       29807| |06 16 33.14|-35 08 26.6| 4.37| |H|094.13806399|-35.14073157| |  17.83|    0.39|   87.58|  0.42|  0.45|  0.55|  0.47|  0.48|-0.07| 0.22|-0.01|-0.07|-0.04| 0.06|-0.03|-0.06|-0.02|-0.14|  0|-1.36| 29807| 5.631|0.003| 4.478|0.002| | 0.978|0.049|G|0.94|0.02|A| | 4.5365|0.0004|0.004|121| | 4.53| 4.54|       | | | |          | |  | 1| | | |  |   |       |     |     |    |S| | | 43785|          |C-35  2800|P-35   877|0.94|G8II        |3 
H|       30060| |06 19 37.39|+59 00 39.3| 4.44| |H|094.90579498|+59.01090518|+|  21.88|   -3.51|   24.43|  4.55|  3.16|  0.95|  1.20|  0.57|-0.46| 0.42|-0.18| 0.74|-0.39| 0.32| 0.03|-0.01| 0.01| 0.12|  0|-0.20| 30060| 4.484|0.003| 4.449|0.003| | 0.032|0.004|T|0.05|0.00|L| | 4.4594|0.0004|0.004| 87| | 4.45| 4.47|       |C| | |          | |  | 1|O| | |  |   |       |     |     |    |S| | | 43378|B+59  959 |          |          |0.04|A2Vs        |X 
H|       30122| |06 20 18.79|-30 03 48.2| 3.02|1|G|095.07827982|-30.06337656| |   9.70|    8.00|    3.81|  0.40|  0.43|  0.58|  0.54|  0.51| 0.04| 0.03|-0.07|-0.11|-0.09| 0.25|-0.06|-0.06|-0.07|-0.07|  0|-0.76| 30122| 2.803|0.002| 2.988|0.002| |-0.160|0.002|T|-.20|0.02|A| | 2.9524|0.0004|0.004|126| | 2.94| 2.96|       |M| | |06203-3003|I| 1| 1| | | |  |   |       |     |     |    |S| | | 44402|          |C-30  3038|P-30  1217|-.20|B2.5V       |3 
H|       30277| |06 22 06.85|-33 26 10.6| 3.85| |G|095.52852147|-33.43627251|+|  13.75|  -24.19|  -52.48|  0.74|  1.07|  0.60|  0.54|  0.63| 0.43| 0.22| 0.06| 0.34| 0.24| 0.29|-0.12|-0.49| 0.03|-0.23|  1| 0.09| 30277| 4.939|0.002| 3.943|0.002| | 0.858|0.034|G|0.88|0.02|A| | 3.9932|0.0005|0.004|110| | 3.99| 4.00|       | | | |          | |  | 1|O| | |  |   |       |     |     |    |S| | | 44762|          |C-33  2927|P-33  1122|0.88|G7II        |3 
H|       30324| |06 22 41.99|-17 57 21.3| 1.98|1|G|095.67494750|-17.95591658| |   6.53|   -3.45|   -0.47|  0.50|  0.46|  0.66|  0.60|  0.57| 0.09| 0.15|-0.10|-0.14|-0.15| 0.02|-0.15|-0.23| 0.11|-0.11|  0| 1.28| 30324| 1.747|0.006| 1.933|0.005| |-0.240|0.006|G|-.24|0.02|A| | 1.8911|0.0014|0.010| 84| | 1.88| 1.91|   0.25|P|1|A|06227-1757|I| 1| 1| | | |  |   |       |     |     |    |S| | | 44743|B-17 1467 |          |          |-.24|B1II/III    |4 
H|       30343| |06 22 57.59|+22 30 49.9| 2.87|2|H|095.73996302|+22.51385027| |  14.07|   56.84| -108.79|  0.87|  0.65|  0.93|  1.08|  0.76| 0.30| 0.10|-0.26|-0.24|-0.52| 0.28|-0.38|-0.67| 0.34| 0.48|  2| 1.77| 30343| 4.997|0.006| 3.086|0.006| | 1.621|0.007|T|2.30|0.05|O| | 2.9141|0.0085|0.043| 71| | 2.87| 2.99|       |U|2| |06230+2230|I| 1| 1| | |S|  |   |       |     |     |    |S| | | 44478|B+22 1304 |          |          |2.28|M3IIIvar    |X 
H|       30419| |06 23 46.10|+04 35 34.2| 4.39| |H|095.94207368|+04.59283881|A|  25.39|  -20.88|   10.75|  1.19|  0.93|  1.02|  1.28|  0.99| 0.02| 0.16|-0.33|-0.06|-0.13|-0.21|-0.28|-0.16|-0.09| 0.01| 11| 2.70| 30419| 4.644|0.004| 4.433|0.003|A| 0.215|0.015|G|0.25|0.02|A| | 4.4559|0.0052|0.016| 41|A| 4.44| 4.49|       |D| | |06237+0436|I| 2| 1|C|P|A|  |   |       |     |     |    |S| | | 44769|B+04 1236 |          |          |0.25|A5IV        |X 
H|       30438| |06 23 57.09|-52 41 44.6|-0.62|2|H|095.98787763|-52.69571799| |  10.43|   19.99|   23.67|  0.50|  0.46|  0.53|  0.53|  0.56| 0.02| 0.11|-0.14|-0.23|-0.07| 0.15|-0.06| 0.19|-0.25|-0.04|  1| 3.15| 30438|-0.417|0.019|-0.608|0.016| | 0.164|0.017|G|0.23|0.02|A| |-0.5536|0.0066|0.039| 87| |-0.60|-0.48|       |U| | |          | |  | 1| | |S|  |   |       |     |     |    |S| | | 45348|          |          |P-52   914|0.23|F0Ib        |X 
H|       30665| |06 26 39.20|+13 06 05.1| 6.60| |G|096.66333841|+13.10142119| |  13.23|   10.74| -102.47|  0.83|  0.70|  0.97|  0.93|  0.87|-0.24| 0.15|-0.09|-0.26| 0.23|-0.06| 0.16|-0.30|-0.42|-0.07|  6|-1.60| 30665| 7.234|0.010| 6.660|0.010| | 0.556|0.015|G|0.63|0.01|H| | 6.7324|0.0010|0.006| 38| | 6.71| 6.74|       | | | |          | |  | 1| | | |  |   |       |     |     |    |S| | | 45194|B+13 1250 |          |          |0.63|F7V         |X 
H|       30860| |06 28 45.74|+38 57 47.1| 7.89| |H|097.19059648|+38.96309296| |  20.43|  -43.80|  -53.45|  0.87|  0.55|  0.98|  1.03|  0.64| 0.11| 0.34|-0.02|-0.02|-0.10|-0.12|-0.10|-0.36| 0.06| 0.02|  0| 0.10| 30860| 8.825|0.013| 7.959|0.010| | 0.740|0.015|G|0.79|0.01|H| | 8.0298|0.0016|0.012|101| | 7.99| 8.06|       | | | |          | |  | 1| | | |  |   |       |     |     |    |S| | | 45350|B+39 1637 |          |          |0.79|G5          |S 
H|       30867|H|06 28 49.07|-07 01 59.0| 3.76|2|G|097.20447548|-07.03305042|A|   4.72|   -7.00|   -4.97|  1.14|  0.81|  1.10|  1.16|  0.94|-0.45| 0.15|-0.10|-0.36| 0.05| 0.06| 0.15|-0.61| 0.13|-0.08|  5| 1.98| 30867| 3.600|0.003| 3.742|0.002|*|-0.113|0.033|G|-.11|0.02|A|*| 3.7921|0.0021|0.022|159|-| 3.77| 3.84|       |U|2| |06288-0702|I| 1| 3|C| |B|  |   |       |     |     |    |S| |G| 45725|B-06 1574 |          |          |-.11|B3Ve        |X 
H|       30883| |06 28 57.79|+20 12 43.8| 4.13|1|H|097.24079361|+20.21216720| |   6.49|   -5.98|  -14.08|  0.99|  0.63|  1.06|  0.95|  0.71| 0.06| 0.56|-0.20| 0.02| 0.04|-0.01| 0.15|-0.20| 0.16| 0.33|  0| 0.12| 30883| 3.988|0.003| 4.120|0.003| |-0.115|0.004|T|-.10|0.01|L| | 4.0992|0.0016|0.008| 43| | 4.09| 4.11|       |M| | |06290+2013|I| 1| 1| | |S|  |   |       |     |     |    |S| | | 45542|B+20 1441 |          |          |-.12|B6III       |X 
H|       30905| |06 29 13.07|+10 56 02.6| 8.10| |H|097.30445502|+10.93404377| |  27.67|  206.14|  -62.69|  1.16|  0.81|  1.29|  1.11|  0.86| 0.05| 0.47|-0.22| 0.00| 0.19|-0.16| 0.09|-0.09|-0.20| 0.39|  0|-0.16| 30905| 9.182|0.022| 8.220|0.016| | 0.846|0.020|T|0.86|0.01|L| | 8.2518|0.0075|0.045| 46| | 8.21| 8.32|       |R| | |          | |  | 1| | | |  |   |       |     |     |    | | | | 45652|B+11 1197 |          |          |2.69|K5          |S 
H|       31216| |06 32 54.23|+07 19 58.7| 4.47|1|H|098.22595658|+07.33297921| |   2.16|   -3.89|   -5.80|  0.75|  0.54|  0.86|  0.89|  0.63| 0.13| 0.29|-0.30| 0.16| 0.19|-0.28| 0.12| 0.11|-0.16| 0.52|  0|-0.77| 31216| 4.501|0.004| 4.504|0.003| | 0.023|0.038|G|0.09|0.02|A| | 4.5019|0.0010|0.006| 44| | 4.49| 4.51|       |M| | |          | |  | 1| | | |  |   |       |     |     |    |S| | | 46300|B+07 1337 |          |          |0.09|A0Ib        |X 
H|       31416| |06 35 03.38|-22 57 53.4| 4.54| |G|098.76408302|-22.96483318| |   7.92|   13.11|   16.52|  0.31|  0.39|  0.61|  0.40|  0.51|-0.04| 0.10| 0.11| 0.31|-0.28|-0.14|-0.25| 0.06|-0.05| 0.08|  4| 2.68| 31416| 4.501|0.001| 4.525|0.001| |-0.035|0.004|G|-.01|0.02|A| | 4.5330|0.0003|0.005|244| | 4.52| 4.54|       | | | |          | |  | 1|G| | |  |   |       |     |     |    |S| | | 46933|B-22 1458 |C-22  3235|P-22  1321|-.01|A0III       |4 
H|       31592| |06 36 41.00|-19 15 20.6| 3.95| |H|099.17082883|-19.25570928| |  50.41|   62.32|  -69.91|  0.39|  0.41|  0.70|  0.47|  0.49|-0.18| 0.20|-0.30| 0.22| 0.13|-0.07| 0.06|-0.34| 0.31|-0.35|  0|-0.45| 31592| 5.316|0.002| 4.070|0.002| | 1.037|0.041|G|1.02|0.02|A| | 4.1200|0.0004|0.004|146| | 4.11| 4.13|       |C| | |          | |  | 1| | | |  |   |       |     |     |    |S| | | 47205|B-19 1502 |          |P-19  1369|1.02|K1III+...   |4 
H|       31681| |06 37 42.70|+16 23 57.9| 1.93| |G|099.42792641|+16.39941482| |  31.12|   -2.04|  -66.92|  2.42|  1.80|  2.33|  3.77|  2.60| 0.30| 0.27|-0.07|-0.43|-0.42| 0.04|-0.35|-0.60|-0.07| 0.66|  6|     | 31681|      |     | 2.024|0.009| | 0.001|0.005|G|0.04|0.00|G| | 1.9290|0.0008|0.004| 49| | 1.92| 1.94|       | | | |06377+1624|I| 1| 1|X| | |  |   |       |     |     |    |S| |D| 47105|B+16 1223 |          |          |0.04|A0IV        |X 
H|       31685| |06 37 45.67|-43 11 45.3| 3.17|1|G|099.44029869|-43.19592394| |   7.71|   -0.43|   -3.99|  0.42|  0.52|  0.52|  0.46|  0.61|-0.08|-0.03|-0.11|-0.03| 0.07| 0.10| 0.03|-0.30|-0.02|-0.27|  0|-0.55| 31685| 3.051|0.003| 3.161|0.002| |-0.103|0.015|G|-.07|0.02|A| | 3.1395|0.0018|0.014|107| | 3.13| 3.17|       |U|2| |          | |  | 1| | | |  |   |       |     |     |    |S| | | 47670|          |C-43  2576|P-43   946|-.07|B8III SB    |G 
H|       31895| |06 40 01.70|-48 32 31.3| 8.05| |H|100.00709846|-48.54202825| |  11.44|   26.51|   30.06|  0.64|  0.68|  0.72|  0.70|  0.72| 0.16|-0.04|-0.14|-0.17|-0.15| 0.11|-0.13|-0.04| 0.07| 0.11|  0|-0.41| 31895| 8.969|0.014| 8.140|0.011| | 0.747|0.014|T|0.79|0.01|L| | 8.1948|0.0013|0.009| 98| | 8.18| 8.21|       | | | |          | |  | 1| | | |  |   |       |     |     |    |S| | | 48265|          |C-48  2430|P-48   911|0.78|G5IV/V      |2 
H|       31978|H|06 40 58.66|+09 53 44.7| 4.66|1|G|100.24442101|+09.89576021|A|   3.19|   -0.66|   -2.51|  0.73|  0.52|  0.73|  0.78|  0.57|-0.01| 0.32|-0.23|-0.18|-0.08|-0.07|-0.09|-0.30|-0.02| 0.13|  1|-0.82| 31978| 4.371|0.005| 4.635|0.005|A|-0.233|0.005|G|-.22|0.02|A|*| 4.5554|0.0030|0.015| 56|*| 4.53| 4.57|       |U|2| |06410+0953|I| 1| 2|C| |A|AB|213|  2.909|0.012| 3.33|0.06|S| |W| 47839|B+10 1220 |          |          |-.22|O7          |X 
H|       32246| |06 43 55.93|+25 07 52.2| 3.06|1|H|100.98304088|+25.13115531| |   3.61|   -5.93|  -12.81|  0.97|  0.45|  0.91|  1.25|  0.66| 0.19| 0.32| 0.01| 0.33|-0.11| 0.02| 0.23|-0.44| 0.06| 0.63|  0| 0.48| 32246| 4.852|0.003| 3.170|0.002| | 1.377|0.015|G|1.22|0.01|G| | 3.1915|0.0011|0.007| 82| | 3.18| 3.20|       |M| | |06440+2508|I| 1| 1| | | |  |   |       |     |     |    |S| | | 48329|B+25 1406 |          |          |1.22|A3mA6-A9    |G 
H|       32349| |06 45 09.25|-16 42 47.3|-1.44|2|G|101.28854105|-16.71314306|+| 379.21| -546.01|-1223.08|  1.21|  1.04|  1.58|  1.33|  1.24| 0.05| 0.22|-0.30|-0.50| 0.13|-0.31| 0.12|-0.54| 0.32|-0.05|  0|     | 32349|      |     |      |     | | 0.009|0.007|G|-.02|0.00|A| |-1.0876|0.0024|0.040|159| |-1.17|-0.98|       |U| | |06451-1643|I| 1| 1|O| | |  |   |       |     |     |    |S| |X| 48915|B-16 1591 |          |          |-.02|A0m...      |4 
H|       32362| |06 45 17.43|+12 53 45.8| 3.35| |H|101.32263980|+12.89605513| |  57.02| -115.16| -190.91|  0.74|  0.43|  0.83|  0.67|  0.50|-0.10| 0.54|-0.10|-0.15| 0.07|-0.31| 0.04|-0.43|-0.07| 0.08|  0|-1.42| 32362| 3.879|0.003| 3.393|0.002| | 0.443|0.008|G|0.48|0.03|C| | 3.4417|0.0005|0.004| 86| | 3.44| 3.45|       | | | |          | |  | 1| | | |  |   |       |     |     |    |S| | | 48737|B+13 1396 |          |          |0.48|F5IV        |X 
H|       32533| |06 47 19.84|+08 02 14.2| 4.77|1|H|101.83268467|+08.03728277| |   6.73|  -23.34|  -11.84|  0.68|  0.42|  0.75|  0.72|  0.54|-0.10| 0.37|-0.02|-0.06| 0.05|-0.15|-0.01|-0.42|-0.11|-0.10|  0|-1.37| 32533| 6.600|0.005| 4.931|0.003| | 1.396|0.006|G|1.36|0.00|G| | 4.9161|0.0009|0.007| 94| | 4.90| 4.93|       |M| | |          | |  | 1| | | |  |   |       |     |     |    |S| | | 49161|B+08 1496 |          |          |1.36|K4III       |X 
H|       32607| |06 48 11.54|-61 56 31.1| 3.24| |H|102.04807134|-61.94197988| |  32.96|  -68.39|  242.03|  2.22|  1.87|  2.14|  2.34|  2.29|-0.01| 0.03|-0.01|-0.13|-0.05|-0.18|-0.06|-0.06| 0.00|-0.04|  1|     | 32607| 3.525|0.002| 3.276|0.002| | 0.225|0.019|G|0.28|0.02|A| | 3.3114|0.0005|0.004| 98| | 3.30| 3.32|       | | | |          | |  | 1|X| |S|  |   |       |     |     |    |S| | | 50241|          |          |P-61   720|0.28|A7IV        |X 
H|       32759| |06 49 50.47|-32 30 30.6| 3.50|2|H|102.46027285|-32.50848752| |   4.13|   -9.18|    4.04|  0.36|  0.41|  0.50|  0.43|  0.57| 0.10| 0.11|-0.04| 0.13| 0.03| 0.13| 0.03| 0.17| 0.01| 0.19|  1| 0.70| 32759| 3.370|0.006| 3.503|0.005| |-0.116|0.007|T|-.10|0.01|L| | 3.4644|0.0037|0.048|136| | 3.40| 3.55|       |U|2|C|          | |  | 1| | | |  |   |       |     |     |    |S| | | 50013|          |C-32  3404|P-32  1311|0.12|B1.5IVne    |3 
H|       32768| |06 49 56.14|-50 36 51.8| 2.94| |H|102.48390349|-50.61439973|+|  17.85|   34.23|  -65.85|  0.44|  0.45|  0.49|  0.86|  0.74| 0.04| 0.11| 0.01|-0.11|-0.17| 0.08|-0.09|-0.06|-0.07|-0.32|  1|-0.03| 32768| 4.501|0.003| 3.071|0.002| | 1.207|0.003|T|1.14|0.02|A| | 3.1077|0.0005|0.004|102| | 3.10| 3.12|       | | | |          | |  | 1|O| | |  |   |       |     |     |    |S| | | 50310|          |C-50  2415|P-50  1070|1.14|K0III...    |X 
H|       32916| |06 51 30.49|+40 52 05.0| 8.10| |G|102.87703924|+40.86805498| |  24.55|   34.96| -122.85|  0.98|  0.59|  1.14|  1.18|  0.79|-0.21| 0.39|-0.19| 0.03|-0.10|-0.12|-0.04|-0.30| 0.15|-0.09|  0|-0.50| 32916| 9.017|0.016| 8.175|0.013| | 0.729|0.015|G|0.78|0.01|H| | 8.2432|0.0020|0.013| 93| | 8.22| 8.27|       |C| | |          | |  | 1| | | |  |   |       |     |     |    |S| | | 49674|B+41 1544 |          |          |0.78|G0          |S 
H|       33018| |06 52 47.34|+33 57 40.9| 3.60| |G|103.19725030|+33.96136985| |  16.59|   -2.66|  -47.67|  0.84|  0.43|  0.85|  0.98|  0.54| 0.08| 0.44|-0.12| 0.24| 0.06|-0.03| 0.17|-0.24|-0.03| 0.43|  0| 0.24| 33018| 3.753|0.002| 3.620|0.002| | 0.102|0.009|G|0.14|0.03|C| | 3.6405|0.0006|0.004| 75| | 3.63| 3.65|       | | | |06528+3358|I| 1| 1| | | |  |   |       |     |     |    |S| | | 50019|B+34 1481 |          |          |0.14|A3III       |X 
H|       33160| |06 54 11.48|-12 02 18.9| 4.08|1|H|103.54783633|-12.03859273| |  12.94| -139.04|  -14.47|  0.76|  0.53|  0.87|  0.72|  0.58|-0.19| 0.49|-0.31|-0.23| 0.06|-0.16| 0.12|-0.22| 0.22|-0.01|  2| 0.97| 33160| 5.955|0.004| 4.240|0.003| | 1.418|0.036|G|1.49|0.02|A| | 4.2092|0.0011|0.006| 69| | 4.20| 4.22|       |M| | |          | |  | 1| | | |  |   |       |     |     |    |S| | | 50778|B-11 1681 |          |          |1.49|K4III       |X 
H|       33165| |06 54 13.05|-23 55 42.1| 6.65|2|H|103.55436047|-23.92834798| |   1.74|   -3.86|    4.75|  0.38|  0.51|  0.76|  0.43|  0.66| 0.24| 0.02|-0.18| 0.27|-0.29| 0.24|-0.20|-0.21| 0.25| 0.46|  0|-0.52| 33165| 6.663|0.004| 6.729|0.004| |-0.056|0.005|T|-.03|0.01|L| | 6.6371|0.0017|0.027|222| | 6.57| 6.67|       |U|2| |          | |  | 1| | | |  |   |       |     |     |    |S| | | 50896|          |C-23  4553|P-23  1588|-.01|WN5 (SB1)   |G 
H|       33347| |06 56 08.23|-17 03 15.3| 4.36| |H|104.03427636|-17.05424675| |   1.06|   -2.46|    1.91|  0.46|  0.47|  0.65|  0.57|  0.55|-0.34| 0.12|-0.18| 0.15| 0.11|-0.22| 0.05|-0.11| 0.16|-0.45|  0|-0.86| 33347| 4.292|0.002| 4.377|0.002| |-0.063|0.018|G|0.01|0.02|G| | 4.3690|0.0004|0.005|107| | 4.36| 4.38|       | | | |          | |  | 1| | | |  |   |       |     |     |    |S| | | 51309|B-16 1661 |          |          |0.01|B3Ib/II     |4 
H|       33449| |06 57 16.60|+58 25 23.0| 4.35| |G|104.31916052|+58.42305973| |  19.14|    6.58| -123.53|  0.54|  0.45|  0.76|  0.59|  0.59|-0.02| 0.29| 0.01| 0.19| 0.20|-0.12| 0.20|-0.12| 0.12|-0.19|  0| 1.17| 33449| 5.418|0.004| 4.449|0.004| | 0.850|0.002|G|0.85|0.03|C| | 4.5021|0.0006|0.004| 77| | 4.50| 4.51|       |D| | |06573+5825|I| 1| 1| | |S|  |   |       |     |     |    |S| | | 50522|B+58  982 |          |          |0.85|G5III-IV    |X 
H|       33579| |06 58 37.55|-28 58 19.5| 1.50|1|G|104.65644451|-28.97208931| |   7.57|    2.63|    2.29|  0.37|  0.42|  0.57|  0.48|  0.57| 0.05| 0.00|-0.15| 0.06| 0.00|-0.07|-0.01| 0.13| 0.04| 0.08|  0|-0.01| 33579| 1.350|0.006| 1.500|0.005| |-0.211|0.006|G|-.20|0.02|A| | 1.4160|0.0005|0.005|123| | 1.41| 1.42|       |M| | |06586-2858|I| 1| 1| | | |  |   |       |     |     |    |S| | | 52089|          |C-28  3666|P-28  1586|-.20|B2II        |3 
H|       33719| |07 00 18.10|-05 22 02.5| 6.29| |H|105.07543371|-05.36735720| |  35.63| -115.76|   80.35|  0.73|  0.52|  0.84|  0.68|  0.55|-0.11| 0.42|-0.23|-0.36| 0.03|-0.14| 0.02|-0.46|-0.01| 0.12|  0| 0.31| 33719| 6.988|0.005| 6.358|0.004| | 0.572|0.003|G|0.64|0.00|H| | 6.4132|0.0007|0.005| 79| | 6.40| 6.43|       |C| | |          | |  | 1| | | |  |   |       |     |     |    |S| | | 52265|B-05 1910 |          |          |0.64|G0III-IV    |S 
H|       33856| |07 01 43.15|-27 56 05.4| 3.49|2|H|105.42979876|-27.93484165| |   2.68|   -6.01|    4.64|  0.37|  0.43|  0.59|  0.51|  0.58| 0.11| 0.09|-0.14| 0.16|-0.04| 0.03|-0.03| 0.11|-0.03| 0.25|  0| 0.49| 33856| 5.743|0.007| 3.675|0.004| | 1.729|0.014|G|1.82|0.02|A| | 3.5847|0.0034|0.036|138| | 3.54| 3.64|       |U|2|C|07017-2756|I| 1| 1| | |S|  |   |       |     |     |    |S| | | 52877|          |C-27  3544|P-27  1648|1.82|K4III       |3 
H|       33977| |07 03 01.47|-23 49 59.9| 3.02|2|H|105.75613986|-23.83330131| |   1.27|   -1.56|    4.28|  0.36|  0.40|  0.56|  0.46|  0.55| 0.08| 0.08|-0.18|-0.15| 0.06|-0.02| 0.07|-0.10| 0.03| 0.12|  1| 1.09| 33977| 2.926|0.003| 3.026|0.003| |-0.077|0.035|G|-.03|0.02|A| | 3.0050|0.0022|0.026|162| | 2.97| 3.05|  24.44|P|1|A|          | |  | 1| | | |  |   |       |     |     |    |S| | | 53138|          |C-23  4797|P-23  1747|-.03|B3Ia        |4 
H|       34045| |07 03 45.49|-15 37 59.7| 4.11| |H|105.93955493|-15.63325876| |   8.11|   -0.81|  -11.20|  0.46|  0.47|  0.63|  0.66|  0.56|-0.32| 0.09|-0.06| 0.13| 0.31|-0.09| 0.15|-0.37| 0.11|-0.56|  0|-0.73| 34045| 3.960|0.002| 4.086|0.002| |-0.112|0.011|G|-.09|0.02|A| | 4.0738|0.0004|0.004|122| | 4.07| 4.08|       |C| | |          | |  | 1| | | |  |   |       |     |     |    |S| | | 53244|B-15 1625 |          |          |-.09|B8II        |4 
H|       34088| |07 04 06.54|+20 34 13.1| 4.01|2|H|106.02723079|+20.57029939| |   2.79|   -5.72|   -0.96|  0.78|  0.49|  0.81|  0.82|  0.58|-0.01| 0.44| 0.01|-0.08| 0.10| 0.02| 0.04|-0.37|-0.09|-0.04|  0|-0.18| 34088| 5.139|0.044| 4.106|0.026| | 0.899|0.038|T|0.90|0.03|L| | 4.1689|0.0340|0.214| 71| | 3.86| 4.33|  10.15|P|1|A|07041+2035|I| 1| 1| | | |  |   |       |     |     |    |S| | | 52973|B+20 1687 |          |          |0.94|G3Ibv SB    |G 
H|       34444| |07 08 23.49|-26 23 35.5| 1.83|1|G|107.09785853|-26.39320776| |   1.82|   -2.75|    3.33|  0.33|  0.37|  0.56|  0.40|  0.47| 0.17| 0.09|-0.09| 0.17|-0.05| 0.11|-0.02| 0.02| 0.16| 0.25|  0|-0.16| 34444| 2.704|0.002| 1.913|0.003| | 0.671|0.019|G|0.67|0.02|A| | 1.9628|0.0006|0.006|160| | 1.95| 1.97|       |M| | |          | |  | 1| | | |  |   |       |     |     |    |S| | | 54605|          |C-26  3916|P-26  1793|0.67|F8Ia        |3 
H|       34481| |07 08 44.82|-70 29 57.1| 3.78| |G|107.18676883|-70.49919435|A|  23.02|   23.71|  108.06|  0.92|  0.79|  0.69|  0.94|  0.75|-0.02| 0.23| 0.07|-0.23| 0.01|-0.02| 0.03|-0.02| 0.05|-0.06|  5| 1.48| 34481| 5.073|0.003| 3.876|0.002|A| 1.006|0.015|G|0.94|0.02|A| | 3.9295|0.0086|0.042| 90|A| 3.89| 4.02|       |D| | |07087-7030|I| 2| 1|C|P|A|  |   |       |     |     |    |S| | | 55865|          |          |P-70   600|0.94|G8IIIvar    |X 
H|       34693| |07 11 08.39|+30 14 43.0| 4.41| |G|107.78496505|+30.24528065| |  10.81|  -31.00|  -48.40|  0.98|  0.41|  0.97|  1.02|  0.58| 0.01| 0.58|-0.20| 0.17|-0.14| 0.17| 0.12|-0.37| 0.21| 0.41|  0| 0.57| 34693| 6.049|0.003| 4.534|0.003| | 1.261|0.000|G|1.25|0.03|C| | 4.5603|0.0005|0.005|116| | 4.55| 4.57|       |C| | |07111+3015|I| 1| 1| | | |  |   |       |     |     |    |S| | | 54719|B+30 1439 |          |          |1.25|K2III       |X 
H|       34769| |07 11 51.86|-00 29 34.0| 4.15| |G|107.96608486|-00.49278056| |   8.70|   -0.22|    6.68|  0.75|  0.50|  0.77|  0.80|  0.54| 0.12| 0.00| 0.03|-0.37|-0.04| 0.15|-0.09|-0.49|-0.04|-0.18|  0| 1.46| 34769| 4.155|0.003| 4.149|0.003| |-0.005|0.006|G|0.02|0.02|A| | 4.1544|0.0004|0.003| 79| | 4.15| 4.16|       |C| | |07119-0030|I| 1| 1| | | |  |   |       |     |     |    |S| | | 55185|B-00 1636 |          |          |0.02|A2V         |X 
H|       35037| |07 14 48.66|-26 46 21.7| 4.01|2|H|108.70275679|-26.77268601| |   3.53|  -11.50|    7.67|  0.34|  0.40|  0.58|  0.42|  0.50| 0.17| 0.04|-0.11| 0.18|-0.04| 0.10|-0.01| 0.00| 0.12| 0.24|  1|-1.69| 35037| 3.826|0.003| 4.011|0.003| |-0.150|0.220|G|-.08|0.02|A| | 3.9854|0.0011|0.018|177| | 3.75| 4.00|       |U|2|C|          | |  | 1| | | |  |   |       |     |     |    |S| |P| 56139|          |C-26  4073|P-26  1914|-.08|B2IV/Ve     |3 
H|       35228| |07 16 49.83|-67 57 25.8| 3.97| |H|109.20762844|-67.95717248| |   4.94|   -4.11|    8.50|  0.48|  0.40|  0.46|  0.56|  0.42| 0.09| 0.21| 0.15| 0.06|-0.15|-0.15|-0.11| 0.05| 0.09|-0.15|  0|-0.18| 35228| 4.940|0.003| 4.056|0.002| | 0.760|0.025|G|0.78|0.02|A| | 4.1197|0.0005|0.004|105| | 4.11| 4.13|       | | | |          | |  | 1| | | |  |   |       |     |     |    |S| | | 57623|          |          |P-67   730|0.78|F6II        |X 
H|       35264|H|07 17 08.56|-37 05 51.0| 2.71|2|G|109.28568399|-37.09748689|A|   2.98|  -10.57|    7.00|  0.46|  0.52|  0.55|  0.44|  0.60| 0.09| 0.02| 0.13|-0.01| 0.00| 0.19|-0.04|-0.07|-0.14| 0.01|  4| 2.48| 35264| 4.812|0.004| 2.901|0.003|*| 1.616|0.015|G|1.65|0.02|A|*| 2.8296|0.0021|0.021|111|*| 2.80| 2.86|       |U|2| |07171-3706|I| 1| 2|C| |B|AC|148|  0.716|0.022| 4.00|0.14|S| |P| 56855|          |C-36  3489|P-36  1211|1.65|K3Ib        |3 
H|       35350| |07 18 05.61|+16 32 25.7| 3.58| |G|109.52336162|+16.54047526| |  34.59|  -46.09|  -37.90|  0.82|  0.47|  0.93|  0.96|  0.60|-0.02| 0.34|-0.20|-0.11| 0.24|-0.43| 0.15|-0.34|-0.04| 0.01|  0|-0.43| 35350| 3.723|0.003| 3.593|0.002| | 0.106|0.006|G|0.12|0.02|G| | 3.6148|0.0004|0.003| 76| | 3.61| 3.62|       |C| | |07181+1632|I| 1| 1| | | |  |   |       |     |     |    |S| | | 56537|B+16 1443 |          |          |0.12|A3V...      |X 
H|       35550| |07 20 07.39|+21 58 56.4| 3.50| |G|110.03078890|+21.98233941|+|  55.45|  -18.72|   -7.76|  5.81|  4.11|  0.85| 11.31|  5.00| 0.49| 0.15|-0.05|-0.99|-0.50|-0.18|-0.62|-0.95|-0.04| 0.63|  0| 1.44| 35550| 3.946|0.002| 3.579|0.002| | 0.374|0.015|G|0.44|0.03|C| | 3.6031|0.0007|0.004| 34| | 3.60| 3.61|       | | | |07201+2159|I| 1| 1|O| | |  |   |       |     |     |    |S| |D| 56986|B+22 1645 |          |          |0.44|F0IV...     |X 
H|       35904| |07 24 05.71|-29 18 11.2| 2.45|2|G|111.02377104|-29.30311979| |   1.02|   -3.76|    6.66|  0.37|  0.44|  0.57|  0.44|  0.60| 0.25| 0.08|-0.16| 0.22| 0.03| 0.19| 0.08|-0.01| 0.06| 0.30|  2|-1.81| 35904| 2.398|0.004| 2.451|0.003| |-0.083|0.010|G|0.01|0.02|A| | 2.4215|0.0021|0.030|156| | 2.38| 2.48|       |U|2| |07240-2918|I| 1| 1| | | |  |   |       |     |     |    |S| | | 58350|          |C-29  4328|P-29  1680|0.01|B5Ia        |3 
H|       36046| |07 25 43.68|+27 47 53.8| 3.78| |H|111.43198371|+27.79828561| |  25.90| -121.28|  -84.43|  0.95|  0.67|  0.91|  1.40|  0.62| 0.32| 0.26|-0.34|-0.42|-0.49|-0.03|-0.42|-0.52| 0.02| 0.61|  0| 0.89| 36046| 5.101|0.004| 3.901|0.003| | 1.024|0.001|G|1.01|0.03|G| | 3.9507|0.0007|0.004| 40| | 3.95| 3.96|       | | | |          | |  | 1| | | |  |   |       |     |     |    |S| | | 58207|B+28 1385 |          |          |1.01|G9III+...   |X 
H|       36145| |07 26 42.86|+49 12 41.9| 4.61| |H|111.67858726|+49.21164489| |  13.11|  -10.79|  -48.57|  0.64|  0.58|  0.79|  0.88|  0.63|-0.37| 0.05| 0.11|-0.26| 0.19| 0.19| 0.21|-0.60|-0.24|-0.27|  0|-0.22| 36145| 4.611|0.002| 4.614|0.002| |-0.001|0.002|T|0.02|0.00|L| | 4.6188|0.0006|0.005| 94| | 4.61| 4.63|       | | | |          | |  | 1| | | |  |   |       |     |     |    |S| | | 58142|B+49 1623 |          |          |0.01|A1V         |X 
H|       36188| |07 27 09.07|+08 17 21.9| 2.89|1|G|111.78780121|+08.28940893| |  19.16|  -50.28|  -38.45|  0.77|  0.48|  0.85|  0.77|  0.52|-0.12| 0.37|-0.27|-0.24|-0.12|-0.14|-0.14|-0.23| 0.07|-0.11|  0| 1.74| 36188| 2.794|0.003| 2.878|0.003| |-0.097|0.008|G|-.07|0.02|A| | 2.8546|0.0004|0.005| 65| | 2.84| 2.86|       |M| | |07272+0818|I| 1| 1| | | |  |   |       |     |     |    |S| | | 58715|B+08 1774 |          |          |-.07|B8Vvar      |X 
H|       36377| |07 29 13.88|-43 18 06.8| 3.25|1|H|112.30782630|-43.30189129|+|  17.74|  -59.86|  188.73|  0.42|  0.41|  0.47|  0.41|  0.46|-0.03| 0.15|-0.05| 0.00| 0.00|-0.08|-0.02| 0.04| 0.01|-0.02|  1| 0.71| 36377| 5.251|0.004| 3.438|0.003| | 1.509|0.004|T|1.54|0.01|L| | 3.3757|0.0017|0.014|118| | 3.35| 3.39| 130.50|P|1|A|07292-4318|I| 1| 1|O| | |  |   |       |     |     |    |S| | | 59717|          |C-43  3260|P-43  1499|1.62|K5III SB    |G 
H|       36850|H|07 34 36.00|+31 53 19.1| 1.58| |G|113.65001898|+31.88863645|A|  63.27| -206.33| -148.18|  1.20|  1.03|  1.23|  1.60|  1.47|-0.07| 0.23| 0.26|-0.04| 0.28| 0.24| 0.10|-0.44|-0.35|-0.36| 40| 2.17| 36850|      |     |      |     | | 0.034|0.002|G|0.05|0.00|R|*| 1.5811|0.0009|0.005| 61|*| 1.57| 1.59|       |D| | |07346+3153|I| 1| 2|C| |C|AB| 76|  3.124|0.002| 1.04|0.01|S| | | 60179|B+32 1581 |          |          |0.05|A2Vm        |S 
H|       36962| |07 35 55.37|+26 53 45.6| 4.06|2|G|113.98071783|+26.89600343| |  13.57|  -39.58| -108.08|  0.94|  0.73|  0.87|  1.25|  1.05|-0.16| 0.42|-0.21|-0.52| 0.22|-0.38| 0.15|-0.58| 0.04|-0.21|  0| 2.12| 36962| 6.087|0.006| 4.246|0.004| | 1.540|0.013|G|1.66|0.01|G| | 4.1682|0.0023|0.013| 41| | 4.15| 4.23|       |U|2| |07359+2654|I| 1| 1|G| | |  |   |       |     |     |    |S| | | 60522|B+27 1424 |          |          |1.66|K5III       |X 
H|       37265| |07 39 09.96|+34 35 04.7| 4.89| |H|114.79148501|+34.58463287| |  20.62|  -35.97| -118.03|  0.92|  0.61|  0.96|  1.01|  0.81|-0.01| 0.42|-0.13|-0.02|-0.10|-0.01|-0.03|-0.01| 0.17|-0.02|  0|-1.35| 37265| 5.392|0.004| 4.939|0.003| | 0.413|0.008|G|0.47|0.03|C| | 4.9874|0.0011|0.005| 42| | 4.98| 5.00|       |C| | |          | |  | 1| | | |  |   |       |     |     |    |S| | | 61110|B+34 1649 |          |          |0.47|F3III       |X 
H|       37279| |07 39 18.54|+05 13 39.0| 0.40| |G|114.82724194|+05.22750767|+| 285.93| -716.57|-1034.58|  0.82|  0.50|  0.88|  0.88|  0.38| 0.03| 0.21|-0.30|-0.19|-0.06|-0.22|-0.07|-0.55| 0.14| 0.09|  0| 1.94| 37279|      |     |      |     | | 0.432|0.015|G|0.49|0.02|A| | 0.4607|0.0017|0.007| 20| | 0.45| 0.52|       | | | |07393+0514|I| 1| 1|O| | |  |   |       |     |     |    |S| |D| 61421|B+05 1739 |          |          |0.49|F5IV-V      |X 
H|       37284| |07 39 21.91|-78 16 44.0| 9.37| |G|114.84129342|-78.27887587| |  27.93|  -20.65|  -39.69|  0.80|  0.78|  0.86|  0.91|  0.95| 0.01| 0.23| 0.08| 0.00| 0.01|-0.05| 0.00|-0.13| 0.07|-0.21|  0|-1.16| 37284|10.681|0.034| 9.510|0.021| | 1.006|0.015|G|1.06|0.02|I| | 9.5006|0.0018|0.018|116| | 9.47| 9.54|       | | | |          | |  | 1| | | |  |   |       |     |     |    | | | | 63454|          |          |P-77   324|0.98|K4V         |1 
H|       37447| |07 41 14.88|-09 33 03.9| 3.94| |G|115.31198612|-09.55108315| |  22.61|  -74.80|  -19.64|  0.54|  0.39|  0.80|  0.62|  0.38|-0.07| 0.06|-0.08| 0.29| 0.41|-0.18| 0.45|-0.28|-0.03| 0.12|  3|-0.69| 37447| 5.263|0.002| 4.056|0.002| | 1.022|0.019|G|1.01|0.02|A| | 4.0986|0.0004|0.005|145| | 4.09| 4.11|       |C| | |          | |  | 1| | | |  |   |       |     |     |    |S| | | 61935|B-09 2172 |          |          |1.01|K0III       |X 
H|       37504| |07 41 49.20|-72 36 22.1| 3.93|1|G|115.45498347|-72.60613528| |  24.36|   33.38|   15.29|  0.49|  0.39|  0.48|  0.44|  0.40| 0.06| 0.33| 0.11|-0.32|-0.06|-0.14| 0.01| 0.09| 0.09|-0.05|  0|-0.07| 37504| 5.271|0.003| 4.068|0.002| | 1.033|0.004|G|1.02|0.02|A| | 4.1071|0.0008|0.007| 98| | 4.10| 4.12|       |M| | |07418-7236|I| 1| 1| | | |  |   |       |     |     |    |S| | | 63295|          |          |P-72   627|1.02|K0III       |X 
H|       37740| |07 44 26.87|+24 23 53.3| 3.57| |H|116.11195237|+24.39812929| |  22.73|  -22.45|  -56.24|  0.78|  0.44|  0.83|  0.75|  0.48|-0.24| 0.50|-0.11| 0.18|-0.12|-0.07|-0.09|-0.01| 0.06|-0.26|  2|-1.17| 37740| 4.767|0.003| 3.674|0.003| | 0.932|0.002|G|0.90|0.00|G| | 3.7285|0.0004|0.004| 82| | 3.72| 3.73|       |C| | |07444+2424|I| 1| 1| | | |  |   |       |     |     |    |S| | | 62345|B+24 1759 |          |          |0.90|G8III       |X 
H|       37826| |07 45 19.36|+28 01 34.7| 1.16|1|G|116.33068263|+28.02631031| |  96.74| -625.69|  -45.95|  0.75|  0.45|  0.87|  1.02|  0.53|-0.22| 0.22|-0.11| 0.12|-0.08|-0.35|-0.10|-0.11|-0.11|-0.01|  0|-0.93| 37826| 2.455|0.003| 1.325|0.006| | 0.991|0.005|G|0.97|0.01|G| | 1.2947|0.0006|0.005| 83| | 1.29| 1.30|       |M| | |07454+2802|I| 1| 1| | |S|  |   |       |     |     |    |S| | | 62509|B+28 1463 |          |          |0.97|K0IIIvar    |X 
H|       38041| |07 47 49.57|-54 15 48.5| 8.10| |G|116.95654757|-54.26346735| |  30.66|  147.22| -278.72|  0.63|  0.64|  0.69|  0.84|  0.83| 0.09| 0.00|-0.06| 0.06|-0.15| 0.06|-0.14|-0.10| 0.07| 0.14|  0|-0.92| 38041| 9.024|0.013| 8.188|0.011| | 0.745|0.012|G|0.79|0.01|H| | 8.2473|0.0013|0.015|109| | 8.23| 8.28|       | | | |          | |  | 1| | | |  |   |       |     |     |    | | | | 63765|          |C-53  2007|P-53  1433|0.79|G6IV/V      |1 
H|       38146| |07 49 01.70|-24 54 44.1| 5.32|1|G|117.25706910|-24.91224336| |  10.16|  -34.68|   14.71|  0.97|  1.27|  1.80|  1.16|  1.29|-0.06| 0.11|-0.03| 0.09| 0.13| 0.00| 0.09|-0.38| 0.08|-0.13|  0|     | 38146| 6.235|0.003| 5.399|0.003| | 0.751|0.015|G|0.79|0.04|E| | 5.4547|0.0006|0.008|182| | 5.44| 5.48|       |U|2| |          | |  | 1|X| |S|  |   |       |     |     |    |S| | | 63660|          |C-24  6022|P-24  2928|0.79|G2          |4 
H|       38170| |07 49 17.66|-24 51 35.2| 3.34|1|G|117.32357809|-24.85978401| |   2.42|   -5.56|   -0.71|  0.42|  0.46|  0.74|  0.47|  0.42|-0.04| 0.18|-0.02| 0.12| 0.09| 0.00| 0.12|-0.39| 0.28|-0.04|  0|-0.54| 38170| 4.925|0.002| 3.468|0.002| | 1.218|0.004|G|1.08|0.02|A| | 3.5109|0.0011|0.009|156| | 3.50| 3.55|       |U|2| |07493-2452|I| 1| 1| | |S|  |   |       |     |     |    |S| | | 63700|          |C-24  6030|P-24  2939|1.08|G6Ia        |4 
H|       39211| |08 01 13.30|-01 23 32.7| 4.69|1|H|120.30540155|-01.39242418| |   6.90|   65.97|  -75.73|  0.81|  0.52|  0.94|  0.99|  0.72|-0.36| 0.46|-0.29|-0.16| 0.05|-0.40|-0.12| 0.34| 0.02|-0.06|  0| 1.44| 39211| 6.630|0.006| 4.852|0.004| | 1.475|0.044|G|1.54|0.02|A| | 4.8140|0.0009|0.010| 64| | 4.80| 4.83|       |M| | |          | |  | 1| | | |  |   |       |     |     |    |S| | | 65953|B-00 1882 |          |          |1.54|K4III       |X 
H|       39429| |08 03 35.07|-40 00 11.5| 2.21|1|H|120.89612561|-40.00318846| |   2.33|  -30.82|   16.77|  0.41|  0.40|  0.51|  0.44|  0.41|-0.07| 0.02| 0.10|-0.01| 0.01| 0.08| 0.00|-0.08| 0.08|-0.13|  1|-1.96| 39429| 1.957|0.003| 2.189|0.003| |-0.269|0.018|G|-.22|0.02|A| | 2.1364|0.0010|0.007|102| | 2.12| 2.15|       |M| | |          | |  | 1| | | |  |   |       |     |     |    |S| | | 66811|          |C-39  3939|P-39  2011|-.22|O5IAf       |G 
H|       39757| |08 07 32.70|-24 18 16.0| 2.83|2|H|121.88625899|-24.30443677| |  51.99|  -83.29|   46.38|  0.35|  0.36|  0.66|  0.34|  0.32| 0.28| 0.13| 0.06|-0.02| 0.20|-0.07| 0.23|-0.26| 0.04| 0.49|  0| 0.66| 39757| 3.361|0.003| 2.874|0.002| | 0.458|0.003|T|0.42|0.04|A| | 2.9157|0.0038|0.040|293| | 2.86| 2.96|   0.14|P|1|A|08075-2418|I| 1| 1| | |S|  |   |       |     |     |    |S| |P| 67523|          |C-23  6828|P-23  3368|0.42|F2mF5IIp    |G 
H|       39794|H|08 07 55.84|-68 37 01.7| 4.35| |G|121.98266997|-68.61713647|A|   5.08|  -29.88|   30.58|  0.58|  0.57|  0.56|  0.63|  0.56| 0.03| 0.16| 0.07|-0.14|-0.19| 0.00|-0.18|-0.09|-0.18|-0.24|  0| 1.61| 39794| 4.186|0.004| 4.309|0.005|*|-0.113|0.003|G|-.10|0.02|A|*| 4.3109|0.0007|0.005|102|*| 4.30| 4.32|       |D| | |08079-6837|I| 1| 2|C| |A|AB| 24|  6.048|0.011| 3.11|0.05|S| | | 68520|          |          |P-68   736|-.10|B6IV        |X 
H|       39863| |08 08 35.66|-02 59 01.6| 4.36| |H|122.14857362|-02.98377649| |   1.76|  -16.79|   -3.89|  0.63|  0.45|  0.88|  0.80|  0.52|-0.29| 0.29|-0.32| 0.27| 0.18|-0.10| 0.10| 0.12|-0.13|-0.20|  0|-0.51| 39863| 5.593|0.003| 4.466|0.002| | 0.970|0.040|G|0.92|0.02|A| | 4.5220|0.0008|0.006| 95| | 4.51| 4.53|       | | | |08086-0259|I| 1| 1| | | |  |   |       |     |     |    |S| | | 67594|B-02 2450 |          |          |0.92|G2Ib        |X 
H|       39953| |08 09 31.96|-47 20 11.8| 1.75|1|H|122.38314727|-47.33661177| |   3.88|   -5.93|    9.90|  0.50|  0.41|  0.53|  0.54|  0.43| 0.15|-0.10|-0.03| 0.10|-0.17| 0.15|-0.19|-0.17| 0.26| 0.17|  0|-2.12| 39953| 1.627|0.007| 1.793|0.005| |-0.145|0.008|T|-.14|0.02|A| | 1.7034|0.0016|0.012| 83| | 1.68| 1.72|       |U|2| |08095-4721|I| 1| 1| | | |  |   |       |     |     |    |S| | | 68273|          |C-46  3847|P-46  2202|-.14|WC8 + O9I   |G 
H|       40167|H|08 12 12.71|+17 38 53.3| 4.67| |H|123.05295353|+17.64813756|A|  39.11|   28.29| -150.94|  1.85|  1.01|  1.38|  2.00|  1.15| 0.26|-0.07|-0.10|-0.42|-0.19|-0.17|-0.22|-0.23| 0.12| 0.38|  2| 0.31| 40167|      |     |      |     | | 0.531|0.003|G|0.60|0.00|R|*| 4.7809|0.0008|0.005| 50|-| 4.77| 4.79|       |D| | |08123+1738|I| 2| 3|C| |B|  |   |       |     |     |    |S| |G| 68255|B+18 1867 |          |          |0.60|G0V         |X 
H|       40526| |08 16 30.95|+09 11 08.4| 3.53| |G|124.12895101|+09.18566295| |  11.23|  -46.80|  -48.65|  1.34|  0.60|  0.97|  1.47|  0.77| 0.04| 0.27|-0.26| 0.21|-0.02|-0.18|-0.12| 0.17|-0.12| 0.22|  4| 2.10| 40526| 5.477|0.004| 3.696|0.003| | 1.481|0.006|G|1.47|0.02|A| | 3.6714|0.0010|0.006| 73| | 3.66| 3.68|       | | | |08165+0911|I| 1| 1|G| | |  |   |       |     |     |    |S| | | 69267|B+09 1917 |          |          |1.47|K4III       |X 
H|       40687| |08 18 22.02|+61 27 38.3| 8.20| |G|124.59173488|+61.46064485| |  17.00|  128.33|   31.73|  0.60|  0.60|  0.96|  0.63|  0.71|-0.03| 0.22|-0.12| 0.24| 0.16|-0.07| 0.20|-0.13| 0.06| 0.06|  0| 0.00| 40687| 9.001|0.011| 8.272|0.009| | 0.652|0.015|G|0.72|0.01|H| | 8.3356|0.0014|0.014|142| | 8.31| 8.36|       |C| | |          | |  | 1| | | |  |   |       |     |     |    |S| | | 68988|B+61 1038 |          |          |0.72|G0          |S 
H|       40702| |08 18 31.27|-76 55 11.9| 4.05|1|H|124.63027850|-76.91998251| |  51.40|  109.84|  106.92|  0.48|  0.44|  0.49|  0.53|  0.50|-0.04| 0.18| 0.06|-0.03|-0.17| 0.05|-0.16| 0.15| 0.00|-0.13|  2| 1.01| 40702| 4.540|0.002| 4.105|0.002| | 0.413|0.020|G|0.49|0.02|A| | 4.1488|0.0005|0.004|106| | 4.14| 4.17|       |M| | |          | |  | 1| | | |  |   |       |     |     |    |S| | | 71243|          |          |P-76   507|0.49|F5III       |X 
H|       40843| |08 20 03.87|+27 13 07.0| 5.13| |H|125.01613464|+27.21862138| |  55.17|  -18.38| -376.26|  0.78|  0.46|  0.93|  0.86|  0.79|-0.32| 0.34|-0.29|-0.16| 0.02|-0.03|-0.06| 0.21|-0.34|-0.36|  0| 0.33| 40843| 5.689|0.004| 5.182|0.003| | 0.487|0.004|T|0.56|0.00|L| | 5.2335|0.0004|0.004| 95| | 5.23| 5.24|       | | | |          | |  | 1| | | |  |   |       |     |     |    |S| | | 69897|B+27 1589 |          |          |0.55|F6V         |X 
H|       40881| |08 20 32.15|+24 01 20.5| 5.92| |H|125.13395549|+24.02235699| |   7.78|  -20.67|  -17.84|  0.83|  0.47|  0.97|  1.09|  0.87|-0.22| 0.29|-0.21| 0.15| 0.04| 0.04|-0.01| 0.36|-0.31|-0.16|  2|-1.36| 40881| 5.864|0.003| 5.910|0.004| |-0.039|0.004|T|-.02|0.00|L| | 5.9153|0.0006|0.006|110| | 5.91| 5.93|       |C| | |          | |  | 1| | | |  |   |       |     |     |    |S| | | 70011|B+24 1909 |          |          |-.02|B9.5V       |X 
H|       41037|H|08 22 30.86|-59 30 34.3| 1.86|2|G|125.62860299|-59.50953829|A|   5.16|  -25.34|   22.72|  0.69|  0.61|  0.49|  0.53|  0.45|-0.08|-0.04|-0.06| 0.12|-0.17| 0.02|-0.20|-0.07| 0.15|-0.18|  2| 1.95| 41037| 3.496|0.003| 2.080|0.003|*| 1.196|0.003|T|1.16|0.00|L|*| 1.9996|0.0033|0.021| 79|*| 1.96| 2.04|       |U|2| |08225-5931|H| 1| 2|C| |A|AB|132|  0.463|0.005| 1.96|0.02|S| |P| 71129|          |          |P-59  1032|1.58|K3III+B2V   |G 
H|       41075| |08 22 50.13|+43 11 18.1| 4.25|1|G|125.70887544|+43.18837233| |   8.39|  -25.62|  -99.44|  0.71|  0.44|  0.79|  0.95|  0.58| 0.01| 0.25|-0.17| 0.13|-0.05| 0.07|-0.05| 0.03|-0.04|-0.03|  0| 0.44| 41075| 6.288|0.004| 4.426|0.003| | 1.550|0.003|G|1.61|0.03|C| | 4.3650|0.0009|0.007| 85| | 4.35| 4.38|       |M| | |          | |  | 1| | | |  |   |       |     |     |    |S| | | 70272|B+43 1815 |          |          |1.61|K5III       |X 
H|       41312| |08 25 44.25|-66 08 11.5| 3.77| |G|126.43435936|-66.13652042| |  30.21|  -35.83| -152.15|  0.44|  0.39|  0.45|  0.44|  0.35| 0.01| 0.02| 0.22| 0.04|-0.04|-0.13|-0.02|-0.18| 0.05|-0.08|  0| 2.68| 41312| 5.230|0.003| 3.895|0.002| | 1.132|0.003|T|1.10|0.02|A| | 3.9319|0.0005|0.005|111| | 3.93| 3.94|       | | | |          | |  | 1| | | |  |   |       |     |     |    |S| | | 71878|          |C-65   648|P-65   933|1.10|K2IIIvar    |X 
H|       41704| |08 30 16.03|+60 43 06.4| 3.35| |H|127.56679232|+60.71843110| |  17.76| -134.31| -107.73|  0.40|  0.44|  0.65|  0.40|  0.47|-0.21| 0.17|-0.14| 0.35| 0.09|-0.07| 0.14|-0.22| 0.04|-0.10|  1| 2.22| 41704| 4.426|0.002| 3.450|0.002| | 0.856|0.002|T|0.87|0.00|L| | 3.5041|0.0004|0.004|134| | 3.50| 3.51|       | | | |08303+6043|I| 1| 1| | | |  |   |       |     |     |    |S| | | 71369|B+61 1054 |          |          |0.87|G4II-III    |X 
H|       42313| |08 37 39.41|+05 42 13.7| 4.14| |H|129.41419739|+05.70379868| |  18.21|  -70.27|   -6.99|  0.71|  0.48|  0.88|  0.89|  0.63|-0.17| 0.30|-0.19| 0.21| 0.11|-0.11| 0.08| 0.48|-0.08|-0.15|  0| 2.27| 42313| 4.163|0.003| 4.139|0.002| | 0.003|0.004|G|0.02|0.02|A| | 4.1512|0.0004|0.004|106| | 4.15| 4.16|       | | | |08376+0543|I| 1| 1| | | |  |   |       |     |     |    |S| | | 73262|B+06 2001 |          |          |0.02|A1Vnn       |X 
H|       42402| |08 38 45.45|+03 20 29.3| 4.45| |G|129.68936993|+03.34147477| |   9.25|  -19.03|  -16.29|  0.70|  0.49|  0.94|  0.95|  0.61|-0.11| 0.22|-0.39| 0.10| 0.27|-0.33| 0.10| 0.45|-0.23| 0.07|  0| 1.09| 42402| 6.024|0.004| 4.582|0.003| | 1.216|0.004|T|1.12|0.02|A| | 4.6208|0.0004|0.004| 81| | 4.62| 4.63|       |C| | |          | |  | 1| | | |  |   |       |     |     |    |S| | | 73471|B+03 2026 |          |          |1.12|K2III       |X 
H|       42446| |08 39 15.87|+12 57 38.2| 8.23| |H|129.81613153|+12.96060186| |  10.31| -113.68|  -93.19|  1.09|  0.62|  1.11|  1.54|  0.86|-0.07| 0.28|-0.27|-0.24| 0.08|-0.14|-0.05| 0.21|-0.06| 0.23|  0| 0.73| 42446| 9.460|0.022| 8.343|0.015| | 0.962|0.021|T|0.95|0.02|L| | 8.3904|0.0013|0.011| 76| | 8.37| 8.41|       |C| | |          | |  | 1| | | |  |   |       |     |     |    |S| | | 73534|B+13 1956 |          |          |0.96|G5          |S 
H|       42515| |08 40 06.14|-35 18 29.9| 3.97| |H|130.02556894|-35.30830091| |   8.40|    9.68|  -21.18|  0.36|  0.40|  0.55|  0.39|  0.42| 0.13|-0.11| 0.01| 0.01| 0.01| 0.20| 0.01|-0.22| 0.07| 0.18|  0|-0.49| 42515| 5.138|0.002| 4.068|0.002| | 0.936|0.005|G|0.91|0.02|A| | 4.1264|0.0004|0.005|158| | 4.12| 4.13|       |C| | |08401-3519|I| 1| 1| | |S|  |   |       |     |     |    |S| | | 74006|          |C-34  5128|P-34  2846|0.91|G5II/III    |3 
H|       42536| |08 40 17.61|-52 55 19.1| 3.60|1|G|130.07337168|-52.92197259| |   6.59|  -24.62|   35.09|  0.46|  0.40|  0.51|  0.54|  0.48| 0.16| 0.17| 0.04| 0.08|-0.05| 0.04|-0.08|-0.14|-0.13| 0.15|  1|-0.57| 42536| 3.388|0.003| 3.568|0.002| |-0.168|0.006|G|-.16|0.02|A| | 3.5371|0.0017|0.018|105| | 3.51| 3.56|   2.80|P|1|A|          | |  | 1|G| | |  |   |       |     |     |    |S| | | 74195|          |          |P-52  1583|-.16|B3IV        |X 
H|       42556| |08 40 27.03|+19 32 41.4| 6.29| |H|130.11263537|+19.54484056| |   5.95|  -33.74|  -13.57|  0.85|  0.51|  0.91|  0.91|  0.67|-0.14| 0.34|-0.18|-0.24|-0.02|-0.27|-0.06| 0.34|-0.11|-0.15|  2| 1.23| 42556| 6.492|0.007| 6.309|0.007| | 0.170|0.003|G|0.18|0.03|C| | 6.3427|0.0009|0.006| 77| | 6.33| 6.35|       |C| | |08404+1932|I| 1| 1| | | |  |   |       |     |     |    |S| | | 73731|B+20 2171 |          |          |0.18|Am          |X 
H|       42568| |08 40 37.04|-59 45 39.7| 4.31|1|H|130.15431317|-59.76101468| |   2.31|   -6.87|    4.92|  0.44|  0.39|  0.46|  0.49|  0.43| 0.05|-0.07| 0.04| 0.04|-0.04|-0.02|-0.04| 0.05|-0.03|-0.06|  1| 1.83| 42568| 4.163|0.002| 4.305|0.002| |-0.117|0.005|G|-.08|0.02|A| | 4.2809|0.0005|0.006|130| | 4.27| 4.29|       |M| | |08406-5946|I| 1| 1| | | |  |   |       |     |     |    |S| |P| 74375|          |          |P-59  1080|-.08|B1.5III     |X 
H|       42799| |08 43 13.49|+03 23 55.2| 4.30| |G|130.80619315|+03.39866539| |   6.99|  -19.14|   -1.29|  0.74|  0.49|  0.92|  1.04|  0.63| 0.01| 0.16|-0.29| 0.32| 0.27|-0.31| 0.17| 0.51|-0.15| 0.13|  2|-1.39| 42799| 4.052|0.003| 4.256|0.003| |-0.192|0.006|G|-.20|0.02|A| | 4.2274|0.0005|0.005| 84| | 4.22| 4.24|       |C| | |          | |  | 1| | | |  |   |       |     |     |    |S| | | 74280|B+03 2039 |          |          |-.20|B3V...      |X 
H|       42806| |08 43 17.21|+21 28 06.9| 4.66| |G|130.82172127|+21.46859609| |  20.58| -106.94|  -39.25|  0.83|  0.48|  0.87|  1.03|  0.75|-0.10|-0.07| 0.02|-0.27|-0.05|-0.19| 0.07| 0.28|-0.11|-0.27|  0| 1.40| 42806| 4.696|0.003| 4.670|0.002| | 0.010|0.000|G|0.03|0.00|H| | 4.6734|0.0006|0.004| 80| | 4.67| 4.68|       |C| | |08433+2128|I| 1| 1| | | |  |   |       |     |     |    |S| | | 74198|B+21 1895 |          |          |0.03|A1IV        |X 
H|       42828| |08 43 35.55|-33 11 11.1| 3.68|1|G|130.89811451|-33.18641133| |   3.86|  -14.28|   10.60|  0.34|  0.37|  0.53|  0.34|  0.37| 0.25| 0.06|-0.03|-0.08| 0.04| 0.07| 0.07|-0.21| 0.19| 0.40|  0|-1.67| 42828| 3.459|0.002| 3.657|0.001| |-0.180|0.010|G|-.17|0.02|A| | 3.6188|0.0005|0.005|172| | 3.61| 3.63|       |M| | |          | |  | 1| | | |  |   |       |     |     |    |S| | | 74575|          |C-32  5651|P-32  2399|-.17|B1.5III     |3 
H|       42911| |08 44 41.11|+18 09 17.5| 3.94| |G|131.17129209|+18.15486399| |  23.97|  -17.10| -228.46|  0.83|  0.44|  0.83|  0.97|  0.65|-0.06| 0.12|-0.10|-0.32|-0.01|-0.28|-0.01| 0.29|-0.10|-0.10|  2| 1.26| 42911| 5.334|0.003| 4.053|0.003| | 1.083|0.005|G|1.01|0.02|G| | 4.1036|0.0006|0.003| 84| | 4.10| 4.11|       | | | |08447+1809|I| 1| 1| | | |  |   |       |     |     |    |S| | | 74442|B+18 2027 |          |          |1.01|K0III       |X 
H|       42913|H|08 44 42.20|-54 42 30.8| 1.93| |H|131.17582214|-54.70856797|A|  40.90|   28.78| -104.14|  0.40|  0.42|  0.38|  0.43|  0.42| 0.07|-0.06|-0.02|-0.18|-0.12| 0.12|-0.12|-0.18| 0.02|-0.02|  3| 1.25| 42913| 2.050|0.002| 1.949|0.003|*| 0.043|0.006|G|0.05|0.02|A|*| 1.9511|0.0003|0.003|104|*| 1.95| 1.96|       |D| | |08448-5442|I| 1| 2|C| |A|AB|  5|  0.736|0.014| 3.58|0.07|S| | | 74956|          |          |P-54  1788|0.05|A1V         |X 
H|       43103| |08 46 41.83|+28 45 36.0| 4.03| |G|131.67430955|+28.76000509|A|  10.94|  -20.69|  -43.95|  1.57|  1.16|  1.35|  1.60|  1.31|-0.32| 0.34|-0.31| 0.21| 0.00| 0.01|-0.08| 0.50|-0.14|-0.10|  3| 0.24| 43103| 5.286|0.003| 4.132|0.003|A| 1.007|0.015|G|0.96|0.00|G| | 4.1992|0.0058|0.005| 80|A| 4.19| 4.21|       |D| | |08467+2846|I| 2| 1|C|P|B|  |   |       |     |     |    |S| | | 74739|B+29 1824 |          |          |0.96|G8Iab:      |S 
H|       43109|H|08 46 46.65|+06 25 08.1| 3.38| |G|131.69435930|+06.41890691|A|  24.13| -231.04|  -40.17|  1.16|  0.79|  1.29|  1.51|  1.03|-0.12| 0.15| 0.02| 0.14| 0.01| 0.02| 0.01| 0.45|-0.18|-0.26|  3| 3.34| 43109| 4.248|0.003| 3.474|0.003|A| 0.685|0.002|G|0.78|0.02|A|*| 3.5004|0.0006|0.005|104|*| 3.49| 3.51|       |D| | |08468+0625|I| 1| 2|C| |B|AC|291|  2.866|0.027| 3.10|0.10|S| |W| 74874|B+06 2036 |          |          |0.78|G0III-IV    |X 
H|       43234| |08 48 25.98|+05 50 16.4| 4.35| |G|132.10825351|+05.83788486| |   9.67|  -17.51|  -29.79|  0.78|  0.47|  1.00|  1.09|  0.68|-0.05| 0.14|-0.14| 0.07| 0.10|-0.25| 0.08| 0.55|-0.22|-0.08|  2|-1.52| 43234| 4.323|0.002| 4.341|0.003| |-0.044|0.007|G|-.03|0.02|A| | 4.3465|0.0004|0.004| 90| | 4.34| 4.36|       |C| | |08484+0550|I| 1| 1| | | |  |   |       |     |     |    |S| | | 75137|B+06 2040 |          |          |-.03|A0Vn        |X 
H|       43409| |08 50 32.01|-27 42 36.2| 4.02| |H|132.63338051|-27.71005869| |  15.63| -133.49|   88.16|  0.38|  0.41|  0.58|  0.40|  0.41|-0.14|-0.05| 0.03| 0.18|-0.16| 0.09|-0.16| 0.14| 0.04|-0.19|  0| 0.65| 43409| 5.674|0.003| 4.162|0.002| | 1.272|0.021|G|1.24|0.02|A| | 4.1794|0.0004|0.005|156| | 4.17| 4.19|       | | | |          | |  | 1| | | |  |   |       |     |     |    |S| | | 75691|          |C-27  5986|P-27  3442|1.24|K3III       |3 
H|       43587| |08 52 36.13|+28 19 53.0| 5.96| |G|133.15055377|+28.33138843| |  79.80| -485.48| -234.40|  0.75|  0.47|  0.84|  0.98|  0.78|-0.16| 0.29|-0.03|-0.05|-0.07|-0.38| 0.00| 0.47| 0.06|-0.27|  0| 0.31| 43587| 7.057|0.006| 6.043|0.005| | 0.869|0.012|G|0.82|0.07|F| | 6.1054|0.0007|0.006|108| | 6.09| 6.12|       |C| | |          | |  | 1| | | |  |   |       |     |     |    |S| | | 75732|B+28 1660 |          |          |0.82|G8V         |X 
H|       43674| |08 53 50.87|+33 03 24.8| 8.03| |H|133.46196515|+33.05688020| |  12.41|  -95.60|  -28.24|  0.97|  0.62|  1.08|  1.16|  0.91|-0.17| 0.24| 0.06|-0.20|-0.03|-0.31| 0.01| 0.32|-0.06|-0.23|  0| 0.65| 43674| 8.795|0.013| 8.103|0.011| | 0.626|0.015|G|0.69|0.01|H| | 8.1668|0.0013|0.013| 85| | 8.14| 8.22|       |C| | |          | |  | 1| | | |  |   |       |     |     |    |S| | | 75898|B+33 1776 |          |          |0.69|G0          |S 
H|       43813| |08 55 23.68|+05 56 43.9| 3.11| |G|133.84868687|+05.94552770| |  21.64|  -99.76|   14.65|  0.77|  0.55|  0.99|  1.12|  0.62|-0.13| 0.28|-0.44| 0.09| 0.43|-0.45| 0.22| 0.19|-0.11| 0.05|  0|-1.32| 43813| 4.403|0.004| 3.232|0.003| | 0.978|0.049|G|0.96|0.02|A| | 3.2803|0.0005|0.003| 60| | 3.27| 3.29|       |C| | |          | |  | 1| | | |  |   |       |     |     |    |S| | | 76294|B+06 2060 |          |          |0.96|G8III-IV    |X 
H|       44066| |08 58 29.20|+11 51 28.0| 4.26| |G|134.62165408|+11.85777198| |  18.79|   41.45|  -29.22|  1.01|  0.60|  0.99|  1.03|  0.67|-0.22| 0.49|-0.22| 0.03| 0.27|-0.21| 0.26| 0.29| 0.11|-0.18|  0| 0.15| 44066| 4.441|0.003| 4.274|0.002| | 0.141|0.017|G|0.14|0.03|C| | 4.3023|0.0005|0.004| 84| | 4.30| 4.31|       | | | |08585+1151|I| 1| 1|G| | |  |   |       |     |     |    |S| | | 76756|B+12 1948 |          |          |0.14|A5m         |X 
H|       44127| |08 59 12.84|+48 02 32.5| 3.12| |H|134.80349479|+48.04234956| |  68.32| -441.12| -215.21|  0.67|  0.49|  0.79|  0.84|  0.48|-0.17| 0.07|-0.26|-0.05| 0.17|-0.18| 0.15|-0.27| 0.09| 0.05|  2| 1.32| 44127| 3.393|0.002| 3.159|0.002| | 0.223|0.003|T|0.25|0.00|L| | 3.1880|0.0006|0.005| 91| | 3.18| 3.20|       | | | |08592+4803|I| 1| 1| | | |  |   |       |     |     |    |S| | | 76644|B+48 1707 |          |          |0.22|A7IV        |X 
H|       44248|H|09 00 38.75|+41 47 00.4| 3.96| |H|135.16146765|+41.78344401|A|  60.86| -487.67| -219.29|  1.44|  1.23|  1.30|  1.42|  0.76|-0.58| 0.16|-0.12|-0.51| 0.46|-0.17| 0.50|-0.73| 0.06|-0.50| 25| 2.15| 44248| 4.494|0.003| 4.015|0.003|*| 0.463|0.003|T|0.53|0.00|L|*| 4.0591|0.0006|0.005|115|*| 4.05| 4.07|       |D| | |09007+4147|I| 1| 2|C| |B|AB|217|  0.548|0.009| 2.30|0.04|S| | | 76943|B+42 1956 |          |          |0.51|F5V         |X 
H|       44382| |09 02 26.80|-66 23 45.0| 4.00| |G|135.61166181|-66.39584369| |  26.24|   -2.01|  -95.80|  0.47|  0.45|  0.51|  0.57|  0.44| 0.00| 0.20| 0.16|-0.11| 0.02|-0.18| 0.05|-0.21| 0.10|-0.12|  1| 2.17| 44382| 4.198|0.002| 4.020|0.002| | 0.145|0.003|G|0.15|0.02|A| | 4.0505|0.0005|0.004| 98| | 4.04| 4.06|       |C| | |          | |  | 1| | | |  |   |       |     |     |    |S| | | 78045|          |          |P-65  1065|0.15|Am          |X 
H|       44471|H|09 03 37.56|+47 09 24.0| 3.57| |H|135.90649494|+47.15665934|*|   7.71|  -37.37|  -55.39|  0.72|  0.53|  0.83|  0.81|  0.51|-0.24| 0.10|-0.11|-0.24| 0.13|-0.09| 0.16|-0.46| 0.01|-0.02|  2| 0.16| 44471| 3.579|0.002| 3.572|0.003|*| 0.007|0.004|T|0.03|0.00|L|*| 3.5778|0.0006|0.005| 90|*| 3.57| 3.59|       |D| | |09036+4709|I| 1| 2|C|S|A|AB|265|  0.128|0.016| 0.39|0.28|S| | | 77327|B+47 1633 |          |          |0.02|A1Vn        |X 
H|       44700| |09 06 31.79|+38 27 08.1| 4.56| |H|136.63245022|+38.45225024| |   4.81|  -28.37|  -14.34|  0.70|  0.46|  0.76|  1.05|  0.42|-0.08|-0.02|-0.16| 0.29| 0.36|-0.36| 0.44|-0.32|-0.06| 0.32|  0|-0.61| 44700| 5.877|0.003| 4.673|0.002| | 1.037|0.003|G|0.97|0.03|C| | 4.7278|0.0005|0.004|110| | 4.72| 4.74|       | | | |          | |  | 1| | | |  |   |       |     |     |    |S| | | 77912|B+39 2200 |          |          |0.97|G8Ib-II     |X 
H|       44816| |09 07 59.78|-43 25 57.4| 2.23|2|H|136.99907126|-43.43262406| |   5.69|  -23.21|   14.28|  0.41|  0.40|  0.53|  0.50|  0.41| 0.16|-0.01| 0.14| 0.12| 0.10| 0.06| 0.09|-0.05|-0.05| 0.19|  0| 1.01| 44816| 4.428|0.006| 2.408|0.003| | 1.665|0.013|G|1.69|0.02|A| | 2.3385|0.0036|0.025|113| | 2.29| 2.38|       |U|2|C|09080-4326|I| 1| 1| | | |  |   |       |     |     |    |S| | | 78647|          |C-42  4990|P-42  3366|1.69|K4Ib-II     |X 
H|       44946| |09 09 21.53|+22 02 43.6| 5.16| |H|137.33972475|+22.04544728| |   8.57|   -0.48|   -0.70|  0.98|  0.61|  0.85|  1.32|  0.82|-0.35|-0.02|-0.15|-0.58| 0.32|-0.16| 0.31|-0.47|-0.01|-0.38|  2|-0.94| 44946| 6.388|0.003| 5.256|0.004| | 0.970|0.005|G|0.90|0.00|G| | 5.3182|0.0008|0.005| 59| | 5.31| 5.33|       |C| | |09094+2203|I| 1| 1|G| | |  |   |       |     |     |    |S| | | 78515|B+22 2061 |          |          |0.90|K0III       |X 
H|       45080| |09 10 58.11|-58 58 00.9| 3.43|1|H|137.74210535|-58.96693014| |   7.79|  -17.67|   14.14|  0.43|  0.42|  0.47|  0.46|  0.48|-0.02|-0.14|-0.02| 0.30|-0.27| 0.15|-0.18| 0.32|-0.06|-0.27|  0|-2.05| 45080| 3.205|0.002| 3.401|0.002| |-0.190|0.010|G|-.17|0.02|A| | 3.3666|0.0006|0.006|117| | 3.36| 3.38|       |M| | |          | |  | 1|G| | |  |   |       |     |     |    |S| | | 79351|          |          |P-58  1419|-.17|B2IV        |X 
H|       45238| |09 13 12.24|-69 43 02.9| 1.67|1|G|138.30100329|-69.71747245| |  29.34| -157.66|  108.91|  0.47|  0.42|  0.47|  0.56|  0.42| 0.26| 0.03| 0.14|-0.20|-0.16| 0.10|-0.16|-0.23| 0.18| 0.32|  1| 0.40| 45238| 1.746|0.006| 1.675|0.006| | 0.070|0.008|T|0.02|0.02|A| | 1.6625|0.0004|0.004|106| | 1.65| 1.67|       |M| | |          | |  | 1| | | |  |   |       |     |     |    |S| | | 80007|          |          |P-69  1023|0.02|A2IV        |X 
H|       45336| |09 14 21.79|+02 18 54.1| 3.89| |H|138.59080529|+02.31502422| |  25.34|  112.57| -306.07|  1.00|  0.74|  0.97|  1.41|  1.20|-0.39| 0.04| 0.06|-0.58| 0.39|-0.05| 0.35|-0.65|-0.26|-0.47|  0| 2.27| 45336| 3.822|0.003| 3.876|0.003| |-0.060|0.000|G|-.07|0.02|A| | 3.8713|0.0006|0.005| 55| | 3.86| 3.88|       |C| | |09144+0219|I| 1| 1|G| | |  |   |       |     |     |    |S| | | 79469|B+02 2167 |          |          |-.07|B9.5V       |X 
H|       45556| |09 17 05.43|-59 16 30.9| 2.21| |H|139.27261834|-59.27526115| |   4.71|  -19.03|   13.11|  0.39|  0.40|  0.46|  0.37|  0.38| 0.12|-0.17| 0.06| 0.15|-0.11| 0.10|-0.16|-0.17| 0.10| 0.07|  0|-1.17| 45556| 2.490|0.004| 2.269|0.003| | 0.189|0.026|G|0.28|0.02|A| | 2.2822|0.0003|0.003|109| | 2.28| 2.29|       | | | |          | |  | 1| | | |  |   |       |     |     |    |S| | | 80404|          |C-58  2529|P-58  1465|0.28|A8Ib        |X 
H|       45688|H|09 18 50.67|+36 48 10.4| 3.82| |G|139.71111394|+36.80289763|A|  26.75|  -32.61| -123.78|  0.81|  0.68|  0.81|  0.80|  0.52|-0.11|-0.21|-0.29|-0.23| 0.18| 0.08| 0.09|-0.47| 0.05|-0.25|  1| 0.86| 45688| 3.987|0.005| 3.929|0.007|A| 0.066|0.010|G|0.12|0.03|C|*| 3.8299|0.0007|0.005| 55|*| 3.82| 3.84|       |D| | |09188+3648|I| 1| 2|C| |A|AB|226|  2.690|0.009| 2.35|0.03|S| | | 80081|B+37 1965 |          |          |0.12|A1V         |X 
H|       45751| |09 19 46.40|-11 58 29.6| 4.77| |G|139.94332821|-11.97488214| |  10.20|  -27.92|   12.16|  0.70|  0.57|  0.83|  0.87|  0.58|-0.22| 0.07|-0.20| 0.05| 0.35|-0.29| 0.24|-0.35| 0.12|-0.35|  2| 0.15| 45751| 5.957|0.004| 4.880|0.002| | 0.927|0.017|G|0.91|0.02|A| | 4.9348|0.0004|0.005| 76| | 4.93| 4.94|       | | | |09198-1159|I| 1| 1| | | |  |   |       |     |     |    |S| | | 80499|B-11 2609 |          |          |0.91|G8III       |X 
H|       45860| |09 21 03.46|+34 23 33.1| 3.14|1|G|140.26441169|+34.39252592| |  14.69| -222.80|   14.78|  0.70|  0.59|  0.81|  0.68|  0.49|-0.28| 0.42|-0.32|-0.23| 0.24|-0.28| 0.15|-0.45| 0.05|-0.19|  0|-0.16| 45860| 5.183|0.005| 3.316|0.004| | 1.550|0.008|G|1.65|0.03|C| | 3.2520|0.0014|0.008| 55| | 3.24| 3.27|       |M| | |          | |  | 1| | | |  |   |       |     |     |    |S| | | 80493|B+35 1979 |          |          |1.65|M0IIIvar    |X 
H|       45941| |09 22 06.83|-55 00 38.5| 2.47|1|H|140.52845511|-55.01069531| |   6.05|  -10.72|   11.24|  0.39|  0.42|  0.48|  0.45|  0.45| 0.09|-0.09| 0.09| 0.10|-0.03| 0.25|-0.08|-0.05| 0.12| 0.00|  0|-0.16| 45941| 2.287|0.003| 2.449|0.003| |-0.141|0.004|T|-.17|0.02|A| | 2.4132|0.0006|0.005|113| | 2.41| 2.42|       |M| | |          | |  | 1| | | |  |   |       |     |     |    |S| | | 81188|          |          |P-54  2219|-.17|B2IV        |X 
H|       46390| |09 27 35.25|-08 39 31.3| 1.99|1|H|141.89688260|-08.65868335| |  18.40|  -14.49|   33.25|  0.69|  0.52|  0.78|  0.89|  0.63|-0.24| 0.09| 0.11|-0.10| 0.13| 0.07| 0.14| 0.09|-0.12|-0.44|  2| 0.20| 46390| 3.904|0.003| 2.161|0.004| | 1.440|0.000|G|1.39|0.02|A| | 2.1351|0.0006|0.007| 67| | 2.13| 2.15|       |M| | |09277-0841|I| 1| 1| | | |  |   |       |     |     |    |S| | | 81797|B-08 2680 |          |          |1.39|K3III       |X 
H|       46471| |09 28 39.99|+45 36 06.5| 5.40| |H|142.16664439|+45.60179470| |  11.33|   -6.40| -128.20|  0.60|  0.51|  0.84|  0.65|  0.53|-0.44| 0.46|-0.41|-0.11| 0.05|-0.05| 0.01|-0.17|-0.01|-0.47|  0|-0.90| 46471| 6.673|0.004| 5.517|0.002| | 0.993|0.003|T|0.97|0.00|L| | 5.5618|0.0005|0.006|107| | 5.55| 5.57|       |C| | |09287+4536|I| 1| 1| | | |  |   |       |     |     |    |S| | | 81688|B+46 1509 |          |          |0.97|K0III-IV    |S 
H|       46509| |09 29 08.84|-02 46 08.2| 4.59| |G|142.28682816|-02.76895627| |  58.48|  100.93|   -3.15|  3.37|  2.12|  3.80|  4.15|  2.37|-0.36| 0.23|-0.08|-0.40| 0.15|-0.41| 0.22|-0.14| 0.26|-0.56|  0|     | 46509|      |     | 4.922|0.006| | 0.411|0.015|G|0.52|0.02|A| | 4.6967|0.0005|0.006| 99| | 4.69| 4.72|       | | | |09291-0246|I| 1| 1|X| |S|  |   |       |     |     |    |S| | | 81997|B-02 2901 |          |          |0.52|F6V         |X 
H|       46651|H|09 30 42.11|-40 28 00.8| 3.60| |G|142.67547063|-40.46688763|A|  53.89| -147.14|   48.65|  0.51|  0.67|  0.70|  0.58|  0.78|-0.23| 0.00|-0.09| 0.50|-0.26| 0.13|-0.20| 0.03| 0.01|-0.22| 28| 2.54| 46651| 4.006|0.002| 3.624|0.002|*| 0.371|0.015|G|0.43|0.02|A|*| 3.6577|0.0004|0.004|153|*| 3.65| 3.66|       |D| | |09307-4028|I| 1| 2|C| |A|AB|161|  0.679|0.003| 1.22|0.01|S| |W| 82434|          |C-39  5580|P-39  3651|0.43|F2IV        |X 
H|       46733| |09 31 31.57|+63 03 42.5| 3.65| |H|142.88154025|+63.06179545| |  43.20|  107.55|   26.86|  0.36|  0.39|  0.64|  0.45|  0.49| 0.13| 0.11|-0.20| 0.20| 0.00| 0.08| 0.02| 0.06|-0.04| 0.20|  1|-0.61| 46733| 4.059|0.002| 3.689|0.002| | 0.360|0.015|G|0.41|0.03|C| | 3.7327|0.0004|0.004|172| | 3.73| 3.74|       | | | |09315+6303|I| 1| 1| | | |  |   |       |     |     |    |S| | | 81937|B+63  845 |          |          |0.41|F0IV        |X 
H|       46750| |09 31 43.24|+22 58 05.0| 4.32|1|G|142.93016816|+22.96806545| |   9.69|  -19.38|  -39.04|  0.74|  0.48|  0.89|  0.92|  0.49|-0.21| 0.17|-0.28|-0.02| 0.36|-0.48| 0.26| 0.05| 0.08|-0.15|  0| 0.53| 46750| 6.332|0.005| 4.483|0.003| | 1.541|0.005|G|1.63|0.03|C| | 4.4252|0.0008|0.006| 68| | 4.42| 4.44|       |M| | |          | |  | 1| | | |  |   |       |     |     |    |S| | | 82308|B+23 2107 |          |          |1.63|K5IIIvar    |X 
H|       46776| |09 31 58.93|-01 11 04.8| 4.54|1|H|142.99556148|-01.18465438| |   7.11|  -11.42|   -3.87|  0.94|  0.50|  0.99|  1.17|  0.60|-0.27| 0.35|-0.14| 0.03| 0.08|-0.36| 0.30|-0.02| 0.44|-0.47|  2| 1.15| 46776| 4.689|0.003| 4.566|0.003| | 0.109|0.018|G|0.16|0.02|A| | 4.5926|0.0008|0.010| 80| | 4.58| 4.64|       |U|2| |          | |  | 1|G| | |  |   |       |     |     |    |S| | | 82446|B-00 2211 |          |          |0.16|A3V         |X 
H|       46853| |09 32 52.33|+51 40 43.0| 3.17| |H|143.21802191|+51.67860208| |  74.15| -947.06| -535.60|  0.56|  0.45|  0.74|  0.60|  0.39|-0.19| 0.14|-0.10|-0.09|-0.01|-0.34|-0.03|-0.18| 0.01|-0.14|  0| 1.61| 46853| 3.748|0.004| 3.232|0.003| | 0.475|0.018|G|0.56|0.01|G| | 3.2770|0.0005|0.004| 80| | 3.27| 3.29|       | | | |09329+5141|I| 1| 1| | | |  |   |       |     |     |    |S| | | 82328|B+52 1401 |          |          |0.56|F6IV        |X 
H|       46952| |09 34 13.38|+36 23 51.4| 4.54|1|H|143.55573740|+36.39761338| |  18.52|    6.82|  -22.89|  0.81|  0.57|  0.88|  0.90|  0.56|-0.25| 0.07|-0.21|-0.26| 0.19|-0.26| 0.14|-0.18| 0.09|-0.23|  0|-0.52| 46952| 5.688|0.005| 4.644|0.003| | 0.914|0.002|G|0.91|0.03|C| | 4.6970|0.0010|0.006| 56| | 4.69| 4.71|       |M| | |          | |  | 1| | | |  |   |       |     |     |    |S| | | 82635|B+37 2004 |          |          |0.91|G8III       |X 
H|       47087| |09 35 45.17|+34 46 51.0| 7.62| |H|143.93821880|+34.78082740| |   8.91|   15.05|  -34.95|  0.82|  0.48|  0.92|  0.87|  0.48|-0.37| 0.27|-0.11|-0.13| 0.20|-0.24| 0.15| 0.14| 0.05|-0.27|  0|-1.11| 47087| 8.715|0.010| 7.728|0.007| | 0.864|0.009|T|0.88|0.01|L| | 7.7806|0.0011|0.010|113| | 7.77| 7.80|       |C| | |          | |  | 1| | | |  |   |       |     |     |    |S| | | 82886|B+35 2026 |          |          |0.86|G0          |S 
H|       47202| |09 37 11.81|-43 16 18.9| 8.23| |G|144.29920891|-43.27191181| |  22.97|   22.35| -120.76|  0.69|  0.63|  0.90|  0.72|  0.69| 0.20|-0.37|-0.16|-0.09| 0.05|-0.07| 0.02|-0.09| 0.03| 0.27|  0| 1.21| 47202| 9.256|0.013| 8.322|0.010| | 0.811|0.003|G|0.85|0.00|H| | 8.3753|0.0014|0.015|135| | 8.35| 8.40|       | | | |          | |  | 1| | | |  |   |       |     |     |    | | | | 83443|          |C-42  5452|P-42  3871|0.84|K0V         |X 
H|       47431| |09 39 51.33|-01 08 33.6| 3.90| |G|144.96389156|-01.14265722| |  11.83|   47.81|  -62.92|  0.70|  0.48|  0.80|  0.90|  0.50|-0.32| 0.03| 0.05|-0.12| 0.04|-0.34| 0.07| 0.14| 0.12|-0.43|  0| 0.73| 47431| 5.624|0.003| 4.051|0.002| | 1.313|0.025|G|1.29|0.02|A| | 4.0520|0.0007|0.006| 91| | 4.04| 4.06|       | | | |          | |  | 1| | | |  |   |       |     |     |    |S| | | 83618|B-00 2231 |          |          |1.29|K3IIIvar    |X 
H|       47452| |09 40 18.38|-14 19 56.1| 5.07|1|H|145.07657975|-14.33224542| |   6.33|  -26.32|  -19.25|  1.00|  0.52|  0.91|  1.49|  0.56|-0.19| 0.00|-0.05| 0.34| 0.05|-0.25|-0.01|-0.40| 0.12|-0.28|  2| 0.68| 47452| 4.876|0.003| 5.032|0.002| |-0.149|0.005|G|-.15|0.02|A| | 5.0159|0.0011|0.007| 95| | 5.01| 5.03|       |M| | |          | |  | 1| | | |  |   |       |     |     |    |S| | | 83754|B-13 2917 |          |          |-.15|B4IV/V      |4 
H|       47508| |09 41 09.12|+09 53 32.6| 3.52| |H|145.28799116|+09.89239902| |  24.12| -143.67|  -37.45|  0.76|  0.55|  0.97|  0.88|  0.58|-0.36| 0.37|-0.36|-0.22|-0.05|-0.29| 0.06|-0.31| 0.46|-0.39|  2|-0.22| 47508| 4.123|0.003| 3.580|0.003| | 0.516|0.003|T|0.59|0.00|L| | 3.6282|0.0005|0.004| 99| | 3.62| 3.64|       | | | |09412+0954|I| 1| 1| | | |  |   |       |     |     |    |S| | | 83808|B+10 2044 |          |          |0.59|A5V+...     |X 
H|       47908| |09 45 51.10|+23 46 27.4| 2.97| |H|146.46292670|+23.77427792| |  13.01|  -46.09|   -9.57|  0.77|  0.56|  0.88|  0.80|  0.51|-0.39| 0.42|-0.49|-0.30| 0.30|-0.27| 0.11| 0.14|-0.10|-0.11|  2|-1.51| 47908| 3.984|0.003| 3.058|0.003| | 0.808|0.006|G|0.81|0.02|G| | 3.1168|0.0006|0.005| 68| | 3.11| 3.13|       | | | |          | |  | 1| | | |  |   |       |     |     |    |S| | | 84441|B+24 2129 |          |          |0.81|G0II        |X 
H|       48235| |09 50 02.47|-49 47 24.4| 8.54| |H|147.51031106|-49.79012085| |  29.45|   24.57|  -59.83|  0.66|  0.66|  0.84|  0.75|  0.71| 0.14| 0.20| 0.10|-0.19|-0.05|-0.15|-0.04|-0.23| 0.00| 0.04|  0|-0.16| 48235| 9.619|0.020| 8.634|0.015| | 0.855|0.003|G|0.90|0.00|H| | 8.6810|0.0016|0.016|131| | 8.66| 8.71|       |C| | |          | |  | 1| | | |  |   |       |     |     |    | | | | 85390|          |C-49  4727|P-49  2836|0.87|K1V         |2 
H|       48319| |09 50 59.69|+59 02 20.8| 3.78|1|T|147.74871542|+59.03910437| |  28.35| -294.45| -151.75|  0.42|  0.38|  0.67|  0.49|  0.38| 0.01| 0.22|-0.26|-0.21|-0.05|-0.09|-0.05| 0.11|-0.12|-0.08|  1|-1.21| 48319| 4.147|0.003| 3.815|0.002| | 0.291|0.003|G|0.39|0.03|C| | 3.8476|0.0025|0.024|158| | 3.81| 3.88|   0.16|P|1|A|09510+5902|I| 1| 1| | |S|  |   |       |     |     |    |S| |P| 84999|B+59 1268 |          |          |0.39|F0IV        |X 
H|       48356| |09 51 28.68|-14 50 47.6| 4.11| |H|147.86951033|-14.84654997| |  11.92|   18.68|  -21.88|  0.63|  0.49|  0.81|  0.95|  0.55|-0.26| 0.02| 0.14|-0.26|-0.23|-0.25|-0.14|-0.11| 0.24|-0.18|  0|-1.37| 48356| 5.289|0.002| 4.214|0.002| | 0.918|0.032|G|0.92|0.02|A| | 4.2725|0.0006|0.006|123| | 4.26| 4.28|       | | | |          | |  | 1| | | |  |   |       |     |     |    |S| | | 85444|B-14 2963 |          |          |0.92|G6/G8III    |4 
H|       48402|H|09 52 06.36|+54 03 51.4| 4.55| |H|148.02650069|+54.06428574|*|   7.47|   -4.21|   19.18|  0.59|  0.48|  0.82|  0.77|  0.49|-0.08| 0.14|-0.28| 0.08|-0.38| 0.25|-0.28| 0.41|-0.25|-0.23|  0|-0.55| 48402| 4.620|0.002| 4.565|0.002|*| 0.038|0.007|G|0.09|0.04|D|*| 4.5813|0.0005|0.005|105|*| 4.57| 4.59|       |D| | |09521+5404|I| 1| 2|C|S|A|AB|200|  0.183|0.004| 0.12|0.07|S| | | 85235|B+54 1331 |          |          |0.09|A3IV        |X 
H|       48455| |09 52 45.96|+26 00 25.5| 3.88| |G|148.19149028|+26.00708498| |  24.52| -216.29|  -54.92|  0.70|  0.46|  0.87|  0.81|  0.42|-0.08|-0.04|-0.19| 0.09| 0.24|-0.39| 0.13| 0.51|-0.21| 0.07|  0| 1.94| 48455| 5.483|0.003| 4.017|0.002| | 1.222|0.000|G|1.13|0.03|G| | 4.0498|0.0005|0.005|111| | 4.04| 4.06|       |C| | |          | |  | 1| | | |  |   |       |     |     |    |S| | | 85503|B+26 2019 |          |          |1.13|K0III       |X 
H|       48615| |09 54 52.24|-19 00 33.4| 4.94|1|G|148.71765461|-19.00926985| |   4.62|  -46.09|  -37.04|  0.74|  0.55|  0.76|  0.90|  0.58|-0.25|-0.05| 0.02|-0.45|-0.03|-0.02|-0.04|-0.01|-0.07|-0.16|  0| 1.01| 48615| 6.975|0.006| 5.113|0.004| | 1.559|0.006|G|1.75|0.05|F| | 5.0366|0.0015|0.011| 86| | 5.02| 5.05|       |U|2| |          | |  | 1| | | |  |   |       |     |     |    |S| | | 85951|B-18 2810 |          |          |1.75|K5III       |4 
H|       48711| |09 56 05.96|-03 48 30.5| 8.73| |H|149.02482314|-03.80846317| |  10.97|  -67.22|   17.02|  1.04|  0.78|  1.21|  1.24|  0.78|-0.17| 0.00|-0.14| 0.15| 0.14|-0.31| 0.08| 0.00| 0.17|-0.22|  0| 2.03| 48711| 9.526|0.024| 8.803|0.021| | 0.664|0.026|T|0.73|0.02|L| | 8.8648|0.0017|0.016| 71| | 8.84| 8.89|       |C| | |          | |  | 1| | | |  |   |       |     |     |    |S| | | 86081|B-03 2815 |          |          |0.67|F8          |S 
H|       48774| |09 56 51.75|-54 34 04.1| 3.52|1|H|149.21564520|-54.56779730| |   1.69|  -13.13|    2.83|  0.41|  0.41|  0.50|  0.46|  0.43| 0.07| 0.10| 0.04|-0.22|-0.12| 0.01|-0.08|-0.16| 0.04|-0.28|  0|-0.13| 48774| 3.417|0.002| 3.524|0.002| |-0.067|0.015|G|-.04|0.02|A| | 3.5031|0.0005|0.006|111| | 3.49| 3.52|       |M| | |09569-5434|I| 1| 1| | | |  |   |       |     |     |    |S| | | 86440|          |          |P-53  3075|-.04|B5Ib        |X 
H|       48926| |09 58 52.34|-35 53 27.4| 5.23| |H|149.71808346|-35.89093311| |  30.67|  -89.59|  -16.27|  0.37|  0.36|  0.59|  0.42|  0.40| 0.28|-0.05| 0.02|-0.02| 0.06| 0.10| 0.04|-0.17| 0.02| 0.18|  0| 0.42| 48926| 5.582|0.002| 5.266|0.002| | 0.300|0.003|T|0.34|0.00|L| | 5.3078|0.0004|0.006|262| | 5.30| 5.32|       | | | |09589-3553|I| 1| 1| | | |  |   |       |     |     |    |S| | | 86629|          |C-35  6050|P-35  3857|0.33|A8IV        |3 
H|       49583| |10 07 19.95|+16 45 45.6| 3.48|1|H|151.83313948|+16.76266572| |   1.53|   -1.94|   -0.53|  0.72|  0.44|  0.77|  0.92|  0.43|-0.15| 0.00| 0.06|-0.06|-0.11|-0.12|-0.10| 0.09|-0.14| 0.03|  0| 0.71| 49583| 3.477|0.003| 3.508|0.002| |-0.031|0.005|G|0.06|0.03|C| | 3.5034|0.0007|0.007| 98| | 3.49| 3.52|       |M| | |10073+1646|I| 1| 1| | | |  |   |       |     |     |    |S| | | 87737|B+17 2171 |          |          |0.06|A0Ib        |X 
H|       49593| |10 07 25.73|+35 14 40.9| 4.49| |G|151.85718812|+35.24469176| |  35.78|   50.97|    0.64|  0.64|  0.52|  0.84|  0.69|  0.52|-0.27|-0.02| 0.02| 0.02|-0.04|-0.24|-0.03| 0.13|-0.15|-0.22|  0|-0.14| 49593| 4.716|0.003| 4.507|0.002| | 0.190|0.012|G|0.19|0.03|C| | 4.5375|0.0006|0.005| 93| | 4.52| 4.55|       |C| | |          | |  | 1| | | |  |   |       |     |     |    |S| | | 87696|B+35 2110 |          |          |0.19|A7V         |X 
H|       49641| |10 07 56.30|-00 22 17.9| 4.48| |H|151.98456489|-00.37162786| |  11.35|  -26.17|   -3.65|  0.80|  0.71|  1.09|  1.07|  0.93|-0.22| 0.14|-0.38| 0.06| 0.32|-0.45| 0.22|-0.18| 0.44|-0.48|  0| 2.27| 49641| 4.444|0.003| 4.474|0.003| |-0.032|0.012|G|-.01|0.02|A| | 4.4798|0.0008|0.005| 46| | 4.47| 4.50|       |C| | |          | |  | 1|G| | |  |   |       |     |     |    |S| | | 87887|B+00 2615 |          |          |-.01|A0III       |X 
H|       49669| |10 08 22.46|+11 58 01.9| 1.36| |G|152.09358075|+11.96719513| |  42.09| -249.40|    4.91|  0.71|  0.49|  0.79|  0.74|  0.48|-0.28| 0.26|-0.24|-0.12| 0.03|-0.08|-0.03|-0.03|-0.16|-0.24|  2| 2.70| 49669| 1.360|0.010| 1.399|0.007| |-0.087|0.015|G|-.10|0.01|G| | 1.3232|0.0007|0.005| 60| | 1.31| 1.34|       | | | |10083+1159|I| 1| 1| | | |  |   |       |     |     |    |S| | | 87901|B+12 2149 |          |          |-.10|B7V         |X 
H|       49841| |10 10 35.40|-12 21 13.8| 3.61| |H|152.64748785|-12.35383921|+|  28.44| -200.33| -100.28|  1.06|  1.31|  0.96|  2.69|  2.54|-0.50| 0.23|-0.35|-0.54| 0.50|-0.34| 0.43|-0.86| 0.33|-0.38|  2|-0.06| 49841| 4.907|0.003| 3.721|0.003| | 1.007|0.008|G|0.96|0.02|A| | 3.7748|0.0005|0.004|106| | 3.77| 3.78|       | | | |10106-1222|I| 1| 1|O| | |  |   |       |     |     |    |S| | | 88284|B-11 2820 |          |          |0.96|K0III       |X 
H|       50099| |10 13 44.28|-70 02 16.5| 3.29|1|H|153.43449551|-70.03792169| |   8.81|  -35.73|    7.55|  0.45|  0.40|  0.48|  0.56|  0.43| 0.07| 0.00| 0.08|-0.07|-0.08| 0.01|-0.06| 0.04| 0.01|-0.07|  0| 0.44| 50099| 3.210|0.003| 3.288|0.002| |-0.074|0.024|G|-.03|0.02|A| | 3.2783|0.0008|0.006|104| | 3.27| 3.29|       |M| | |          | |  | 1| | | |  |   |       |     |     |    |S| | | 89080|          |          |P-69  1178|-.03|B8III       |X 
H|       50191| |10 14 44.27|-42 07 19.4| 3.85| |H|153.68447399|-42.12206281| |  31.72| -150.68|   49.84|  0.33|  0.38|  0.55|  0.38|  0.43| 0.39|-0.10| 0.00| 0.14| 0.04|-0.13| 0.06|-0.05|-0.09| 0.46|  0|-0.70| 50191| 3.921|0.002| 3.847|0.002| | 0.051|0.005|G|0.03|0.02|A| | 3.8653|0.0003|0.004|201| | 3.86| 3.87|       | | | |          | |  | 1| | | |  |   |       |     |     |    |S| | | 88955|          |C-41  5713|P-41  4418|0.03|A2V         |X 
H|       50335| |10 16 41.40|+23 25 02.4| 3.43| |G|154.17251805|+23.41732840| |  12.56|   19.84|   -7.30|  0.78|  0.47|  0.78|  0.98|  0.50|-0.10| 0.17|-0.21|-0.15|-0.23| 0.09|-0.16|-0.12| 0.06|-0.16|  0| 1.99| 50335| 3.815|0.003| 3.474|0.003| | 0.307|0.014|G|0.39|0.03|C| | 3.5096|0.0007|0.006| 98| | 3.50| 3.52|       | | | |10166+2327|I| 2| 1| | | |  |   |       |     |     |    |S| | | 89025|B+24 2209 |          |          |0.39|F0III       |X 
H|       50371| |10 17 05.01|-61 19 56.4| 3.39|1|H|154.27085535|-61.33231977| |   4.43|  -24.25|    6.38|  0.41|  0.44|  0.49|  0.46|  0.49| 0.16|-0.09|-0.06| 0.16| 0.12|-0.06| 0.13|-0.11| 0.07| 0.24|  1|-0.25| 50371| 5.397|0.003| 3.550|0.003| | 1.541|0.015|G|1.45|0.02|A| | 3.5298|0.0010|0.008|111| | 3.52| 3.54|       |M| | |10171-6120|I| 1| 1| | |S|  |   |       |     |     |    |S| | | 89388|          |C-60  3010|P-60  1817|1.45|K3II        |X 
H|       50372| |10 17 05.93|+42 54 52.1| 3.45| |G|154.27469564|+42.91446855| |  24.27| -170.11|  -42.64|  0.81|  0.64|  0.79|  1.07|  0.76| 0.14|-0.04|-0.17|-0.12|-0.09|-0.27|-0.12| 0.05|-0.21| 0.41|  0| 0.95| 50372| 3.501|0.003| 3.447|0.003| | 0.029|0.007|G|0.05|0.03|C| | 3.4586|0.0005|0.004| 70| | 3.45| 3.47|       |C| | |          | |  | 1|G| | |  |   |       |     |     |    |S| | | 89021|B+43 2005 |          |          |0.05|A2IV        |X 
H|       50583|H|10 19 58.16|+19 50 30.7| 2.01|1|G|154.99234054|+19.84186032|A|  25.96|  310.77| -152.88|  0.92|  0.65|  0.83|  1.13|  0.67|-0.34| 0.28|-0.24| 0.12|-0.27| 0.18|-0.25| 0.36|-0.17|-0.33|  7| 0.56| 50583| 3.792|0.067| 2.366|0.046|A| 1.128|0.029|G|1.17|0.01|L|*| 2.1684|0.0011|0.006| 62|*| 2.16| 2.20|       |U|2| |10199+1951|I| 1| 2|C| |A|AB|124|  4.581|0.005| 1.15|0.01|S| |W| 89484|B+20 2467 |          |          |1.17|K0III       |X 
H|       50801| |10 22 19.80|+41 29 58.0| 3.06|2|H|155.58251355|+41.49943350| |  13.11|  -80.47|   34.10|  0.56|  0.49|  0.75|  0.62|  0.48|-0.24| 0.19|-0.25| 0.09| 0.07|-0.28| 0.00| 0.17| 0.02|-0.26|  4| 2.85| 50801| 5.126|0.006| 3.236|0.004| | 1.603|0.006|T|1.77|0.03|O| | 3.1544|0.0026|0.019| 82| | 3.12| 3.19|       |U|2| |          | |  | 1| | |S|  |   |       |     |     |    |S| |Y| 89758|B+42 2115 |          |          |1.78|M0III SB    |G 
H|       51069| |10 26 05.51|-16 50 09.9| 3.83|1|H|156.52293768|-16.83609584| |  13.14| -128.51|  -80.06|  0.70|  0.53|  0.79|  0.91|  0.63|-0.21| 0.03|-0.01|-0.26|-0.05|-0.04|-0.04|-0.25| 0.01|-0.01|  0| 0.35| 51069| 5.768|0.004| 3.993|0.003| | 1.456|0.055|G|1.47|0.04|G| | 3.9567|0.0013|0.007| 75| | 3.94| 3.97|       |U|2| |          | |  | 1| | | |  |   |       |     |     |    |S| | | 90432|B-16 3052 |          |          |1.47|K4III       |4 
H|       51172| |10 27 09.16|-31 04 04.1| 4.28|1|H|156.78814953|-31.06780228| |   8.90|  -80.42|    9.63|  0.40|  0.51|  0.68|  0.43|  0.59|-0.45|-0.03| 0.07|-0.15| 0.02| 0.06| 0.00|-0.15| 0.06|-0.57|  0| 1.31| 51172| 6.171|0.003| 4.436|0.002| | 1.429|0.048|G|1.47|0.02|A| | 4.4113|0.0011|0.013|211| | 4.39| 4.43|       |U|2| |          | |  | 1| | | |  |   |       |     |     |    |S| | | 90610|          |C-30  8465|P-30  3121|1.47|K4III       |3 
H|       51232| |10 27 52.75|-58 44 21.9| 3.81| |H|156.96977108|-58.73940856| |   3.13|  -13.25|    2.21|  0.47|  0.43|  0.53|  0.55|  0.47| 0.07|-0.09| 0.25| 0.38| 0.11| 0.10| 0.07| 0.03| 0.09| 0.08|  0| 0.17| 51232| 4.190|0.002| 3.858|0.002| | 0.317|0.019|G|0.41|0.01|A| | 3.8953|0.0005|0.003|117| | 3.89| 3.90|       | | | |          | |  | 1| | | |  |   |       |     |     |    |S| | | 90853|          |C-58  3286|P-58  2227|0.41|F2II        |X 
H|       51233|H|10 27 53.09|+36 42 26.9| 4.20| |H|156.97121865|+36.70747818|*|  22.34| -127.52| -109.62|  1.50|  2.47|  0.87|  1.04|  1.10| 0.44|-0.03|-0.06|-0.18|-0.29|-0.11|-0.47|-0.47| 0.11| 0.02|  2| 0.35| 51233| 5.361|0.002| 4.310|0.002|*| 0.908|0.004|G|0.89|0.03|C|*| 4.3599|0.0005|0.004|115|*| 4.35| 4.39|       |D| | |10279+3642|I| 1| 2|C| |A|AB|240|  0.207|0.008| 1.42|0.07|S| | | 90537|B+37 2080 |          |          |0.89|G8III-IV    |X 
H|       51437| |10 30 17.50|-00 38 13.1| 5.08| |H|157.57292935|-00.63697208| |   9.46|  -40.12|  -22.17|  0.85|  0.82|  1.16|  1.09|  1.03|-0.42|-0.01| 0.00|-0.12| 0.22|-0.52| 0.26|-0.60| 0.37|-0.49|  0|-0.04| 51437| 4.905|0.003| 5.047|0.003| |-0.138|0.003|G|-.13|0.02|A| | 5.0315|0.0007|0.005| 75| | 5.02| 5.04|       |C| | |          | |  | 1| | | |  |   |       |     |     |    |S| | | 90994|B+00 2663 |          |          |-.13|B6V         |X 
H|       51839| |10 35 28.22|-78 36 28.1| 4.11|1|H|158.86757668|-78.60781379| |   7.89|  -38.00|   11.53|  0.43|  0.41|  0.49|  0.56|  0.46| 0.15| 0.16| 0.20|-0.02|-0.01|-0.24| 0.03|-0.03|-0.06| 0.25|  0| 0.98| 51839| 6.183|0.004| 4.283|0.003| | 1.580|0.320|G|1.71|0.02|A| | 4.2102|0.0010|0.009|104| | 4.20| 4.22|       |M| | |          | |  | 1| | | |  |   |       |     |     |    |S| | | 92305|          |C-77   454|P-77   622|1.71|M0III       |X 
H|       51986|H|10 37 18.26|-48 13 32.2| 3.84| |G|159.32606984|-48.22561631|A|  37.71| -131.48|   -1.58|  0.85|  0.86|  0.51|  0.51|  0.58|-0.06|-0.01| 0.04|-0.12|-0.22|-0.10|-0.14|-0.32| 0.01|-0.03|  5| 0.55| 51986| 4.201|0.002| 3.873|0.002|*| 0.300|0.042|G|0.35|0.02|A|*| 3.9098|0.0005|0.004|161|*| 3.90| 3.92|       |D| | |10373-4814|I| 1| 2|C| |A|AB|306|  0.337|0.004| 1.64|0.02|S| | | 92139|          |C-47  6042|P-47  4373|0.35|A3m+...     |1 
H|       52419| |10 42 57.43|-64 23 40.1| 2.74|1|H|160.73927802|-64.39447937|+|   7.43|  -18.87|   12.06|  0.45|  0.45|  0.50|  0.85|  0.90| 0.25| 0.01| 0.14| 0.39| 0.28| 0.30|-0.42|-0.37|-0.05|-0.63|  0|-0.82| 52419| 2.478|0.002| 2.706|0.002| |-0.220|0.012|G|-.24|0.02|A| | 2.6536|0.0005|0.005|109| | 2.65| 2.66|       |M| | |          | |  | 1|O| | |  |   |       |     |     |    |S| | | 93030|          |          |P-63  1599|-.24|B0Vp        |X 
H|       52468| |10 43 32.31|-60 33 59.9| 4.58|2|H|160.88461543|-60.56662705| |   3.06|  -15.22|    3.12|  0.43|  0.41|  0.50|  0.50|  0.43| 0.18|-0.06| 0.18| 0.04|-0.09|-0.05|-0.08|-0.12|-0.01| 0.22|  1|-1.29| 52468| 6.792|0.009| 4.762|0.004| | 1.700|0.059|G|1.79|0.02|A| | 4.6761|0.0039|0.024|110| | 4.63| 4.70|       |U|2|C|          | |  | 1| | | |  |   |       |     |     |    |S| |P| 93070|          |C-59  3262|P-59  2532|1.79|K3Ib        |X 
H|       52521| |10 44 20.98|-33 34 36.0| 8.30| |G|161.08741640|-33.57665467| |  34.60|  -92.84| -151.12|  0.69|  0.61|  1.00|  1.07|  0.80|-0.01|-0.02| 0.06| 0.14|-0.14| 0.04|-0.12| 0.07|-0.02| 0.01|  1| 1.86| 52521| 9.534|0.017| 8.425|0.012| | 0.945|0.001|G|0.99|0.00|I| | 8.4571|0.0018|0.018|139| | 8.44| 8.50|       |C| | |          | |  | 1| | | |  |   |       |     |     |    | | | | 93083|          |C-32  7598|P-32  2958|0.99|K3V         |3 
H|       52727|H|10 46 46.12|-49 25 12.5| 2.69| |G|161.69217542|-49.42012517|A|  28.18|   62.55|  -53.57|  0.41|  0.44|  0.49|  0.38|  0.39| 0.13|-0.03| 0.15|-0.24|-0.08| 0.00|-0.10|-0.27| 0.17|-0.08|  3|-0.36| 52727| 3.893|0.005| 2.818|0.003|A| 0.901|0.005|G|0.91|0.02|A|*| 2.8299|0.0005|0.005|137|*| 2.82| 2.84|       |D| | |10468-4925|I| 1| 2|C| |A|AB| 50|  2.032|0.008| 3.03|0.03|S| | | 93497|          |C-48  5913|P-48  3516|0.91|G5III SB    |G 
H|       52943| |10 49 37.43|-16 11 38.9| 3.11| |G|162.40596699|-16.19413208| |  23.54|   92.77|  199.02|  0.65|  0.54|  0.81|  0.60|  0.61|-0.20| 0.10|-0.34| 0.05| 0.14| 0.01| 0.22|-0.49| 0.33|-0.12|  0| 1.35| 52943| 4.739|0.003| 3.253|0.002| | 1.232|0.039|G|1.22|0.02|A| | 3.2707|0.0005|0.004| 78| | 3.26| 3.28|       | | | |          | |  | 1| | | |  |   |       |     |     |    |S| | | 93813|B-15 3138 |          |          |1.22|K0/K1III    |4 
H|       53229| |10 53 18.64|+34 12 56.0| 3.79| |H|163.32766612|+34.21556641| |  33.40|   92.47| -286.06|  0.54|  0.47|  0.78|  0.59|  0.55|-0.37| 0.25|-0.32| 0.20| 0.20|-0.17| 0.16|-0.15| 0.17|-0.46|  1| 1.19| 53229| 5.145|0.002| 3.910|0.002| | 1.040|0.007|G|1.07|0.02|G| | 3.9531|0.0004|0.005|139| | 3.95| 3.96|       |C| | |          | |  | 1| | | |  |   |       |     |     |    |S| | | 94264|B+34 2172 |          |          |1.07|K0III-IV    |X 
H|       53253| |10 53 29.57|-58 51 11.8| 3.78| |G|163.37319260|-58.85326474| |  33.71|   79.75|   38.65|  0.46|  0.45|  0.57|  0.50|  0.49| 0.23|-0.16| 0.06| 0.18| 0.15|-0.08| 0.12|-0.07| 0.15| 0.20|  0|-2.32| 53253| 4.973|0.003| 3.888|0.003| | 0.945|0.005|G|0.96|0.02|A| | 3.9412|0.0005|0.005|106| | 3.93| 3.95|       | | | |10535-5851|I| 2| 1| | | |  |   |       |     |     |    |S| | | 94510|          |C-58  3625|P-58  2834|0.96|K0III-IV... |X 
H|       53721| |10 59 28.22|+40 25 48.4| 5.03| |H|164.86756582|+40.43012281| |  71.04| -315.92|   55.15|  0.52|  0.44|  0.66|  0.58|  0.54|-0.12| 0.20|-0.04| 0.15|-0.01|-0.08|-0.01| 0.06| 0.07|-0.20|  0| 2.22| 53721| 5.791|0.003| 5.102|0.003| | 0.624|0.003|T|0.69|0.00|L| | 5.1572|0.0007|0.006| 98| | 5.15| 5.17|       | | | |          | |  | 1| | | |  |   |       |     |     |    |S| | | 95128|B+41 2147 |          |          |0.68|G0V         |X 
H|       53740| |10 59 46.75|-18 17 56.8| 4.08| |G|164.94478664|-18.29909723| |  18.71| -462.39|  129.11|  0.87|  0.54|  1.03|  0.89|  0.72|-0.28|-0.37|-0.07|-0.39| 0.07| 0.42| 0.19|-0.21|-0.26|-0.30|  0| 0.48| 53740| 5.490|0.004| 4.205|0.003| | 1.079|0.041|G|1.06|0.02|A| | 4.2458|0.0008|0.006| 85| | 4.23| 4.26|       | | | |          | |  | 1| | | |  |   |       |     |     |    |S| | | 95272|B-17 3273 |          |          |1.06|K1III       |4 
H|       53910| |11 01 50.39|+56 22 56.4| 2.34| |H|165.45996150|+56.38234478| |  41.07|   81.66|   33.74|  0.34|  0.38|  0.60|  0.37|  0.38| 0.14| 0.09|-0.24|-0.14| 0.03|-0.22|-0.03|-0.17|-0.01| 0.06|  0| 1.05| 53910| 2.385|0.002| 2.349|0.002| | 0.033|0.003|T|0.02|0.03|C| | 2.3499|0.0004|0.004|178| | 2.34| 2.36|       | | | |          | |  | 1| | | |  |   |       |     |     |    |S| | | 95418|B+57 1302 |          |          |0.02|A1V         |X 
H|       54061|H|11 03 43.84|+61 45 04.0| 1.81| |H|165.93265365|+61.75111888|A|  26.38| -136.46|  -35.25|  0.40|  0.46|  0.53|  0.43|  0.45| 0.19| 0.08|-0.17|-0.13| 0.00|-0.08|-0.02|-0.30| 0.00| 0.14|  4| 2.15| 54061| 3.185|0.002| 1.934|0.003|*| 1.061|0.003|T|1.03|0.00|L|*| 1.9519|0.0004|0.005|158|*| 1.94| 1.96|       |D| | |11037+6145|I| 1| 2|C| |A|AB|270|  0.672|0.006| 2.92|0.03|S| | | 95689|B+62 1161 |          |          |1.04|F7V comp    |G 
H|       54158| |11 04 44.44|-02 30 47.4| 8.21| |H|166.18516017|-02.51317528| |   7.53|   26.46|  -17.52|  1.09|  0.70|  1.06|  1.52|  0.98|-0.16| 0.03| 0.07|-0.41|-0.27|-0.09|-0.39| 0.12| 0.05| 0.10|  0|-0.30| 54158| 9.290|0.026| 8.315|0.019| | 0.856|0.024|T|0.87|0.02|L| | 8.3659|0.0015|0.010| 63| | 8.34| 8.38|       |C| | |          | |  | 1| | | |  |   |       |     |     |    | | | | 96063|B-01 2476 |          |          |0.88|K0          |S 
H|       54204| |11 05 20.03|-27 17 36.9| 4.92| |G|166.33346925|-27.29359566|+|  22.98| -190.74|   -6.87|  0.52|  0.70|  0.74|  1.44|  1.61|-0.11|-0.27|-0.11|-0.25|-0.56| 0.30|-0.31|-0.62| 0.33| 0.84|  0| 0.75| 54204| 5.373|0.003| 4.967|0.002| | 0.369|0.002|G|0.43|0.00|H| | 5.0086|0.0006|0.005| 93| | 5.00| 5.02|       | | | |11053-2718|I| 1| 1|O| | |  |   |       |     |     |    |S| | | 96202|          |C-26  8338|P-26  4439|0.43|F3IV/V      |3 
H|       54463| |11 08 35.40|-58 58 30.2| 3.93|2|H|167.14748181|-58.97504198| |   0.55|   -5.03|    2.09|  0.45|  0.45|  0.54|  0.52|  0.49| 0.33|-0.17| 0.10| 0.02|-0.12|-0.01|-0.11|-0.22| 0.11| 0.40|  1|-0.06| 54463| 5.507|0.007| 4.054|0.005| | 1.225|0.007|T|1.19|0.02|A| | 4.0890|0.0022|0.026|115| | 4.06| 4.15|       |U|2|C|          | |  | 1| | | |  |   |       |     |     |    |S| | | 96918|          |          |P-58  3189|1.19|G0Ia0       |X 
H|       54539| |11 09 39.86|+44 29 54.8| 3.00| |H|167.41608092|+44.49855337| |  22.21|  -62.35|  -27.38|  0.53|  0.49|  0.68|  0.61|  0.58|-0.13| 0.14|-0.15| 0.03| 0.19|-0.22| 0.18|-0.13| 0.19|-0.18|  2| 0.08| 54539| 4.490|0.003| 3.128|0.003| | 1.144|0.004|G|1.09|0.03|C| | 3.1638|0.0006|0.005| 92| | 3.15| 3.17|       | | | |          | |  | 1| | | |  |   |       |     |     |    |S| | | 96833|B+45 1897 |          |          |1.09|K1III       |X 
H|       54682| |11 11 39.49|-22 49 32.2| 4.46|1|H|167.91452617|-22.82560642| |  12.26|    4.73|  -99.06|  0.53|  0.51|  0.75|  0.57|  0.64|-0.57| 0.01|-0.02| 0.18|-0.16| 0.19|-0.15| 0.08| 0.05|-0.38|  0|-0.37| 54682| 4.502|0.002| 4.464|0.002| | 0.025|0.004|G|0.04|0.00|A| | 4.4775|0.0004|0.005|154| | 4.47| 4.49|       |M| | |          | |  | 1|G| | |  |   |       |     |     |    |S| | | 97277|B-22 3095 |C-22  8743|P-22  4900|0.04|A1V         |4 
H|       54872| |11 14 06.41|+20 31 26.5| 2.56| |G|168.52671705|+20.52403384| |  56.52|  143.31| -130.43|  0.75|  0.52|  0.83|  0.98|  0.66|-0.33| 0.30|-0.38|-0.03|-0.28| 0.11|-0.21|-0.09| 0.13|-0.11|  0| 0.60| 54872| 2.743|0.003| 2.574|0.002| | 0.128|0.014|G|0.12|0.03|C| | 2.5932|0.0004|0.004| 94| | 2.59| 2.60|       | | | |11141+2032|I| 1| 1| | | |  |   |       |     |     |    |S| | | 97603|B+21 2298 |          |          |0.12|A4V         |X 
H|       54879| |11 14 14.44|+15 25 47.1| 3.33| |G|168.56017036|+15.42976310| |  18.36|  -59.01|  -79.37|  0.72|  0.52|  0.77|  0.77|  0.59|-0.07| 0.03|-0.12|-0.14|-0.13|-0.29|-0.19| 0.21| 0.10|-0.07|  0| 1.45| 54879| 3.341|0.004| 3.325|0.003| |-0.003|0.005|G|0.01|0.03|C| | 3.3288|0.0006|0.004| 58| | 3.32| 3.35|       | | | |          | |  | 1| | | |  |   |       |     |     |    |S| | | 97633|B+16 2234 |          |          |0.01|A2V         |X 
H|       55174| |11 17 47.64|-23 58 31.3| 8.05| |H|169.44848539|-23.97537472| |   6.65| -131.11|  -16.25|  0.64|  0.62|  0.94|  0.72|  0.72|-0.40| 0.03|-0.10| 0.23|-0.14| 0.01|-0.15| 0.04| 0.22|-0.49|  0|-0.14| 55174| 9.252|0.013| 8.135|0.009| | 0.962|0.012|T|0.95|0.01|L| | 8.2109|0.0010|0.013|125| | 8.18| 8.23|       | | | |          | |  | 1| | | |  |   |       |     |     |    | | | | 98219|          |C-23  9857|P-23  5092|0.95|K0III/IV    |4 
H|       55203| |11 18 11.24|+31 31 50.8| 3.79| |G|            |            | |       |        |        |      |      |      |      |      |     |     |     |     |     |     |     |     |     |     |   |     | 55203|      |     |      |     | | 0.606|0.015|G|0.68|0.01|H| | 3.8731|0.0007|0.006| 88| | 3.87| 3.89|       |D| | |11182+3132|I| 1|  | | |S|  |   |       |     |     |    |S| |Y| 98230|B+32 2132 |          |          |0.68|G0V         |S 
H|       55219| |11 18 28.76|+33 05 39.3| 3.49| |H|169.61981385|+33.09423881| |   7.74|  -26.61|   27.51|  0.67|  0.50|  0.79|  0.83|  0.62|-0.08| 0.23|-0.12|-0.36|-0.08|-0.39|-0.11|-0.16| 0.15|-0.06|  2|-0.17| 55219| 5.340|0.004| 3.656|0.002| | 1.400|0.009|G|1.37|0.03|C| | 3.6375|0.0008|0.006| 88| | 3.63| 3.65|       | | | |11185+3306|I| 1| 1| | | |  |   |       |     |     |    |S| | | 98262|B+33 2098 |          |          |1.37|K3III SB    |G 
H|       55282| |11 19 20.52|-14 46 44.6| 3.56| |G|169.83551103|-14.77904358| |  16.75| -124.47|  206.61|  0.75|  0.56|  0.82|  0.70|  0.62|-0.03|-0.25|-0.25| 0.34|-0.02| 0.11| 0.05| 0.21|-0.21|-0.22|  3|-0.55| 55282| 5.006|0.003| 3.692|0.003| | 1.112|0.018|G|1.12|0.02|A| | 3.7179|0.0008|0.005| 57| | 3.71| 3.73|       | | | |          | |  | 1| | | |  |   |       |     |     |    |S| | | 98430|B-13 3345 |          |          |1.12|K0III       |4 
H|       55664| |11 24 17.46|-01 31 43.3| 9.10| |G|171.07276204|-01.52868584| |  16.54| -179.71| -160.61|  1.12|  0.99|  1.31|  1.28|  1.12|-0.29| 0.02|-0.22|-0.16| 0.00|-0.06|-0.02|-0.13| 0.17|-0.15|  0|-0.45| 55664|10.155|0.045| 9.179|0.033| | 0.874|0.002|G|0.92|0.00|H| | 9.2422|0.0023|0.019| 54| | 9.21| 9.26|       |C| | |          | |  | 1| | | |  |   |       |     |     |    | | | | 99109|B-00 2437 |          |          |0.88|K0          |S 
H|       55687| |11 24 36.61|-10 51 33.8| 4.81|1|H|171.15252245|-10.85938276| |   8.95|  -24.14|   24.46|  0.66|  0.53|  0.74|  0.63|  0.57|-0.18|-0.06|-0.21| 0.02| 0.01| 0.13| 0.04|-0.03| 0.14|-0.24|  0| 0.65| 55687| 6.843|0.007| 4.990|0.004| | 1.556|0.005|G|1.67|0.05|F| | 4.9202|0.0014|0.009| 65| | 4.91| 4.94|       |M| | |          | |  | 1| | | |  |   |       |     |     |    |S| | | 99167|B-10 3260 |          |          |1.67|K5III       |X 
H|       55705| |11 24 52.98|-17 41 02.5| 4.06| |H|171.22076335|-17.68401748| |  38.90|  -97.01|    3.22|  0.69|  0.48|  0.82|  0.75|  0.51|-0.33| 0.13|-0.17| 0.09|-0.15| 0.19|-0.14|-0.08| 0.06|-0.45|  0| 2.26| 55705| 4.327|0.003| 4.103|0.003| | 0.216|0.006|G|0.24|0.02|A| | 4.1269|0.0005|0.006| 70| | 4.12| 4.14|       | | | |11249-1741|I| 1| 1| | | |  |   |       |     |     |    |S| | | 99211|B-16 3244 |          |          |0.24|A9V         |4 
H|       56211| |11 31 24.29|+69 19 52.0| 3.82|1|H|172.85120199|+69.33112161| |   9.76|  -41.14|  -18.79|  0.44|  0.45|  0.54|  0.45|  0.43| 0.25|-0.17|-0.27|-0.35|-0.23| 0.10|-0.19|-0.26|-0.04| 0.13|  1|-0.81| 56211| 5.934|0.005| 4.002|0.003| | 1.613|0.009|G|1.79|0.03|C| | 3.9165|0.0015|0.016|125| | 3.89| 3.94|       |U|2| |          | |  | 1| | | |  |   |       |     |     |    |S| | |100029|B+70  665 |          |          |1.79|M0IIIvar    |X 
H|       56343| |11 33 00.26|-31 51 27.1| 3.54|1|G|173.25107936|-31.85752405| |  25.23| -209.09|  -41.60|  0.64|  0.46|  0.83|  0.82|  0.46| 0.01| 0.04|-0.07|-0.22|-0.10|-0.26|-0.09|-0.19| 0.20|-0.08|  0|-0.40| 56343| 4.745|0.003| 3.646|0.002| | 0.947|0.011|G|0.92|0.02|A| | 3.7025|0.0006|0.006| 91| | 3.69| 3.71|       |M| | |11330-3152|I| 1| 1| | | |  |   |       |     |     |    |S| | |100407|          |C-31  9083|P-31  3293|0.92|G8III       |3 
H|       56480| |11 34 45.71|-54 15 50.9| 4.62| |H|173.69046642|-54.26413167| |   7.04|  -55.55|   16.64|  0.38|  0.44|  0.58|  0.39|  0.55| 0.36|-0.25| 0.07|-0.11|-0.01|-0.09|-0.04| 0.06| 0.06| 0.48|  0|-1.74| 56480| 4.530|0.002| 4.607|0.002| |-0.077|0.005|G|-.06|0.02|A| | 4.5994|0.0005|0.004|137| | 4.59| 4.61|       |C| | |          | |  | 1| | | |  |   |       |     |     |    |S| | |100673|          |          |P-53  4637|-.06|B9V         |X 
H|       56508| |11 35 03.79|+20 26 29.6| 6.45| |H|173.76579331|+20.44154823| |   7.10|  -58.60|   -1.19|  0.78|  0.63|  0.85|  0.91|  0.77|-0.14| 0.01|-0.24| 0.06|-0.10|-0.13|-0.15| 0.26|-0.12|-0.09|  3| 0.35| 56508| 7.728|0.009| 6.562|0.007| | 1.010|0.015|G|0.95|0.04|E| | 6.6128|0.0010|0.008| 56| | 6.60| 6.63|       |C| | |          | |  | 1| | | |  |   |       |     |     |    |S| | |100655|B+21 2331 |          |          |0.95|G9III       |X 
H|       56561| |11 35 46.93|-63 01 11.4| 3.11|1|G|173.94553448|-63.01982488| |   7.96|  -33.84|   -6.87|  0.39|  0.44|  0.52|  0.53|  0.54| 0.17|-0.04| 0.17| 0.24| 0.05| 0.16| 0.02| 0.09| 0.01| 0.15|  0| 0.40| 56561| 3.071|0.002| 3.113|0.002| |-0.044|0.015|G|-.01|0.02|A| | 3.1068|0.0005|0.005|107| | 3.10| 3.11|       |M| | |11358-6301|I| 1| 1| | | |  |   |       |     |     |    |S| | |100841|          |          |P-62  2127|-.01|B9II:       |X 
H|       56572| |11 35 51.53|-04 45 20.8| 8.42| |H|173.96470625|-04.75577838| |  18.94|  -10.39|   33.45|  0.94|  0.81|  1.14|  1.08|  0.95|-0.24| 0.04|-0.21| 0.05| 0.06|-0.07| 0.05|-0.01| 0.31|-0.14|  0| 0.14| 56572| 9.370|0.021| 8.503|0.016| | 0.760|0.020|T|0.80|0.01|L| | 8.5627|0.0017|0.014| 66| | 8.54| 8.59|       | | | |          | |  | 1| | | |  |   |       |     |     |    | | | |100777|B-03 3147 |          |          |0.84|K0          |S 
H|       56633| |11 36 40.95|-09 48 08.1| 4.70| |G|174.17061875|-09.80225368| |  10.70|  -59.32|    2.82|  0.65|  0.52|  0.79|  0.66|  0.51|-0.16| 0.00|-0.31|-0.20| 0.09|-0.15| 0.02|-0.17| 0.36|-0.12|  2| 0.43| 56633| 4.610|0.004| 4.676|0.003| |-0.073|0.004|G|-.06|0.02|A| | 4.6695|0.0008|0.005| 53| | 4.66| 4.68|       |C| | |          | |  | 1| | | |  |   |       |     |     |    |S| | |100889|B-08 3202 |          |          |-.06|B9.5Vn      |X 
H|       57283|H|11 44 45.76|-18 21 02.2| 4.71|1|H|176.19066226|-18.35061467|*|   9.31|   27.15|  -24.56|  0.59|  0.47|  0.81|  0.59|  0.45|-0.41|-0.05|-0.01|-0.05| 0.00|-0.16|-0.02|-0.01| 0.27|-0.42|  2|-0.58| 57283| 5.943|0.003| 4.818|0.002|*| 0.958|0.039|G|0.94|0.02|A|*| 4.8760|0.0006|0.006|106|*| 4.87| 4.89|       |M| | |11448-1821|H| 1| 2|C|S|D|AB| 22|  0.173|0.043| 2.89|0.40|S| |D|102070|B-17 3460 |          |          |0.94|G8III       |4 
H|       57291| |11 44 50.53|-58 42 12.7| 7.47| |H|176.21055164|-58.70353973| |  23.81|  -63.05|  -69.87|  0.61|  0.58|  0.83|  0.72|  0.66| 0.24|-0.25| 0.11|-0.02|-0.09|-0.02|-0.08|-0.13|-0.05| 0.23|  1|-0.79| 57291| 8.365|0.009| 7.548|0.007| | 0.721|0.009|T|0.77|0.01|L| | 7.6051|0.0009|0.011|129| | 7.59| 7.63|       | | | |          | |  | 1| | | |  |   |       |     |     |    |S| | |102117|          |          |P-58  3823|0.79|G6V         |1 
H|       57363| |11 45 36.57|-66 43 43.8| 3.63| |G|176.40236386|-66.72884344|+|  25.42| -100.42|   33.21|  1.30|  1.84|  0.54|  0.52|  0.56| 0.22|-0.03| 0.01|-0.23| 0.23| 0.05| 0.07|-0.01| 0.05| 0.30|  0|-1.38| 57363| 3.842|0.002| 3.651|0.002| | 0.160|0.005|G|0.17|0.02|A| | 3.6840|0.0003|0.004|119| | 3.68| 3.69|       |C| | |11456-6644|I| 1| 1|O| | |  |   |       |     |     |    |S| | |102249|          |          |P-66  1640|0.17|A7III       |X 
H|       57370| |11 45 42.40|+02 49 18.3| 8.07| |H|176.42667979|+02.82175422| |  34.51| -190.32| -111.44|  1.08|  0.70|  1.16|  1.27|  0.90|-0.04|-0.10|-0.26|-0.11|-0.02|-0.20|-0.11|-0.01| 0.27|-0.12|  0|-0.52| 57370| 9.115|0.020| 8.150|0.015| | 0.835|0.019|T|0.85|0.01|L| | 8.2138|0.0032|0.018| 69| | 8.19| 8.24|       | | | |          | |  | 1| | | |  |   |       |     |     |    | | | |102195|B+03 2549 |          |          |0.86|K0          |S 
H|       57380| |11 45 51.57|+06 31 47.3| 4.04|2|H|176.46487734|+06.52981394| |  10.42|  -19.65| -180.02|  0.71|  0.51|  0.75|  0.90|  0.66|-0.29| 0.05|-0.09| 0.15|-0.18|-0.15|-0.24| 0.34|-0.13|-0.06|  2| 1.09| 57380| 6.017|0.007| 4.212|0.004| | 1.501|0.032|G|1.79|0.02|A| | 4.1388|0.0022|0.018| 68| | 4.10| 4.16|       |U|2| |          | |  | 1| | |S|  |   |       |     |     |    |S| |P|102212|B+07 2479 |          |          |1.79|M0III       |X 
H|       57399| |11 46 03.13|+47 46 45.6| 3.69| |H|176.51305887|+47.77933701| |  16.64| -138.38|   28.37|  0.49|  0.39|  0.60|  0.53|  0.40|-0.01| 0.23|-0.20| 0.33| 0.01| 0.09| 0.04|-0.04| 0.09| 0.05|  0| 0.96| 57399| 5.247|0.003| 3.834|0.002| | 1.181|0.001|G|1.15|0.03|C| | 3.8550|0.0006|0.006|100| | 3.85| 3.87|       | | | |          | |  | 1| | | |  |   |       |     |     |    |S| | |102224|B+48 1966 |          |          |1.15|K0III       |X 
H|       57632| |11 49 03.88|+14 34 20.4| 2.14| |G|177.26615977|+14.57233687| |  90.16| -499.02| -113.78|  0.99|  0.52|  0.89|  1.58|  0.72|-0.03| 0.24|-0.25| 0.53| 0.15|-0.05| 0.36|-0.03| 0.30| 0.37|  0| 0.64| 57632| 2.300|0.003| 2.143|0.004| | 0.090|0.000|G|0.10|0.00|H| | 2.1605|0.0006|0.005| 64| | 2.15| 2.17|       | | | |11490+1433|I| 1| 1| | | |  |   |       |     |     |    |S| | |102647|B+15 2383 |          |          |0.10|A3Vvar      |X 
H|       57757| |11 50 41.29|+01 45 55.4| 3.59| |G|177.67202553|+01.76537705| |  91.74|  740.96| -271.18|  0.73|  0.57|  0.77|  0.86|  0.65|-0.19| 0.02|-0.06|-0.02|-0.11| 0.09|-0.16| 0.28|-0.05|-0.02|  0|-0.73| 57757| 4.273|0.004| 3.660|0.004| | 0.518|0.015|G|0.61|0.02|A| | 3.7136|0.0005|0.004| 58| | 3.71| 3.72|       | | | |11507+0146|I| 1| 1| | | |  |   |       |     |     |    |S| | |102870|B+02 2489 |          |          |0.61|F8V         |X 
H|       57820| |11 51 22.52|+57 38 26.8| 7.86| |H|177.84384947|+57.64077649| |   8.26|  -11.24|  -16.80|  0.54|  0.65|  0.94|  0.61|  0.67| 0.16|-0.05|-0.32| 0.08|-0.08| 0.01|-0.07| 0.12|-0.09| 0.03|  0| 0.41| 57820| 9.081|0.010| 7.953|0.007| | 0.971|0.010|T|0.96|0.01|L| | 8.0194|0.0014|0.015|177| | 8.00| 8.05|       | | | |          | |  | 1| | | |  |   |       |     |     |    |S| | |102956|B+58 1340 |          |          |0.96|K0III       |X 
H|       57936|H|11 52 54.56|-33 54 29.3| 4.29|1|G|178.22733867|-33.90813014|A|   8.93|  -58.02|    2.40|  0.82|  0.71|  0.88|  0.81|  0.67| 0.06|-0.16|-0.17| 0.11|-0.11| 0.12|-0.14|-0.09| 0.03|-0.20|  1| 1.54| 57936| 4.169|0.006| 4.267|0.006|*|-0.100|0.003|G|-.07|0.02|A|*| 4.2517|0.0037|0.016| 78|*| 4.23| 4.27|   2.36|P|1|A|11529-3354|I| 1| 2|C| |A|AB| 28|  0.697|0.002| 0.90|0.01|S| |P|103192|          |C-33  8018|P-33  3159|-.07|Ap Si       |G 
H|       58001| |11 53 49.74|+53 41 41.0| 2.41|1|H|178.45725536|+53.69473296| |  38.99|  107.76|   11.16|  0.38|  0.43|  0.68|  0.48|  0.50| 0.51|-0.07|-0.08|-0.03|-0.05|-0.04|-0.04| 0.11|-0.17| 0.58|  0| 0.64| 58001| 2.480|0.002| 2.431|0.002| | 0.044|0.003|T|0.06|0.00|L| | 2.4286|0.0004|0.005|233| | 2.42| 2.44|       |M| | |          | |  | 1| | | |  |   |       |     |     |    |S| | |103287|B+54 1475 |          |          |0.06|A0V SB      |G 
H|       58188| |11 56 00.98|-17 09 02.9| 5.17| |H|179.00409802|-17.15080863| |  11.42|  -49.07|   -8.23|  0.65|  0.47|  0.83|  0.67|  0.48|-0.35| 0.01|-0.21|-0.18| 0.04|-0.13| 0.03|-0.14| 0.12|-0.49|  0|-0.54| 58188| 5.140|0.002| 5.166|0.002| |-0.022|0.002|T|0.00|0.00|L| | 5.1725|0.0006|0.004| 93| | 5.17| 5.18|       |C| | |          | |  | 1| | | |  |   |       |     |     |    |S| | |103632|B-16 3358 |          |          |0.00|A0V         |4 
H|       58952| |12 05 14.74|+76 54 21.4| 5.78| |H|181.31141141|+76.90595813| |   9.80|  147.22|  -92.36|  0.43|  0.43|  0.52|  0.49|  0.43| 0.07|-0.14|-0.30| 0.09|-0.03| 0.01|-0.03| 0.11| 0.03|-0.11|  1|-0.10| 58952| 7.108|0.005| 5.905|0.003| | 1.029|0.005|T|1.00|0.00|L| | 5.9523|0.0006|0.006|147| | 5.94| 5.97|       |C| | |          | |  | 1| | | |  |   |       |     |     |    |S| | |104985|B+77  461 |          |          |1.00|G9III       |X 
H|       59196| |12 08 21.54|-50 43 20.7| 2.58|2|G|182.08976505|-50.72240999|*|   8.25|  -47.53|   -6.42|  0.50|  0.55|  0.79|  1.14|  1.11| 0.06|-0.13| 0.14|-0.38|-0.01|-0.08| 0.01|-0.34| 0.00| 0.04|  0| 2.60| 59196| 2.435|0.004| 2.551|0.004| |-0.128|0.008|G|-.12|0.01|H| | 2.5241|0.0067|0.048|159| | 2.44| 2.57|       |U|2|C|12083-5043|I| 2| 1|V| | |  |   |       |     |     |    |S| |P|105435|          |C-50  6697|P-50  4862|-.12|B2IVne      |X 
H|       59199| |12 08 24.75|-24 43 43.6| 4.02| |G|182.10313607|-24.72877993| |  67.71|  100.18|  -39.33|  0.59|  0.46|  0.75|  0.69|  0.55|-0.23|-0.10|-0.13| 0.17|-0.09| 0.05|-0.08| 0.17|-0.02|-0.30|  0| 1.43| 59199| 4.424|0.002| 4.072|0.002| | 0.334|0.015|G|0.40|0.02|A| | 4.0992|0.0007|0.005|106| | 4.09| 4.11|       | | | |          | |  | 1| | | |  |   |       |     |     |    |S| | |105452|          |C-24 10174|P-24  4786|0.40|F0IV/V      |4 
H|       59316| |12 10 07.53|-22 37 11.3| 3.02| |H|182.53135773|-22.61979211| |  10.75|  -71.52|   10.55|  0.63|  0.43|  0.71|  0.68|  0.47|-0.21|-0.14| 0.11| 0.22|-0.05| 0.08|-0.07| 0.11| 0.06|-0.21|  2|-0.12| 59316| 4.758|0.003| 3.161|0.002| | 1.326|0.033|G|1.23|0.02|A| | 3.1761|0.0005|0.004| 98| | 3.17| 3.18|       | | | |          | |  | 1| | | |  |   |       |     |     |    |S| | |105707|B-21 3487 |          |P-21  5225|1.23|K2III       |4 
H|       59747| |12 15 08.76|-58 44 56.0| 2.79|1|G|183.78648733|-58.74890179| |   8.96|  -36.68|  -10.72|  0.40|  0.43|  0.60|  0.43|  0.49| 0.12|-0.33| 0.11| 0.04| 0.04| 0.05| 0.01| 0.14| 0.08| 0.18|  1|-1.01| 59747| 2.534|0.002| 2.755|0.002| |-0.193|0.002|T|-.25|0.02|A| | 2.7066|0.0005|0.005|134| | 2.70| 2.71|       |M| | |          | |  | 1| | | |  |   |       |     |     |    |S| |P|106490|          |C-58  4466|P-58  4189|-.25|B2IV        |X 
H|       59774| |12 15 25.45|+57 01 57.4| 3.32| |H|183.85603795|+57.03259792| |  40.05|  103.56|    7.81|  0.42|  0.47|  0.60|  0.56|  0.54| 0.17| 0.11|-0.21| 0.26|-0.15| 0.24|-0.08| 0.27|-0.03| 0.26|  0|-0.62| 59774| 3.421|0.002| 3.314|0.002| | 0.077|0.005|G|0.03|0.05|D| | 3.3353|0.0004|0.004|138| | 3.33| 3.34|       |C| | |12155+5702|I| 1| 1| | | |  |   |       |     |     |    |S| | |106591|B+57 1363 |          |          |0.03|A3Vvar      |X 
H|       59803| |12 15 48.47|-17 32 31.1| 2.58|1|G|183.95194937|-17.54198370| |  19.78| -159.58|   22.31|  0.63|  0.49|  0.81|  0.66|  0.54|-0.24|-0.21|-0.20|-0.03|-0.08| 0.00|-0.13|-0.08| 0.17|-0.45|  0| 0.42| 59803| 2.490|0.003| 2.572|0.003| |-0.107|0.002|G|-.10|0.02|A| | 2.5477|0.0007|0.005| 80| | 2.54| 2.56|       |M| | |          | |  | 1| | | |  |   |       |     |     |    |S| | |106625|B-16 3424 |          |          |-.10|B8III       |4 
H|       60000| |12 18 20.94|-79 18 44.2| 4.24| |H|184.58726633|-79.31226899| |  12.05|  -38.07|   12.00|  0.46|  0.43|  0.51|  0.57|  0.49| 0.16| 0.05| 0.17| 0.21| 0.13| 0.01| 0.15| 0.00| 0.17| 0.23|  1|-1.32| 60000| 4.088|0.002| 4.223|0.002| |-0.123|0.007|G|-.11|0.02|A| | 4.2039|0.0005|0.005|110| | 4.20| 4.22|       | | | |          | |  | 1| | | |  |   |       |     |     |    |S| | |106911|          |C-78   495|P-78   741|-.11|B5Vn        |X 
H|       60129| |12 19 54.39|-00 40 00.3| 3.89| |G|184.97663096|-00.66674709| |  13.06|  -59.14|  -23.13|  0.73|  0.47|  0.84|  0.79|  0.86|-0.41| 0.03|-0.16|-0.17| 0.19|-0.06| 0.20|-0.30| 0.24|-0.55|  2|-0.20| 60129| 3.941|0.002| 3.894|0.002| | 0.026|0.003|G|0.03|0.02|A| | 3.8992|0.0005|0.004|112| | 3.89| 3.91|       |C| | |          | |  | 1|G| | |  |   |       |     |     |    |S| | |107259|B+00 2926 |          |          |0.03|A2IV        |X 
H|       60260| |12 21 21.81|-60 24 04.9| 3.59| |G|185.34088036|-60.40136988| |  14.30| -171.06|   91.82|  0.38|  0.41|  0.56|  0.45|  0.48| 0.16|-0.06| 0.15| 0.14| 0.10| 0.05| 0.08| 0.11| 0.12| 0.16|  0|-0.40| 60260| 5.422|0.003| 3.753|0.001| | 1.389|0.062|G|1.39|0.02|A| | 3.7319|0.0007|0.006|147| | 3.72| 3.74|       | | | |          | |  | 1| | | |  |   |       |     |     |    |S| | |107446|          |C-59  4221|P-59  4188|1.39|K3/K4III    |1 
H|       60644| |12 25 46.51|-64 01 19.0| 6.99| |H|186.44379342|-64.02194007| |  25.93| -181.60|  -60.80|  0.53|  0.49|  0.69|  0.65|  0.53|-0.02|-0.22| 0.08| 0.31| 0.07| 0.05|-0.02|-0.04| 0.12|-0.13|  1|-3.80| 60644| 7.641|0.006| 7.056|0.005| | 0.537|0.010|G|0.61|0.01|H| | 7.1120|0.0010|0.009|140| | 7.09| 7.13|       | | | |          | |  | 1| | | |  |   |       |     |     |    |S| | |108147|          |C-63   756|P-63  2270|0.61|F8/G0V      |1 
H|       60718|H|12 26 35.94|-63 05 56.6| 0.77| |G|186.64975585|-63.09905586|A|  10.17|  -35.37|  -14.73|  0.55|  0.68|  0.67|  0.58|  0.66| 0.18|-0.05| 0.23|-0.11|-0.06| 0.03|-0.11|-0.32| 0.11| 0.20| 11| 0.63| 60718| 0.446|0.011| 0.633|0.010|*|-0.243|0.012|G|-.26|0.02|A|*| 0.6739|0.0008|0.008|115|*| 0.66| 0.69|       |D| | |12266-6306|I| 1| 2|C| |A|AB|113|  4.102|0.002| 0.39|0.01|S| |P|108248|          |          |P-62  2745|-.26|B0.5IV      |X 
H|       60742| |12 26 56.33|+28 16 07.0| 4.35| |H|186.73469831|+28.26861975| |  19.18|  -83.41|  -80.99|  0.67|  0.57|  0.83|  0.90|  0.63|-0.17|-0.01|-0.31| 0.08| 0.16| 0.06| 0.08|-0.35| 0.03|-0.40|  2| 0.39| 60742| 5.807|0.003| 4.470|0.003| | 1.128|0.000|G|1.04|0.03|C| | 4.5164|0.0007|0.005| 78| | 4.51| 4.53|       |C| | |          | |  | 1| | | |  |   |       |     |     |    |S| | |108381|B+29 2288 |          |          |1.04|K2IIICN+... |X 
H|       60823| |12 28 02.41|-50 13 50.2| 3.91| |H|187.01004828|-50.23060480| |   7.36|  -32.49|  -12.41|  0.47|  0.50|  0.67|  0.56|  0.55| 0.15|-0.26|-0.05|-0.04|-0.02| 0.11|-0.04|-0.19| 0.17| 0.29|  0|-1.15| 60823| 3.669|0.002| 3.878|0.002| |-0.192|0.008|G|-.20|0.02|A| | 3.8436|0.0005|0.004|111| | 3.84| 3.85|       | | | |          | |  | 1| | | |  |   |       |     |     |    |S| | |108483|          |C-49  7115|P-49  5201|-.20|B3V         |X 
H|       60965| |12 29 51.98|-16 30 54.3| 2.94| |G|187.46659650|-16.51509397| |  37.11| -209.97| -139.30|  0.59|  0.49|  0.69|  0.62|  0.46|-0.33|-0.17| 0.09| 0.13| 0.12| 0.00| 0.10|-0.13| 0.04|-0.31|  2|-1.13| 60965| 2.944|0.003| 2.959|0.003| |-0.012|0.004|T|-.04|0.02|A| | 2.9449|0.0004|0.004| 91| | 2.94| 2.95|       |C| | |12299-1631|I| 1| 1| | | |  |   |       |     |     |    |S| | |108767|B-15 3482 |          |          |-.04|B9.5V       |4 
H|       61084| |12 31 09.93|-57 06 45.2| 1.59|2|H|187.79137202|-57.11256922| |  37.09|   27.94| -264.33|  0.39|  0.42|  0.67|  0.54|  0.47| 0.23|-0.17| 0.19| 0.09| 0.00| 0.06|-0.04|-0.01| 0.17| 0.30|  0|-0.18| 61084| 3.653|0.004| 1.832|0.004| | 1.600|0.008|G|2.37|0.02|A| | 1.6299|0.0027|0.029|150| | 1.59| 1.68|       |U|2| |12312-5706|I| 1| 1| | |S|  |   |       |     |     |    |S| | |108903|          |C-56  4504|P-56  5272|2.37|M4III       |X 
H|       61174| |12 32 04.48|-16 11 45.1| 4.30| |G|188.01868646|-16.19586556| |  54.92| -424.37|  -58.41|  0.56|  0.46|  0.66|  0.61|  0.46|-0.29|-0.03|-0.13| 0.13| 0.07| 0.02| 0.07|-0.02|-0.02|-0.30|  0| 0.85| 61174| 4.759|0.002| 4.352|0.002| | 0.388|0.014|G|0.44|0.02|A| | 4.3853|0.0005|0.005|101| | 4.38| 4.39|       | | | |          | |  | 1| | | |  |   |       |     |     |    |S| | |109085|B-15 3489 |          |          |0.44|F2V         |4 
H|       61177| |12 32 07.56|+74 29 22.8| 8.75| |G|188.03150734|+74.48966460| |  15.24| -171.02|  -46.61|  0.63|  0.72|  0.77|  0.76|  0.85|-0.05| 0.02|-0.21|-0.25|-0.10|-0.02|-0.06| 0.03|-0.07|-0.23|  0| 0.29| 61177| 9.577|0.018| 8.833|0.015| | 0.645|0.005|G|0.71|0.00|H| | 8.8796|0.0010|0.013|116| | 8.86| 8.90|       |D| | |          | |  | 1| | | |  |   |       |     |     |    | | | |109246|B+75  474 |          |          |0.71|G0          |S 
H|       61199| |12 32 28.11|-72 07 58.7| 3.84|1|H|188.11712896|-72.13297590| |  10.07|  -50.59|   -5.16|  0.42|  0.43|  0.52|  0.45|  0.48| 0.10|-0.24| 0.09| 0.03| 0.21|-0.11| 0.21| 0.24| 0.00| 0.20|  1| 3.29| 61199| 3.656|0.002| 3.816|0.002| |-0.157|0.005|G|-.14|0.02|A| | 3.7903|0.0008|0.007|124| | 3.78| 3.80|       |M| | |          | |  | 1| | | |  |   |       |     |     |    |S| |P|109026|          |          |P-71  1336|-.14|B5V         |X 
H|       61281| |12 33 29.04|+69 47 17.6| 3.85|1|H|188.37101041|+69.78820992| |   6.55|  -58.14|   11.42|  0.48|  0.45|  0.55|  0.51|  0.54|-0.02|-0.18| 0.05|-0.17|-0.13|-0.04|-0.11| 0.06|-0.03|-0.11|  0| 0.31| 61281| 3.733|0.003| 3.869|0.002| |-0.116|0.024|G|-.02|0.03|C| | 3.8414|0.0011|0.010|124| | 3.82| 3.85|       |P|1|C|          | |  | 1| | | |  |   |       |     |     |    |S| | |109387|B+70  703 |          |          |-.02|B6IIIp      |X 
H|       61317| |12 33 45.09|+41 21 24.4| 4.24| |H|188.43788561|+41.35676779| | 119.46| -705.06|  292.93|  0.40|  0.57|  0.83|  0.43|  0.59|-0.07| 0.04|-0.38| 0.20| 0.03|-0.11| 0.03|-0.32| 0.28|-0.02|  0| 0.20| 61317| 4.969|0.002| 4.314|0.002| | 0.588|0.009|G|0.67|0.01|G| | 4.3682|0.0005|0.004|133| | 4.36| 4.38|       | | | |          | |  | 1| | | |  |   |       |     |     |    |S| | |109358|B+42 2321 |          |          |0.67|G0V         |X 
H|       61359| |12 34 23.23|-23 23 47.8| 2.65| |G|188.59680864|-23.39662306| |  23.34|    0.86|  -56.00|  0.66|  0.57|  0.80|  0.81|  0.51|-0.16|-0.29|-0.08| 0.03| 0.04|-0.21| 0.01|-0.10| 0.06|-0.02|  0| 2.72| 61359| 3.795|0.003| 2.758|0.003| | 0.893|0.018|G|0.88|0.02|A| | 2.8099|0.0008|0.004| 51| | 2.80| 2.82|       | | | |          | |  | 1| | | |  |   |       |     |     |    |S| | |109379|B-22 3401 |C-22  9505|P-22  5388|0.88|G5II        |4 
H|       61585| |12 37 11.08|-69 08 07.9| 2.69| |G|189.29618208|-69.13553358| |  10.67|  -39.87|  -12.44|  0.35|  0.40|  0.48|  0.36|  0.42| 0.17|-0.14| 0.23| 0.04| 0.09|-0.02| 0.09| 0.19| 0.01| 0.30|  0|-0.46| 61585| 2.457|0.002| 2.659|0.002| |-0.176|0.002|T|-.23|0.02|A| | 2.6109|0.0004|0.004|108| | 2.61| 2.62|       | | | |12372-6908|I| 1| 1| | | |  |   |       |     |     |    |S| | |109668|          |C-68  1104|P-68  1702|-.23|B2IV-V      |X 
H|       61932|H|12 41 31.20|-48 57 35.6| 2.20| |G|190.38002079|-48.95988553|A|  25.01| -187.28|   -1.20|  0.86|  0.76|  1.01|  0.82|  0.73|-0.11|-0.17| 0.06|-0.10| 0.07|-0.04| 0.13|-0.61|-0.02| 0.02|  6| 0.31| 61932| 2.204|0.009| 2.182|0.009|*|-0.023|0.015|G|-.01|0.02|A|*| 2.1460|0.0008|0.007|114|*| 2.14| 2.16|       |D| | |12415-4858|I| 1| 2|C| |A|AB|352|  1.217|0.005| 0.09|0.01|S| | |110304|          |C-48  7597|P-48  4965|-.01|A1IV        |X 
H|       61941| |12 41 40.00|-01 26 58.3| 2.74| |G|190.41667557|-01.44952231|A|  84.53| -616.66|   60.66|  1.35|  0.88|  1.18|  1.11|  0.70|-0.55| 0.00|-0.07|-0.09| 0.23|-0.24| 0.23|-0.14| 0.16|-0.47|  5| 1.54| 61941|      |     |      |     | | 0.368|0.017|G|0.43|0.02|A| | 2.8213|0.0005|0.004| 93|*| 2.82| 2.83|       |D| | |12417-0127|I| 1| 2|C| |C|AB|284|  2.701|0.003| 0.05|0.01|S| | |110379|B-00 2601 |          |          |0.43|F0V+...     |X 
H|       62223| |12 45 07.83|+45 26 24.8| 5.42|2|H|191.28262003|+45.44022447| |   4.59|   -2.20|   13.05|  0.55|  0.47|  0.73|  0.60|  0.57| 0.02|-0.15|-0.09| 0.28|-0.07|-0.09|-0.11| 0.22| 0.17| 0.16|  2| 0.33| 62223| 9.475|0.017| 5.634|0.003| | 2.994|0.013|T|3.07|0.01|L| | 5.3059|0.0178|0.126| 96| | 5.17| 5.52|       |U|2|B|          | |  | 1| | |S|  |   |       |     |     |    |S| | |110914|B+46 1817 |          |          |3.21|C7Iab       |G 
H|       62322|H|12 46 16.87|-68 06 29.1| 3.04| |G|191.57029013|-68.10809405|A|  10.48|  -40.40|  -10.32|  0.59|  0.60|  0.65|  0.61|  0.56| 0.15|-0.08| 0.11|-0.06| 0.21|-0.06| 0.16| 0.03| 0.09| 0.14|  8| 1.80| 62322| 2.863|0.010| 3.052|0.012|*|-0.178|0.005|G|-.19|0.02|A|*| 2.9789|0.0007|0.005|112|*| 2.97| 2.99|       |D| | |12463-6806|I| 1| 2|C| |A|AB| 35|  1.206|0.002| 0.49|0.01|S| | |110879|          |          |P-67  2064|-.19|B2V         |X 
H|       62423| |12 47 34.34|+66 47 25.1| 5.43|1|H|191.89308893|+66.79031573| |   4.19|    1.64|   -4.71|  0.43|  0.43|  0.53|  0.51|  0.48| 0.11| 0.10|-0.12|-0.02| 0.03|-0.11| 0.01| 0.08|-0.06| 0.19|  0|-0.32| 62423| 7.504|0.007| 5.618|0.003| | 1.567|0.006|T|1.59|0.01|L| | 5.5515|0.0009|0.010|118| | 5.53| 5.56|       |U|2| |          | |  | 1| | | |  |   |       |     |     |    |S| | |111335|B+67  764 |          |          |1.62|K5III       |S 
H|       62434| |12 47 43.32|-59 41 19.4| 1.25|1|G|191.93049537|-59.68873246| |   9.25|  -48.24|  -12.82|  0.42|  0.40|  0.61|  0.49|  0.50| 0.05|-0.30| 0.11|-0.10| 0.11| 0.11| 0.15|-0.04| 0.10| 0.02|  1| 0.21| 62434| 1.102|0.009| 1.281|0.006| |-0.238|0.006|G|-.27|0.02|A| | 1.1537|0.0010|0.010|120| | 1.14| 1.17|   0.19|P|1|A|12478-5940|I| 1| 1|G| | |  |   |       |     |     |    |S| | |111123|          |          |P-59  4451|-.27|B0.5III     |X 
H|       62956| |12 54 01.63|+55 57 35.4| 1.76|1|G|193.50680410|+55.95984301| |  40.30|  111.74|   -8.99|  0.43|  0.47|  0.62|  0.45|  0.49| 0.04| 0.08|-0.34|-0.14| 0.05|-0.20|-0.01| 0.13|-0.07|-0.01|  3|-0.06| 62956| 1.813|0.006| 1.764|0.005| |-0.022|0.003|G|-.04|0.03|C| | 1.7545|0.0007|0.008|113| | 1.74| 1.77|   5.08|P|1|A|          | |  | 1| | | |  |   |       |     |     |    |S| | |112185|B+56 1627 |          |          |-.04|A0p         |G 
H|       63076| |12 55 28.56|+65 26 18.8| 5.23|1|H|193.86897970|+65.43854743| |  34.67|   -4.63|  -30.38|  0.42|  0.43|  0.53|  0.46|  0.46| 0.03|-0.03|-0.22|-0.09|-0.01|-0.04|-0.02|-0.10|-0.14| 0.04|  3|-0.34| 63076| 5.584|0.004| 5.265|0.004| | 0.303|0.005|T|0.35|0.01|L| | 5.3073|0.0027|0.021|116| | 5.27| 5.33|   0.42|P|1|A|          | |  | 1| | | |  |   |       |     |     |    |S| | |112429|B+66  778 |          |          |0.33|A5n         |S 
H|       63090| |12 55 36.48|+03 23 51.4| 3.39|2|H|193.90201366|+03.39759862| |  16.11| -471.44|  -52.81|  0.75|  0.51|  0.88|  0.89|  0.58|-0.37| 0.16|-0.17| 0.10| 0.16|-0.25| 0.15|-0.10| 0.33|-0.42|  2|-0.12| 63090| 5.405|0.004| 3.601|0.003| | 1.571|0.014|G|2.24|0.02|A| | 3.4405|0.0027|0.023| 62| | 3.41| 3.48|       |U|2| |12557+0323|I| 1| 1| | |S|  |   |       |     |     |    |S| |P|112300|B+04 2669 |          |          |2.24|M3III       |X 
H|       63125| |12 56 01.84|+38 19 05.7| 2.89|2|G|194.00767051|+38.31824617|A|  29.60| -233.43|   54.98|  1.07|  0.83|  1.04|  1.01|  0.78| 0.31|-0.22|-0.40|-0.49|-0.32| 0.19|-0.25| 0.20|-0.15| 0.26|  1| 1.18| 63125| 2.810|0.003| 2.874|0.004|A|-0.115|0.007|G|-.13|0.03|C| | 2.8471|0.0102|0.025|101|A| 2.82| 2.90|   5.47|P|1|A|12560+3819|I| 2| 1|C|P|A|  |   |       |     |     |    |S| |P|112413|B+39 2580 |          |          |-.13|A0spe...    |X 
H|       63608| |13 02 10.76|+10 57 32.8| 2.85|1|H|195.54483557|+10.95910186| |  31.90| -275.05|   19.96|  0.74|  0.58|  0.87|  0.84|  0.56|-0.12|-0.01|-0.43|-0.24| 0.05|-0.15|-0.02|-0.37| 0.26|-0.37|  0|-0.41| 63608| 4.033|0.003| 2.947|0.002| | 0.934|0.015|G|0.83|0.01|G| | 2.9980|0.0008|0.004| 63| | 2.99| 3.01|       |M| | |13022+1057|I| 1| 1| | | |  |   |       |     |     |    |S| | |113226|B+11 2529 |          |          |0.83|G8IIIvar    |X 
H|       64166| |13 09 03.28|-23 07 04.7| 4.94| |H|197.26367917|-23.11797275| |  14.14|  -19.97|  -39.90|  0.67|  0.50|  0.80|  0.73|  0.42|-0.40|-0.18| 0.05| 0.31|-0.19| 0.24|-0.13| 0.18|-0.02|-0.38|  0|-0.15| 64166| 6.278|0.003| 5.054|0.002| | 1.048|0.003|G|1.02|0.00|H| | 5.1032|0.0004|0.004|117| | 5.10| 5.11|       | | | |          | |  | 1|G| | |  |   |       |     |     |    |S| | |114149|B-22 3515 |C-22  9774|P-22  5561|1.02|K0III       |4 
H|       64241| |13 09 59.55|+17 31 44.8| 4.32| |G|197.49812263|+17.52911621| |  69.81| -445.95|  129.69| 22.89| 19.02| 27.58| 25.45| 15.69|-0.28| 0.19|-0.48|-0.06|-0.09| 0.27|-0.01|-0.29|-0.09|-0.46|  0|     | 64241|      |     |      |     | | 0.455|0.008|G|0.53|0.01|L| | 4.4292|0.0008|0.006| 52| | 4.42| 4.45|       |D| | |13100+1732|I| 1| 1|X| |S|  |   |       |     |     |    |S| | |114378|B+18 2697 |          |          |0.53|F5V         |X 
H|       64394| |13 11 52.92|+27 52 33.7| 4.23| |H|197.97051117|+27.87603769| | 109.23| -801.94|  882.70|  0.54|  0.46|  0.72|  0.63|  0.46|-0.22| 0.09|-0.26| 0.08|-0.20| 0.02|-0.24| 0.50|-0.19|-0.10|  0| 0.52| 64394| 4.956|0.004| 4.311|0.003| | 0.572|0.006|G|0.67|0.04|G| | 4.3608|0.0005|0.005|129| | 4.35| 4.37|       |C| | |13118+2753|I| 1| 1| | | |  |   |       |     |     |    |S| | |114710|B+28 2193 |          |          |0.67|G0V         |X 
H|       64962| |13 18 55.25|-23 10 17.1| 2.99| |G|199.73022240|-23.17141246| |  24.69|   68.41|  -41.09|  0.69|  0.46|  0.70|  0.84|  0.52|-0.42|-0.10|-0.17| 0.46|-0.35| 0.17|-0.38| 0.15| 0.12|-0.52|  2| 0.26| 64962| 4.157|0.003| 3.096|0.002| | 0.920|0.003|G|0.90|0.02|A| | 3.1521|0.0004|0.004|118| | 3.14| 3.16|       | | | |13190-2310|I| 1| 1| | | |  |   |       |     |     |    |S| | |115659|B-22 3554 |C-22  9855|P-22  5584|0.90|G8III       |4 
H|       65109| |13 20 36.07|-36 42 43.5| 2.75| |G|200.15027321|-36.71208109| |  55.64| -340.76|  -87.98|  0.54|  0.53|  0.74|  0.67|  0.55|-0.43|-0.13|-0.04| 0.12|-0.36| 0.21|-0.33| 0.55| 0.00|-0.45|  0| 2.10| 65109| 2.837|0.004| 2.761|0.003| | 0.068|0.004|T|0.02|0.02|A| | 2.7717|0.0004|0.004|108| | 2.76| 2.78|       | | | |          | |  | 1| | | |  |   |       |     |     |    |S| | |115892|          |C-36  8497|P-36  5880|0.02|A2V         |3 
H|       65378| |13 23 55.42|+54 55 31.5| 2.23| |H|200.98091604|+54.92541525|A|  41.73|  121.23|  -22.01|  0.49|  0.51|  0.61|  0.48|  0.48| 0.16| 0.08|-0.24|-0.14|-0.10| 0.00|-0.11|-0.18|-0.04| 0.05| 13| 0.95| 65378| 2.290|0.002| 2.227|0.003|A| 0.057|0.004|T|0.07|0.00|L| | 2.2540|0.0088|0.041|108|A| 2.22| 2.36|       |D| | |13240+5456|I| 2| 2|C| |A|AC|152| 14.431|0.007| 1.62|0.03|S| | |116656|B+55 1598 |          |          |0.07|A2V         |X 
H|       65474| |13 25 11.60|-11 09 40.5| 0.98|1|G|201.29835230|-11.16124491| |  12.44|  -42.50|  -31.73|  0.75|  0.54|  0.86|  0.79|  0.52|-0.39|-0.22| 0.09| 0.20|-0.02| 0.18|-0.04| 0.30|-0.04|-0.46|  0| 1.52| 65474| 0.877|0.012| 1.031|0.010| |-0.235|0.008|G|-.25|0.02|A| | 0.8891|0.0022|0.014| 38| | 0.87| 0.91|   4.01|P|1|A|13252-1109|I| 1| 1| | | |  |   |       |     |     |    |S| |P|116658|B-10 3672 |          |          |-.25|B1V         |X 
H|       65477| |13 25 13.42|+54 59 16.8| 3.99|1|H|201.30589832|+54.98799884| |  40.19|  120.35|  -16.94|  0.41|  0.47|  0.57|  0.43|  0.51| 0.04|-0.04|-0.29| 0.00|-0.06| 0.03|-0.05| 0.01| 0.02|-0.11|  1| 1.28| 65477| 4.225|0.002| 4.023|0.002| | 0.169|0.006|G|0.19|0.03|C| | 4.0506|0.0008|0.008|122| | 4.04| 4.07|       |U|2| |13240+5456|I| 2| 1| | | |  |   |       |     |     |    |S| | |116842|B+55 1603 |          |          |0.19|A5V SB      |G 
H|       65936|H|13 31 02.67|-39 24 26.2| 3.90| |H|202.76111861|-39.40727983|*|   2.60|  -15.65|  -11.25|  0.81|  0.65|  0.75|  0.64|  0.46|-0.21|-0.14| 0.17| 0.09|-0.09| 0.11|-0.14| 0.33| 0.19| 0.09|  1| 0.48| 65936| 5.421|0.004| 4.026|0.002|*| 1.186|0.002|G|1.10|0.02|A|*| 4.0636|0.0008|0.005| 88|*| 4.06| 4.07|       |D| | |13310-3924|I| 1| 2|C| |A|AB| 98|  0.216|0.003| 0.40|0.06|S| | |117440|          |C-38  8592|P-38  5526|1.10|G8II/III    |3 
H|       66047| |13 32 25.53|-47 16 15.8| 7.17| |H|203.10639192|-47.27105993| |  26.30|   25.04| -124.63|  0.72|  0.63|  0.93|  0.96|  0.69|-0.07|-0.10| 0.09|-0.21|-0.17|-0.32|-0.15| 0.21| 0.07|-0.05|  0| 0.35| 66047| 7.899|0.010| 7.238|0.009| | 0.603|0.010|T|0.67|0.01|L| | 7.2999|0.0012|0.011| 82| | 7.29| 7.32|       |C| | |          | |  | 1| | | |  |   |       |     |     |    |S| | |117618|          |C-46  8708|P-46  6391|0.68|G2V         |2 
H|       66192| |13 34 02.62|+53 43 43.4| 8.05| |H|203.51093354|+53.72871964| |  11.29|  -87.84|  -78.43|  0.64|  0.62|  0.82|  0.92|  0.70| 0.12| 0.03|-0.24|-0.03|-0.15|-0.02|-0.13| 0.05|-0.19| 0.04|  0| 0.34| 66192| 8.902|0.012| 8.135|0.010| | 0.699|0.012|T|0.76|0.01|L| | 8.1962|0.0016|0.016|128| | 8.17| 8.22|       |C| | |          | |  | 1| | | |  |   |       |     |     |    |S| | |118203|B+54 1609 |          |          |0.72|K0          |S 
H|       66249| |13 34 41.75|-00 35 45.4| 3.38| |G|203.67397800|-00.59593821| |  44.55| -278.89|   48.56|  0.74|  0.65|  0.90|  0.83|  0.71|-0.35|-0.05|-0.37| 0.14|-0.52| 0.42|-0.34| 0.60|-0.32|-0.61|  0| 0.22| 66249| 3.537|0.003| 3.392|0.003| | 0.114|0.003|G|0.12|0.02|A| | 3.4147|0.0005|0.005| 73| | 3.41| 3.43|       | | | |          | |  | 1| | | |  |   |       |     |     |    |S| | |118098|B+00 3076 |          |          |0.12|A3V         |X 
H|       66657| |13 39 53.27|-53 27 58.9| 2.29|1|H|204.97196962|-53.46636269| |   8.68|  -14.60|  -12.79|  0.40|  0.55|  0.77|  0.55|  0.83|-0.11|-0.23|-0.29| 0.05| 0.00|-0.02|-0.12|-0.31| 0.34|-0.24|  1| 0.07| 66657| 2.051|0.002| 2.247|0.003| |-0.171|0.003|T|-.23|0.02|A| | 2.2097|0.0009|0.007|115| | 2.20| 2.22|       |M| | |13399-5328|I| 1| 1|G| | |  |   |       |     |     |    |S| |P|118716|          |          |P-52  6655|-.23|B1III       |X 
H|       67301| |13 47 32.55|+49 18 47.9| 1.85|1|G|206.88560880|+49.31330288| |  32.39| -121.23|  -15.56|  0.45|  0.59|  0.74|  0.50|  0.57| 0.24|-0.20|-0.53| 0.00| 0.03|-0.15|-0.10|-0.13| 0.12|-0.01|  0| 1.22| 67301| 1.727|0.006| 1.842|0.006| |-0.099|0.007|T|-.08|0.01|L| | 1.7994|0.0008|0.007| 97| | 1.79| 1.81|       |M| | |          | |  | 1| | | |  |   |       |     |     |    |S| | |120315|B+50 2027 |          |          |-.23|B3V SB      |G 
H|       67459| |13 49 28.70|+15 47 52.1| 4.05|1|G|207.36957439|+15.79780583| |  13.29|  -93.64|   40.76|  0.71|  0.56|  0.81|  0.74|  0.58|-0.22|-0.17|-0.04| 0.49|-0.16|-0.09|-0.14| 0.39|-0.15|-0.28|  0| 1.11| 67459| 6.027|0.004| 4.216|0.003| | 1.520|0.012|G|1.60|0.03|C| | 4.1589|0.0011|0.010| 67| | 4.14| 4.17|       |M| | |          | |  | 1| | | |  |   |       |     |     |    |S| | |120477|B+16 2564 |          |          |1.60|K5IIIvar    |X 
H|       67464| |13 49 30.30|-41 41 15.6| 3.41|1|G|207.37623920|-41.68765971| |   6.87|  -26.01|  -20.38|  0.55|  0.46|  0.77|  0.50|  0.45|-0.15|-0.45|-0.03| 0.10|-0.20| 0.01|-0.23| 0.45| 0.08|-0.10|  0| 0.67| 67464| 3.134|0.002| 3.369|0.002| |-0.225|0.010|G|-.24|0.02|A| | 3.3237|0.0006|0.007| 97| | 3.31| 3.34|   2.62|P|1|A|          | |  | 1| | | |  |   |       |     |     |    |S| |P|120307|          |C-41  8171|P-41  6479|-.24|B2IV        |X 
H|       67472| |13 49 37.01|-42 28 25.3| 3.47|2|H|207.40419934|-42.47368506| |   6.19|  -23.85|  -19.22|  0.54|  0.42|  0.71|  0.62|  0.42|-0.11|-0.32| 0.01| 0.06|-0.14| 0.06|-0.18| 0.34| 0.07| 0.07|  2|-1.51| 67472| 3.223|0.003| 3.437|0.003| |-0.170|0.210|G|-.21|0.02|A| | 3.3969|0.0009|0.019|114| | 3.35| 3.41|       |U|2| |13496-4228|I| 1| 1| | | |  |   |       |     |     |    |S| | |120324|          |C-41  8172|P-41  6480|-.21|B2IV-Ve     |X 
H|       67927| |13 54 41.12|+18 23 54.9| 2.68|1|G|208.67131750|+18.39858742|+|  88.17|  -60.95| -358.10|  0.95|  0.68|  0.75|  0.97|  0.82| 0.14| 0.05| 0.05| 0.45| 0.19| 0.10| 0.11| 0.22| 0.01|-0.12|  0| 0.69| 67927| 3.418|0.002| 2.748|0.002| | 0.580|0.000|G|0.65|0.00|H| | 2.7957|0.0004|0.004| 97| | 2.79| 2.80|       |M| | |13547+1824|I| 1| 1|O| | |  |   |       |     |     |    |S| | |121370|B+19 2725 |          |          |0.65|G0IV        |X 
H|       68002| |13 55 32.43|-47 17 17.8| 2.55|1|G|208.88514539|-47.28826634| |   8.48|  -57.14|  -44.75|  0.57|  0.43|  0.74|  0.52|  0.42|-0.16|-0.49| 0.13| 0.08|-0.12| 0.05|-0.22| 0.25| 0.23| 0.07|  0|-0.95| 68002| 2.295|0.004| 2.497|0.004| |-0.176|0.005|T|-.18|0.01|L| | 2.4419|0.0007|0.007| 88| | 2.43| 2.46|       |M| | |          | |  | 1| | | |  |   |       |     |     |    |S| |P|121263|          |C-46  8949|P-46  6560|-.25|B2.5IV      |X 
H|       68282| |13 58 40.77|-44 48 12.7| 3.87| |G|209.66988070|-44.80353140| |   7.81|  -27.97|  -21.69|  0.58|  0.48|  0.70|  0.57|  0.60|-0.13|-0.14| 0.06|-0.28|-0.14|-0.29|-0.17| 0.02|-0.03|-0.14|  0| 1.29| 68282| 3.599|0.002| 3.822|0.003| |-0.208|0.011|G|-.22|0.02|A| | 3.7877|0.0006|0.005| 69| | 3.78| 3.80|       | | | |          | |  | 1| | | |  |   |       |     |     |    |S| | |121790|          |C-44  9010|P-44  6595|-.22|B2IV-V      |X 
H|       68520| |14 01 38.78|+01 32 40.5| 4.23| |H|210.41159648|+01.54458338| |  14.94|   17.41|  -21.20|  0.75|  0.62|  0.88|  0.81|  0.66|-0.28|-0.13|-0.35| 0.21|-0.36| 0.22|-0.29| 0.35|-0.11|-0.45|  0| 0.98| 68520| 4.368|0.003| 4.254|0.002| | 0.121|0.015|G|0.14|0.02|A| | 4.2777|0.0007|0.004| 63| | 4.27| 4.28|       |C| | |14016+0133|I| 1| 1| | | |  |   |       |     |     |    |S| | |122408|B+02 2761 |          |          |0.14|A3V         |X 
H|       68702|H|14 03 49.44|-60 22 22.7| 0.61|1|G|210.95601898|-60.37297840|A|   6.21|  -33.96|  -25.06|  0.43|  0.44|  0.56|  0.51|  0.45|-0.11|-0.16| 0.14|-0.07| 0.15|-0.07| 0.21|-0.29|-0.08| 0.57|  6| 1.36| 68702| 0.435|0.014| 0.609|0.013|*|-0.231|0.017|G|-.25|0.02|A|*| 0.5366|0.0014|0.009| 86|*| 0.52| 0.56|       |U|2| |14038-6022|I| 1| 2|C| |A|AB|234|  0.871|0.012| 3.37|0.07|S| | |122451|          |          |P-59  5365|-.25|B1III       |X 
H|       68756| |14 04 23.43|+64 22 32.9| 3.67|1|H|211.09760837|+64.37580873|+|  10.56|  -56.52|   17.19|  0.54|  0.55|  0.52|  0.46|  0.53|-0.09| 0.00|-0.04|-0.15| 0.06| 0.00| 0.04|-0.20|-0.25|-0.11|  3| 0.61| 68756| 3.609|0.002| 3.644|0.002| |-0.049|0.005|G|-.08|0.03|C| | 3.6452|0.0005|0.004|118| | 3.64| 3.66|       |M| | |          | |  | 1|O| | |  |   |       |     |     |    |S| | |123299|B+65  978 |          |          |-.08|A0III SB    |G 
H|       68895| |14 06 22.27|-26 40 55.3| 3.25| |H|211.59278733|-26.68201883| |  32.17|   43.05| -140.82|  0.65|  0.47|  0.77|  0.73|  0.57|-0.09|-0.26|-0.27| 0.24|-0.05| 0.01|-0.11|-0.08| 0.23|-0.19|  0| 2.00| 68895| 4.699|0.003| 3.382|0.002| | 1.091|0.055|G|1.10|0.02|A| | 3.4187|0.0005|0.004| 84| | 3.41| 3.43|       | | | |          | |  | 1| | | |  |   |       |     |     |    |S| | |123123|          |C-26 10095|P-26  5170|1.10|K2III       |3 
H|       68933| |14 06 41.32|-36 22 07.3| 2.06| |G|211.67218608|-36.36869575| |  53.52| -519.29| -517.87|  0.62|  0.49|  0.79|  0.69|  0.62|-0.20|-0.25|-0.05| 0.16|-0.01|-0.10|-0.07|-0.09| 0.32|-0.15|  4| 1.04| 68933| 3.384|0.005| 2.190|0.006| | 1.011|0.013|G|1.01|0.02|A| | 2.2226|0.0004|0.004| 77| | 2.22| 2.23|       |C| | |14067-3622|I| 1| 1| | | |  |   |       |     |     |    |S| | |123139|          |C-35  9260|P-35  6109|1.01|K0IIIb      |3 
H|       69415| |14 12 46.03|-27 15 40.0| 5.07| |H|213.19180466|-27.26110002| |  14.22|  -13.44|  -35.52|  0.66|  0.59|  0.98|  0.84|  0.90|-0.35|-0.14|-0.27| 0.10| 0.12| 0.06| 0.03|-0.46| 0.40|-0.43|  0|-0.84| 69415| 6.568|0.005| 5.204|0.003| | 1.130|0.039|G|1.16|0.02|A| | 5.2345|0.0007|0.006| 96| | 5.23| 5.25|       |C| | |          | |  | 1| | | |  |   |       |     |     |    |S| | |124206|          |C-26 10158|P-26  5203|1.16|K2III       |3 
H|       69427| |14 12 53.74|-10 16 26.6| 4.18| |G|213.22392088|-10.27404400| |  14.59|    8.04|  140.79|  0.86|  0.53|  0.95|  0.78|  0.64| 0.02|-0.49|-0.24| 0.24| 0.09| 0.06|-0.07|-0.31| 0.30|-0.16|  0| 0.17| 69427| 5.917|0.004| 4.334|0.003| | 1.323|0.040|G|1.35|0.02|A| | 4.3251|0.0009|0.005| 70| | 4.32| 4.34|       |C| | |          | |  | 1| | | |  |   |       |     |     |    |S| | |124294|B-09 3878 |          |          |1.35|K3III       |X 
H|       69673|H|14 15 40.35|+19 11 14.2|-0.05|1|G|213.91811403|+19.18726997|*|  88.85|-1093.45|-1999.40|  0.92|  0.42|  0.74|  0.60|  0.52|-0.52| 0.16|-0.13|-0.07| 0.05|-0.01| 0.03|-0.12|-0.03|-0.31|  7| 2.01| 69673| 1.629|0.010| 0.286|0.009|*| 1.239|0.006|G|1.22|0.02|A|*| 0.1114|0.0020|0.015| 70|*| 0.09| 0.14|       |U|2| |14157+1911|H| 1| 2|C| |A|AB|198|  0.255|0.039| 3.33|0.31|S| | |124897|B+19 2777 |          |          |1.22|K2IIIp      |X 
H|       69701| |14 16 00.88|-05 59 58.3| 4.07| |H|214.00368717|-05.99952622| |  46.74|  -25.84| -419.84|  0.77|  0.52|  0.87|  0.91|  0.68|-0.20|-0.32|-0.17| 0.31|-0.05| 0.02|-0.10|-0.10| 0.10|-0.34|  0|-0.22| 69701| 4.691|0.004| 4.131|0.003| | 0.511|0.006|G|0.59|0.02|A| | 4.1854|0.0005|0.004| 66| | 4.18| 4.19|       |C| | |          | |  | 1| | | |  |   |       |     |     |    |S| | |124850|B-05 3843 |          |          |0.59|F7V         |X 
H|       69732| |14 16 23.18|+46 05 16.5| 4.18| |G|214.09656821|+46.08791894| |  33.58| -187.42|  159.01|  0.45|  0.46|  0.61|  0.52|  0.43| 0.15| 0.05|-0.05|-0.12|-0.25| 0.07|-0.20|-0.10|-0.06|-0.15|  2| 0.12| 69732| 4.293|0.002| 4.193|0.002| | 0.087|0.009|G|0.04|0.03|C| | 4.2074|0.0005|0.005|131| | 4.20| 4.22|       | | | |          | |  | 1| | | |  |   |       |     |     |    |S| | |125162|B+46 1949 |          |          |0.04|A0sh        |X 
H|       69974| |14 19 06.60|-13 22 16.2| 4.52| |G|214.77750771|-13.37116634| |  17.47|  -17.12|   29.39|  0.85|  0.52|  0.94|  0.84|  0.63|-0.07|-0.47|-0.16| 0.16| 0.03| 0.06|-0.04|-0.14| 0.19|-0.12|  2| 1.51| 69974| 4.689|0.003| 4.537|0.003| | 0.128|0.002|G|0.11|0.02|A| | 4.5624|0.0007|0.006| 71| | 4.55| 4.57|       | | | |          | |  | 1| | | |  |   |       |     |     |    |S| | |125337|B-12 4018 |          |          |0.11|A1V         |4 
H|       70306| |14 23 05.91|-27 45 13.4| 4.78| |G|215.77461567|-27.75373395| |  18.67| -201.57| -116.63|  0.65|  0.42|  0.76|  0.76|  0.55|-0.07|-0.22|-0.17|-0.06|-0.16| 0.01|-0.19|-0.13| 0.09|-0.06|  0|-0.22| 70306| 6.515|0.005| 4.944|0.002| | 1.300|0.040|G|1.31|0.02|A| | 4.9395|0.0007|0.006| 98| | 4.93| 4.95|       | | | |          | |  | 1| | | |  |   |       |     |     |    |S| | |125932|          |C-27  9803|P-27  4954|1.31|K3III       |3 
H|       70576|H|14 26 10.80|-45 22 45.3| 4.33| |H|216.54500648|-45.37926095|*|  10.38|   13.55|   -6.35|  0.61|  0.44|  0.72|  0.66|  0.62| 0.01|-0.34|-0.15| 0.15|-0.02|-0.07|-0.09| 0.07| 0.18|-0.13|  0|-2.10| 70576| 4.857|0.003| 4.398|0.002|*| 0.434|0.018|G|0.58|0.02|A|*| 4.4387|0.0005|0.005|107|*| 4.43| 4.45|       |D| | |14262-4523|I| 1| 2|C|S|A|AB|187|  0.128|0.003| 0.62|0.17|S| | |126354|          |C-44  9323|P-44  6771|0.58|A7:+...     |X 
H|       70638| |14 26 55.74|-83 40 04.3| 4.31| |H|216.73225313|-83.66785308| |  11.70|  -95.79|  -12.91|  0.39|  0.42|  0.49|  0.37|  0.45| 0.08|-0.22| 0.02|-0.11|-0.07|-0.12|-0.08| 0.02| 0.02| 0.11|  1|-0.58| 70638| 6.017|0.003| 4.457|0.002| | 1.300|0.300|G|1.30|0.02|A| | 4.4667|0.0006|0.006|156| | 4.46| 4.48|       | | | |          | |  | 1| | | |  |   |       |     |     |    |S| | |124882|          |C-83   189|P-83   557|1.30|K2III       |1 
H|       70755|H|14 28 12.22|-02 13 40.6| 4.81|1|G|217.05091806|-02.22795009|A|  24.15| -140.94|   -2.92|  0.99|  0.85|  1.00|  1.04|  0.83|-0.37| 0.12|-0.49| 0.35|-0.21| 0.36|-0.04| 0.10| 0.03|-0.27|  0|-0.08| 70755| 5.681|0.004| 4.913|0.003|A| 0.693|0.013|G|0.73|0.02|A|*| 4.9445|0.0028|0.015| 43|*| 4.92| 4.98|       |U|2| |14282-0214|I| 1| 2|C| |B|AB|110|  5.158|0.048| 4.13|0.17|S| | |126868|B-01 2957 |          |          |0.73|G2III       |X 
H|       70890| |14 29 47.75|-62 40 52.9|11.01|2|G|217.44894751|-62.68135207| | 772.33|-3775.64|  768.16|  1.31|  1.51|  2.42|  1.52|  1.82| 0.24|-0.12|-0.21| 0.37| 0.11|-0.05| 0.14| 0.15| 0.00| 0.36|  1|-0.64| 70890|      |     |      |     | | 1.807|0.020|G|3.62|0.03|A| |10.7613|0.0038|0.047|163| |10.69|10.83|       |U| | |14396-6050|I| 3| 1| | | |  |   |       |     |     |    | |G| |      |          |          |          |3.62|M5Ve        |K 
H|       71053| |14 31 49.86|+30 22 16.1| 3.57| |H|217.95774098|+30.37114497| |  21.92| -100.44|  120.22|  0.50|  0.45|  0.81|  0.87|  0.64| 0.12| 0.01|-0.25|-0.06|-0.06|-0.36|-0.01| 0.18| 0.02|-0.48|  0|-1.04| 71053| 5.271|0.002| 3.722|0.002| | 1.298|0.007|G|1.22|0.03|C| | 3.7331|0.0003|0.005|131| | 3.73| 3.74|       | | | |14318+3022|I| 1| 1| | | |  |   |       |     |     |    |S| | |127665|B+31 2628 |          |          |1.22|K3III       |X 
H|       71075| |14 32 04.76|+38 18 28.4| 3.04| |G|218.01982421|+38.30788348| |  38.29| -115.55|  151.87|  0.40|  0.52|  0.73|  0.47|  0.55| 0.19| 0.07|-0.29|-0.01| 0.01|-0.21|-0.06| 0.18|-0.31| 0.15|  0| 0.74| 71075| 3.290|0.002| 3.062|0.002| | 0.191|0.006|G|0.17|0.03|C| | 3.0980|0.0005|0.005|138| | 3.09| 3.11|       | | | |14321+3818|I| 1| 1| | | |  |   |       |     |     |    |S| |P|127762|B+38 2565 |          |          |0.17|A7IIIvar    |X 
H|       71352| |14 35 30.45|-42 09 27.9| 2.33|2|H|218.87688163|-42.15774562| |  10.57|  -35.31|  -32.44|  0.65|  0.44|  0.83|  0.75|  0.70|-0.08|-0.28|-0.20| 0.09| 0.15| 0.06| 0.09|-0.37| 0.25|-0.17|  0|-1.69| 71352| 2.124|0.003| 2.306|0.004| |-0.157|0.004|T|-.17|0.02|A| | 2.2729|0.0016|0.024|113| | 2.25| 2.32|   1.28|P|1|A|          | |  | 1| | | |  |   |       |     |     |    |S| |P|127972|          |C-41  8917|P-41  6839|-.17|B1Vn + A    |G 
H|       71536| |14 37 53.25|-49 25 32.7| 4.05|1|H|219.47187965|-49.42575765| |  10.51|  -27.78|  -29.05|  0.49|  0.39|  0.71|  0.47|  0.61|-0.28|-0.43| 0.10|-0.05| 0.06|-0.21| 0.07|-0.12| 0.03|-0.41|  0|-1.36| 71536| 3.859|0.002| 4.020|0.002| |-0.152|0.012|G|-.16|0.02|A| | 3.9964|0.0005|0.006|178| | 3.98| 4.01|       |M| | |          | |  | 1| | | |  |   |       |     |     |    |S| | |128345|          |C-48  9198|P-48  6610|-.16|B5V         |X 
H|       71681| |14 39 39.39|-60 50 22.1| 1.35| |G|219.91412833|-60.83947139|B| 742.12|-3600.35|  952.11| 46.20| 36.28|  1.40| 26.10| 19.75| 0.29|-0.07|-0.01|-0.03|-0.06|-0.04|-0.06|-0.01|-0.13| 0.47|  1|-3.09| 71681|      |     |      |     | | 0.900|0.020|G|0.88|0.02|A| | 1.2429|0.1154|     |   |B|     |     |       |D| | |14396-6050|I| 3| 1|C|L|D|  |   |       |     |     |    |S| |D|128621|          |          |          |0.88|K1V         |1 
H|       71683| |14 39 40.90|-60 50 06.5|-0.01| |G|219.92041034|-60.83514707|A| 742.12|-3678.19|  481.84|  1.42|  1.08|  1.40|  1.51|  1.24| 0.29|-0.31|-0.16| 0.15| 0.05|-0.09| 0.00| 0.14| 0.09| 0.45|  1|-3.09| 71683|      |     |      |     | | 0.710|0.040|G|0.69|0.02|A| | 0.1373|0.0472|0.063|105|A| 0.06| 0.26|       |D| | |14396-6050|I| 3| 1|C|P|D|  |   |       |     |     |    |S| |D|128620|          |          |P-60  5483|0.69|G2V         |X 
H|       71795|H|14 41 08.92|+13 43 42.0| 3.78| |G|220.28716819|+13.72833113|A|  18.07|   52.36|  -12.71|  1.19|  1.02|  1.24|  1.21|  0.97|-0.33|-0.01|-0.34|-0.10|-0.21| 0.27|-0.15| 0.03|-0.02|-0.38|  0| 0.25| 71795| 3.863|0.005| 3.799|0.003|*| 0.044|0.003|G|0.06|0.00|H|*| 3.7971|0.0006|0.004| 80|*| 3.79| 3.80|       |D| | |14411+1344|I| 1| 2|C| |A|AB|303|  0.906|0.003| 0.05|0.01|S| | |129246|B+14 2770 |          |          |0.06|A3IVn       |X 
H|       71860| |14 41 55.77|-47 23 17.3| 2.30|1|G|220.48239101|-47.38814127| |   5.95|  -21.15|  -24.22|  0.46|  0.45|  0.76|  0.54|  0.62|-0.41|-0.14|-0.11|-0.07| 0.18|-0.33| 0.16|-0.29| 0.27|-0.30|  0|-1.60| 71860| 2.083|0.002| 2.260|0.002| |-0.154|0.002|T|-.21|0.02|A| | 2.2296|0.0011|0.010|143| | 2.21| 2.24|   0.26|P|1|A|14419-4723|I| 1| 1| | | |  |   |       |     |     |    |S| |P|129056|          |C-46  9501|P-46  6927|-.21|B1.5III     |X 
H|       71908| |14 42 30.69|-64 58 28.5| 3.18| |H|220.62785433|-64.97456957| |  60.97| -192.64| -234.07|  0.36|  0.43|  0.58|  0.39|  0.49| 0.22|-0.21|-0.06| 0.27| 0.30| 0.01| 0.34| 0.18|-0.11| 0.42|  0| 0.88| 71908| 3.502|0.002| 3.211|0.002| | 0.256|0.012|G|0.26|0.02|A| | 3.2465|0.0004|0.004|162| | 3.24| 3.25|       |C| | |14425-6459|I| 1| 1| | | |  |   |       |     |     |    |S| | |128898|          |          |P-64  2977|0.26|F1Vp        |X 
H|       71957| |14 43 03.56|-05 39 26.7| 3.87| |H|220.76484284|-05.65742910| |  53.54|  104.23| -319.90|  0.81|  0.71|  0.95|  1.09|  1.24|-0.23|-0.23|-0.16| 0.43|-0.03|-0.15|-0.12| 0.18| 0.40|-0.40|  0| 1.58| 71957| 4.331|0.003| 3.914|0.003| | 0.385|0.006|G|0.47|0.02|A| | 3.9589|0.0006|0.004| 46| | 3.95| 3.97|       | | | |          | |  | 1| | | |  |   |       |     |     |    |S| | |129502|B-05 3936 |          |          |0.47|F2III       |X 
H|       72105|H|14 44 59.25|+27 04 27.0| 2.35| |H|221.24687869|+27.07417383|A|  15.55|  -50.65|   20.00|  0.58|  0.52|  0.78|  0.68|  0.62| 0.23|-0.39|-0.46| 0.19| 0.01|-0.10| 0.01| 0.21|-0.09|-0.49|  1| 0.31| 72105| 3.562|0.004| 2.470|0.003|*| 0.966|0.004|G|0.95|0.00|H|*| 2.5167|0.0005|0.004| 87|*| 2.51| 2.52|       |D| | |14449+2704|I| 1| 2|C| |A|AB|341|  2.867|0.003| 2.19|0.02|S| | |129988|B+27 2417 |          |          |0.95|A0          |S 
H|       72220| |14 46 14.99|+01 53 34.6| 3.73| |G|221.56246594|+01.89293830| |  25.35| -116.04|  -21.75|  0.88|  0.58|  0.87|  1.26|  0.70|-0.21|-0.23| 0.16| 0.10|-0.47|-0.16|-0.40| 0.01| 0.10| 0.12|  0| 0.09| 72220| 3.735|0.002| 3.730|0.002| |-0.005|0.006|G|0.01|0.02|A| | 3.7371|0.0005|0.004| 77| | 3.73| 3.75|       |C| | |          | |  | 1| | | |  |   |       |     |     |    |S| | |130109|B+02 2862 |          |          |0.01|A0V         |X 
H|       72339| |14 47 32.80|-00 16 52.1| 8.04| |H|221.88667704|-00.28113382| |  33.60| -129.60| -140.79|  1.19|  1.06|  1.51|  1.32|  1.40| 0.03|-0.25|-0.42| 0.48| 0.31|-0.23| 0.10|-0.20| 0.51|-0.20|  0| 0.68| 72339| 9.016|0.022| 8.127|0.017| | 0.781|0.002|G|0.82|0.00|H| | 8.1843|0.0025|0.013| 35| | 8.15| 8.22|       | | | |          | |  | 1| | | |  |   |       |     |     |    |S| | |130322|B+00 3243 |          |          |0.82|K0III       |X 
H|       72370| |14 47 51.73|-79 02 41.0| 3.83|1|G|221.96552567|-79.04471242| |   7.93|   -5.67|  -15.75|  0.40|  0.44|  0.53|  0.41|  0.50| 0.07|-0.27|-0.01| 0.02| 0.06|-0.05| 0.02| 0.05| 0.13| 0.11|  1| 1.09| 72370| 5.697|0.003| 3.980|0.002| | 1.433|0.003|T|1.42|0.01|L| | 3.9796|0.0005|0.005|136| | 3.97| 3.99|       |M| | |          | |  | 1| | | |  |   |       |     |     |    |S| | |129078|          |          |P-78   893|1.35|K5III       |X 
H|       72487| |14 49 18.68|+46 06 59.0| 5.76| |H|222.32781437|+46.11639336| |  21.34|   -7.35|  -77.32|  0.46|  0.41|  0.55|  0.57|  0.49| 0.03| 0.02|-0.06|-0.03| 0.01| 0.06| 0.02| 0.04| 0.06|-0.09|  2| 0.59| 72487| 6.322|0.003| 5.815|0.003| | 0.482|0.002|G|0.55|0.00|H| | 5.8715|0.0006|0.006|136| | 5.86| 5.88|       |C| | |          | |  | 1| | | |  |   |       |     |     |    |S| | |130945|B+46 1993 |          |          |0.55|F7IVw       |X 
H|       72571| |14 50 17.47|-27 57 36.8| 4.42| |H|222.57277790|-27.96021925| |  10.68| -237.37|  -62.37|  0.78|  0.49|  0.83|  1.28|  0.75|-0.17|-0.08| 0.11|-0.15|-0.16|-0.22|-0.11|-0.23|-0.05| 0.40|  0| 0.55| 72571| 6.216|0.005| 4.576|0.003| | 1.366|0.050|G|1.43|0.02|A| | 4.5608|0.0008|0.006| 77| | 4.55| 4.57|       | | | |          | |  | 1| | | |  |   |       |     |     |    |S| | |130694|          |C-27 10073|P-27  5058|1.43|K3III       |3 
H|       72607| |14 50 42.40|+74 09 19.7| 2.07|1|H|222.67664751|+74.15547596| |  25.79|  -32.29|   11.91|  0.44|  0.49|  0.52|  0.45|  0.57| 0.20|-0.31|-0.28|-0.05|-0.06| 0.15|-0.01|-0.02|-0.03| 0.17|  3| 0.85| 72607| 4.015|0.003| 2.238|0.003| | 1.465|0.005|G|1.46|0.03|C| | 2.2044|0.0008|0.008| 99| | 2.19| 2.22|       |M| | |14506+7410|I| 1| 1| | | |  |   |       |     |     |    |S| | |131873|B+74  595 |          |          |1.46|K4IIIvar    |X 
H|       72622| |14 50 52.78|-16 02 29.8| 2.75| |G|222.71990536|-16.04161047| |  42.25| -105.69|  -69.00|  0.73|  0.59|  1.05|  0.87|  0.62|-0.25|-0.27|-0.44| 0.13|-0.24| 0.43| 0.04| 0.03|-0.17|-0.32|  0| 0.82| 72622| 2.957|0.002| 2.770|0.003| | 0.147|0.005|G|0.16|0.02|A| | 2.7892|0.0004|0.003| 64| | 2.78| 2.80|       | | | |14508-1602|I| 2| 1| | | |  |   |       |     |     |    |S| | |130841|B-15 3966 |          |          |0.16|A3IV        |4 
H|       72845| |14 53 23.00|+18 14 07.8| 7.80| |H|223.34583911|+18.23548983| |   8.24|   44.44|  -36.46|  0.62|  0.69|  0.98|  0.71|  0.80|-0.44|-0.13| 0.04| 0.26| 0.04|-0.11| 0.03|-0.11| 0.02|-0.47|  2|-0.54| 72845| 9.127|0.014| 7.912|0.009| | 1.039|0.013|T|1.01|0.01|L| | 7.9634|0.0010|0.010|129| | 7.95| 7.98|       |C| | |          | |  | 1| | | |  |   |       |     |     |    |S| | |131496|B+18 2951 |          |          |1.02|K0          |S 
H|       73136| |14 56 48.32|+74 54 03.3| 6.83| |H|224.20134602|+74.90091329| |   6.67|   13.50|    5.65|  0.54|  0.55|  0.60|  0.48|  0.60| 0.23|-0.33|-0.33|-0.24|-0.09|-0.06|-0.10|-0.02|-0.06| 0.12|  0| 1.14| 73136| 8.092|0.011| 6.946|0.006| | 0.985|0.010|T|0.97|0.01|L| | 6.9990|0.0011|0.008|108| | 6.98| 7.01|       |C| | |14569+7455|I| 1| 1| | | |  |   |       |     |     |    |S| | |133086|B+75  547 |          |          |0.97|K0          |S 
H|       73273| |14 58 31.95|-43 08 01.9| 2.68|1|G|224.63314193|-43.13386699| |   6.23|  -34.06|  -38.30|  0.55|  0.40|  0.71|  0.82|  0.62|-0.36|-0.01|-0.01|-0.03|-0.05|-0.29|-0.17| 0.19|-0.16| 0.24|  0| 0.58| 73273| 2.435|0.002| 2.646|0.002| |-0.184|0.002|T|-.23|0.02|A| | 2.5982|0.0005|0.005|117| | 2.59| 2.61|       |M| | |          | |  | 1| | | |  |   |       |     |     |    |S| | |132058|          |C-42  9853|P-42  6856|-.23|B2III       |X 
H|       73334|H|14 59 09.70|-42 06 14.9| 3.13| |G|224.79041254|-42.10414199|*|   6.05|  -17.76|  -21.33|  0.60|  0.46|  0.73|  0.56|  0.61|-0.36|-0.21| 0.13|-0.18|-0.10|-0.26|-0.13| 0.05|-0.21|-0.12|  0| 0.85| 73334| 2.894|0.003| 3.097|0.002|*|-0.208|0.010|G|-.21|0.02|A|*| 3.0671|0.0007|0.005| 90|*| 3.06| 3.08|       |D| | |14592-4206|I| 1| 2|C|S|A|AC|155|  0.125|0.010| 1.38|0.30|S| | |132200|          |C-41  9342|P-41  6979|-.21|B2IV        |X 
H|       73555| |15 01 56.79|+40 23 26.3| 3.49| |H|225.48663804|+40.39063671| |  14.91|  -40.20|  -29.22|  0.43|  0.44|  0.57|  0.50|  0.53| 0.08|-0.14|-0.03|-0.13|-0.14| 0.13|-0.13| 0.00| 0.11|-0.08|  0|-0.69| 73555| 4.697|0.002| 3.588|0.002| | 0.956|0.000|G|0.89|0.03|C| | 3.6469|0.0003|0.004|139| | 3.64| 3.65|       | | | |          | |  | 1| | | |  |   |       |     |     |    |S| | |133208|B+40 2840 |          |          |0.89|G8III       |X 
H|       73714| |15 04 04.26|-25 16 54.7| 3.25| |H|226.01775793|-25.28185602| |  11.17|  -71.85|  -44.69|  0.86|  0.63|  0.98|  1.47|  0.94|-0.14| 0.20|-0.32|-0.09|-0.14|-0.02|-0.22| 0.10|-0.31| 0.32|  0| 0.36| 73714| 5.417|0.011| 3.472|0.010| | 1.674|0.038|G|2.23|0.02|A| | 3.3093|0.0100|0.060| 39| | 3.24| 3.41|       | | | |          | |  | 1| | |S|  |   |       |     |     |    |S| | |133216|          |C-24 11834|P-24  5432|2.23|M3/M4III    |4 
H|       74395| |15 12 17.20|-52 05 56.7| 3.41| |H|228.07167982|-52.09907465| |  28.06| -113.94|  -71.00|  0.51|  0.55|  0.71|  0.56|  0.75|-0.26|-0.26|-0.29|-0.05|-0.02|-0.24|-0.01| 0.17| 0.07|-0.64|  0| 1.49| 74395| 4.572|0.003| 3.506|0.002| | 0.918|0.004|G|0.91|0.02|A| | 3.5711|0.0005|0.004| 81| | 3.56| 3.58|       |C| | |15122-5206|I| 1| 1| | | |  |   |       |     |     |    |S| | |134505|          |C-51  8830|P-51  7643|0.91|G8III       |X 
H|       74666| |15 15 30.10|+33 18 54.4| 3.46| |H|228.87543241|+33.31510222| |  27.94|   84.84| -110.57|  0.34|  0.42|  0.61|  0.37|  0.48| 0.13| 0.03|-0.09| 0.01| 0.05|-0.10| 0.06| 0.12| 0.12| 0.04|  3|-0.55| 74666| 4.688|0.002| 3.577|0.002| | 0.961|0.003|G|0.96|0.03|C| | 3.6268|0.0003|0.004|184| | 3.62| 3.63|       | | | |15156+3319|I| 2| 1| | | |  |   |       |     |     |    |S| | |135722|B+33 2561 |          |          |0.96|G8III       |X 
H|       74785| |15 17 00.47|-09 22 58.3| 2.61| |G|229.25196591|-09.38286694| |  20.38|  -96.39|  -20.76|  0.75|  0.52|  0.87|  0.89|  0.68|-0.19|-0.37|-0.09| 0.17|-0.07| 0.12| 0.08| 0.10|-0.28|-0.06|  0|-0.73| 74785| 2.515|0.004| 2.598|0.003| |-0.071|0.004|T|-.08|0.02|A| | 2.5740|0.0006|0.005| 59| | 2.57| 2.58|       | | | |          | |  | 1| | | |  |   |       |     |     |    |S| | |135742|B-08 3935 |          |          |-.08|B8V         |X 
H|       74824| |15 17 30.96|-58 48 03.2| 4.07| |H|229.37900090|-58.80087882| |  33.75|  -98.39| -135.46|  0.62|  0.53|  0.75|  0.90|  0.82| 0.15|-0.09|-0.14| 0.34| 0.31| 0.07| 0.40|-0.09| 0.14| 0.36|  2| 0.58| 74824| 4.197|0.002| 4.080|0.002| | 0.088|0.007|G|0.08|0.02|A| | 4.1042|0.0005|0.004|106| | 4.10| 4.11|       |C| | |          | |  | 1| | | |  |   |       |     |     |    |S| | |135379|          |          |P-58  5875|0.08|A3V         |X 
H|       74946| |15 18 54.69|-68 40 46.1| 2.87| |G|229.72787007|-68.67946723| |  17.85|  -66.48|  -32.00|  0.29|  0.39|  0.52|  0.35|  0.49| 0.15|-0.09|-0.05| 0.02| 0.04|-0.01| 0.03| 0.25|-0.02| 0.19|  0|-0.91| 74946| 2.916|0.002| 2.884|0.001| | 0.014|0.008|G|0.04|0.02|A| | 2.8816|0.0003|0.004|203| | 2.88| 2.89|       | | | |          | |  | 1| | | |  |   |       |     |     |    |S| | |135382|          |C-68  1503|P-68  2383|0.04|A1V         |X 
H|       74961| |15 19 06.20|+41 44 01.1| 7.88| |G|229.77582335|+41.73364823| |   9.40|  -19.72| -181.65|  0.56|  0.59|  0.72|  0.62|  0.68| 0.18|-0.05|-0.10|-0.08| 0.00| 0.14| 0.02| 0.00|-0.01| 0.16|  0|-1.88| 74961| 9.068|0.011| 7.976|0.007| | 0.930|0.015|G|0.98|0.02|I| | 8.0279|0.0011|0.013|146| | 8.01| 8.05|       |C| | |          | |  | 1| | | |  |   |       |     |     |    |S| | |136418|B+42 2587 |          |          |0.98|G5          |S 
H|       75097| |15 20 43.75|+71 50 02.3| 3.00| |H|230.18228840|+71.83397308| |   6.79|  -18.03|   17.68|  0.44|  0.39|  0.46|  0.53|  0.43|-0.02|-0.02|-0.19| 0.02|-0.15| 0.11|-0.11| 0.10|-0.23|-0.10|  0| 1.22| 75097| 3.102|0.003| 3.033|0.003| | 0.058|0.014|G|0.12|0.03|C| | 3.0449|0.0004|0.004|100| | 3.04| 3.06|       | | | |          | |  | 1| | | |  |   |       |     |     |    |S| | |137422|B+72  679 |          |          |0.12|A3II-III    |X 
H|       75141| |15 21 22.34|-40 38 50.9| 3.22|1|H|230.34306833|-40.64745946| |   6.39|  -19.11|  -24.05|  0.79|  0.61|  0.86|  0.88|  0.72|-0.18|-0.37|-0.04|-0.22| 0.03| 0.18| 0.12|-0.05|-0.19|-0.20|  0| 2.26| 75141| 2.953|0.003| 3.182|0.003| |-0.227|0.012|G|-.23|0.02|A| | 3.1417|0.0011|0.010| 90| | 3.13| 3.16|       |M| | |          | |  | 1|G| | |  |   |       |     |     |    |S| |P|136298|          |C-40  9538|P-40  6933|-.23|B1.5IV      |X 
H|       75177| |15 21 48.44|-36 15 40.2| 3.57|1|H|230.45181856|-36.26116729| |   9.99|  -91.85|  -86.03|  0.64|  0.48|  0.79|  0.71|  0.66|-0.23|-0.23|-0.22| 0.11|-0.08| 0.03|-0.10| 0.21| 0.11|-0.26|  0| 1.09| 75177| 5.580|0.004| 3.745|0.003| | 1.534|0.005|G|1.59|0.02|A| | 3.6909|0.0013|0.010| 81| | 3.67| 3.70|       |U|2| |15218-3616|I| 1| 1| | | |  |   |       |     |     |    |S| | |136422|          |C-35 10236|P-35  6550|1.59|K5III       |3 
H|       75323|H|15 23 22.66|-59 19 14.5| 4.48|1|H|230.84440733|-59.32069839|A|   6.40|  -10.29|  -36.57|  0.81|  0.78|  0.99|  0.77|  0.84| 0.26|-0.26|-0.18| 0.01| 0.19|-0.15| 0.14|-0.11| 0.16| 0.20|  7| 2.14| 75323| 4.726|0.004| 4.550|0.006|*| 0.169|0.007|T|0.18|0.01|L|*| 4.5370|0.0023|0.022|128|*| 4.50| 4.56|       |U|2|C|15234-5919|I| 1| 2|C| |A|AB| 18|  0.836|0.002| 0.88|0.01|S| | |136415|          |          |P-58  5908|0.44|B5III + F8  |G 
H|       75411| |15 24 29.54|+37 22 37.1| 4.31| |G|231.12306762|+37.37696091| |  26.96| -147.68|   84.69|  0.49|  0.56|  0.65|  0.88|  1.11| 0.02|-0.16|-0.30|-0.07| 0.06| 0.10| 0.18|-0.28| 0.00| 0.33|  2|-0.82| 75411| 4.680|0.002| 4.338|0.002| | 0.309|0.008|G|0.35|0.03|C| | 4.3826|0.0005|0.005|120| | 4.37| 4.39|       |D| | |15245+3722|I| 2| 1|G| | |  |   |       |     |     |    |S| | |137391|B+37 2636 |          |          |0.35|F0V         |X 
H|       75458| |15 24 55.78|+58 57 57.7| 3.29| |G|231.23243370|+58.96602354| |  31.92|   -8.27|   17.30|  0.42|  0.47|  0.51|  0.38|  0.49| 0.08|-0.14|-0.28|-0.25|-0.05| 0.02|-0.08|-0.33| 0.21|-0.01|  0|-0.21| 75458| 4.827|0.003| 3.435|0.002| | 1.166|0.007|G|1.07|0.03|C| | 3.4638|0.0005|0.005|104| | 3.46| 3.48|       | | | |15250+5859|I| 1| 1| | | |  |   |       |     |     |    |S| | |137759|B+59 1654 |          |          |1.07|K2III       |X 
H|       75695| |15 27 49.85|+29 06 19.8| 3.66|1|H|231.95771631|+29.10549164|+|  28.60| -181.39|   86.84|  0.39|  0.47|  0.69|  0.38|  0.57| 0.18|-0.16|-0.10|-0.15|-0.25|-0.02|-0.06| 0.13|-0.05| 0.24|  2| 0.39| 75695| 4.027|0.002| 3.696|0.001| | 0.319|0.002|T|0.37|0.00|L| | 3.7373|0.0006|0.007|186| | 3.73| 3.76|  18.54|P|1|A|15278+2906|I| 1| 1|O| | |  |   |       |     |     |    |S| |P|137909|B+29 2670 |          |          |0.35|F0p         |X 
H|       76127|H|15 32 55.80|+31 21 33.0| 4.14| |G|233.23248309|+31.35915517|A|  10.49|  -19.62|   -8.94|  0.44|  0.52|  0.66|  0.48|  0.60| 0.34|-0.08|-0.17|-0.16|-0.07| 0.04|-0.06|-0.13| 0.14| 0.28|  2| 1.30| 76127| 4.003|0.002| 4.141|0.002|*|-0.127|0.015|G|-.12|0.03|C|*| 4.1120|0.0005|0.005|175|*| 4.10| 4.12|       |D| | |15329+3122|I| 1| 2|C| |A|AB|201|  0.752|0.004| 2.41|0.02|S| | |138749|B+31 2750 |          |          |-.12|B6Vnn       |X 
H|       76267| |15 34 41.19|+26 42 53.7| 2.22|2|G|233.67162293|+26.71491041|+|  43.65|  120.38|  -89.44|  0.54|  0.50|  0.79|  0.55|  0.52|-0.14|-0.26|-0.16| 0.23|-0.27| 0.05|-0.29| 0.19|-0.02|-0.21|  1|-0.22| 76267| 2.252|0.002| 2.217|0.003| | 0.032|0.003|T|0.05|0.00|L| | 2.2210|0.0006|0.007| 93| | 2.21| 2.29|       |U|2| |          | |  | 1|O| | |  |   |       |     |     |    |S| |P|139006|B+27 2512 |          |          |-.01|A0V         |X 
H|       76276|H|15 34 48.19|+10 32 19.9| 3.80|1|H|233.70079260|+10.53885916|A|  15.54|  -72.63|    3.17|  0.88|  0.57|  0.78|  1.10|  0.72| 0.10|-0.18|-0.22| 0.04|-0.17| 0.04|-0.16|-0.05|-0.25|-0.09|  1| 1.97| 76276| 4.070|0.007| 3.788|0.006|*| 0.268|0.008|T|0.30|0.01|L|*| 3.8677|0.0019|0.013| 63|*| 3.85| 3.89|       |U|2| |15348+1033|I| 1| 2|C| |A|AB|175|  4.012|0.002| 1.04|0.01|S| |P|138917|B+11 2821 |          |          |0.29|F0IV        |K 
H|       76297|H|15 35 08.46|-41 10 00.1| 2.80|1|G|233.78525156|-41.16669497|A|   5.75|  -16.05|  -25.52|  1.14|  0.86|  1.24|  1.23|  1.04|-0.18|-0.05|-0.11| 0.03|-0.10| 0.00|-0.09| 0.25|-0.17|-0.32|  0| 1.81| 76297| 2.536|0.003| 2.746|0.004|*|-0.216|0.015|G|-.22|0.02|A|*| 2.7000|0.0014|0.009|101|*| 2.69| 2.71|   2.85|P|1|A|15351-4110|I| 1| 2|C| |A|AB|278|  0.714|0.003| 0.11|0.01|S| | |138690|          |C-40  9760|P-40  7042|-.22|B2IV        |X 
H|       76333| |15 35 31.54|-14 47 22.4| 3.91| |G|233.88141398|-14.78955365| |  21.42|   65.67|    6.93|  0.83|  0.51|  0.90|  0.88|  0.70|-0.23|-0.39| 0.08| 0.22| 0.12| 0.22| 0.19| 0.10|-0.09|-0.10|  0| 0.73| 76333| 5.205|0.003| 4.031|0.002| | 1.007|0.003|T|1.02|0.02|A| | 4.0672|0.0006|0.004| 73| | 4.06| 4.09|       | | | |15355-1447|I| 1| 1| | | |  |   |       |     |     |    |S| | |138905|B-14 4237 |          |          |1.02|K0III       |4 
H|       76351| |15 35 40.09|-80 12 16.9| 8.71| |H|233.91704974|-80.20469392|A|  26.01|  -47.57|   44.04|  1.84|  2.00|  1.88|  1.75|  1.97| 0.11| 0.00|-0.04|-0.03| 0.06| 0.00| 0.05| 0.03|-0.08| 0.27|  1| 1.04| 76351| 9.808|0.018| 8.772|0.013|A| 0.891|0.017|T|0.90|0.01|L| | 8.8565|0.0307|0.030|154|A| 8.79| 8.91|       |D| | |15357-8012|I| 2| 1|C|P|D|  |   |       |     |     |    | | |D|137388|          |          |P-79   844|0.86|K0/K1V      |1 
H|       76552| |15 38 03.32|-42 34 02.9| 4.34| |H|234.51384287|-42.56748493| |  14.19| -147.60|   56.35|  0.59|  0.51|  0.73|  0.63|  0.66|-0.32|-0.19|-0.13| 0.07|-0.07|-0.09|-0.03| 0.32|-0.14|-0.41|  0|-0.42| 76552| 6.193|0.004| 4.506|0.002| | 1.412|0.013|G|1.42|0.02|A| | 4.4791|0.0007|0.006| 91| | 4.47| 4.49|       |C| | |15381-4234|I| 1| 1| | | |  |   |       |     |     |    |S| | |139127|          |C-42 10601|P-42  7111|1.42|K4.5III     |X 
H|       76952|H|15 42 44.64|+26 17 43.9| 3.81| |H|235.68599269|+26.29551419|A|  22.48| -112.52|   50.70|  0.54|  0.55|  0.67|  0.48|  0.58|-0.12|-0.24|-0.06| 0.55|-0.01|-0.15|-0.14|-0.05| 0.11|-0.32|  2|-0.39| 76952| 3.840|0.002| 3.819|0.002|*| 0.020|0.003|T|0.04|0.00|L|*| 3.8233|0.0008|0.007|121|*| 3.81| 3.84|       |D| | |15427+2618|I| 1| 2|C| |A|AB|118|  0.609|0.002| 1.56|0.01|S| | |140436|B+26 2722 |          |          |0.02|A1Vs        |X 
H|       77055| |15 44 03.46|+77 47 40.2| 4.29| |H|236.01443312|+77.79449901| |   8.68|   20.07|   -2.50|  0.42|  0.43|  0.47|  0.40|  0.48| 0.03|-0.28|-0.11|-0.04| 0.00|-0.01| 0.03| 0.18|-0.07|-0.03|  1| 1.21| 77055| 4.342|0.002| 4.288|0.002| | 0.038|0.005|G|0.05|0.03|C| | 4.3064|0.0003|0.004|120| | 4.30| 4.32|       | | | |          | |  | 1| | | |  |   |       |     |     |    |S| | |142105|B+78  527 |          |          |0.05|A3Vn        |X 
H|       77070| |15 44 16.00|+06 25 31.9| 2.63| |H|236.06664914|+06.42551971| |  44.54|  134.66|   44.14|  0.68|  0.50|  0.71|  0.78|  0.63|-0.17|-0.30|-0.13| 0.40|-0.23| 0.08|-0.14| 0.38|-0.23|-0.17|  2|-0.14| 77070| 4.165|0.003| 2.764|0.003| | 1.167|0.015|G|1.09|0.02|A| | 2.7971|0.0004|0.003| 67| | 2.79| 2.80|       |C| | |15442+0626|I| 1| 1| | | |  |   |       |     |     |    |S| | |140573|B+06 3088 |          |          |1.09|K2III       |X 
H|       77233| |15 46 11.21|+15 25 18.9| 3.65| |H|236.54672877|+15.42192602| |  21.31|   68.54|  -41.31|  0.95|  0.71|  0.86|  1.07|  1.23|-0.48|-0.32|-0.03| 0.60|-0.46|-0.07|-0.46| 0.51|-0.08|-0.64|  0| 0.40| 77233| 3.754|0.003| 3.668|0.003| | 0.073|0.005|G|0.09|0.02|G| | 3.6836|0.0005|0.003| 54| | 3.68| 3.69|       |C| | |15461+1525|I| 1| 1| | | |  |   |       |     |     |    |S| | |141003|B+15 2911 |          |          |0.09|A3V         |X 
H|       77450| |15 48 44.41|+18 08 30.4| 4.09|1|H|237.18503586|+18.14177930| |   9.36|  -51.78|  -88.72|  0.71|  0.61|  0.81|  0.76|  0.90|-0.17| 0.11|-0.16|-0.50|-0.01|-0.19|-0.07|-0.27| 0.12|-0.39|  0|-1.40| 77450| 6.206|0.005| 4.282|0.003| | 1.616|0.008|G|1.73|0.03|C| | 4.1929|0.0011|0.011| 91| | 4.17| 4.21|       |U|2| |          | |  | 1| | | |  |   |       |     |     |    |S| | |141477|B+18 3074 |          |          |1.73|M1III       |X 
H|       77512| |15 49 35.70|+26 04 06.8| 4.59|1|H|237.39874182|+26.06854936| |  19.71|  -79.85|  -63.78|  0.42|  0.45|  0.73|  0.49|  0.55| 0.11|-0.23|-0.03| 0.14|-0.07| 0.01|-0.10|-0.07| 0.14| 0.10|  0| 0.60| 77512| 5.572|0.003| 4.681|0.003| | 0.794|0.001|G|0.82|0.03|C| | 4.7388|0.0008|0.009|121| | 4.73| 4.76|       |U|2| |          | |  | 1| | | |  |   |       |     |     |    |S| | |141714|B+26 2737 |          |          |0.82|G5III-IV    |X 
H|       77516| |15 49 37.27|-03 25 48.5| 3.54| |G|237.40527375|-03.43014112| |  20.94|  -98.07|  -27.41|  0.81|  0.53|  0.82|  0.90|  0.63| 0.00|-0.44|-0.16| 0.39| 0.02|-0.15| 0.02| 0.23|-0.11| 0.00|  0|-0.94| 77516| 3.524|0.001| 3.546|0.002| |-0.036|0.005|G|-.03|0.02|A| | 3.5411|0.0004|0.004| 99| | 3.54| 3.55|       |D| | |          | |  | 1|G| | |  |   |       |     |     |    |S| | |141513|B-02 4052 |          |          |-.03|A0V         |X 
H|       77622| |15 50 48.89|+04 28 39.3| 3.71| |G|237.70371344|+04.47757980| |  46.39|  127.98|   61.87|  0.72|  0.51|  0.74|  0.87|  0.68|-0.21|-0.26| 0.00| 0.42|-0.19| 0.03|-0.12| 0.37|-0.17|-0.01|  0|-0.55| 77622| 3.900|0.003| 3.728|0.002| | 0.147|0.009|G|0.13|0.02|A| | 3.7548|0.0007|0.004| 71| | 3.75| 3.76|       | | | |          | |  | 1| | | |  |   |       |     |     |    |S| | |141795|B+04 3069 |          |          |0.13|A2m         |X 
H|       77634| |15 50 57.54|-33 37 37.6| 3.97| |H|237.73975730|-33.62710488| |  15.86|   -5.92|  -24.91|  0.72|  0.47|  0.84|  0.82|  0.64|-0.33|-0.35| 0.08| 0.19| 0.02| 0.16| 0.09| 0.28|-0.23|-0.17|  2|-0.24| 77634| 3.917|0.002| 3.954|0.002| |-0.045|0.005|G|-.05|0.02|A| | 3.9547|0.0004|0.004| 93| | 3.95| 3.96|       | | | |          | |  | 1| | | |  |   |       |     |     |    |S| | |141556|          |C-33 10754|P-33  3933|-.05|B9.5III-IV  |3 
H|       77760| |15 52 40.19|+42 27 00.0| 4.60| |H|238.16747684|+42.44998796|+|  63.08|  438.97|  629.52|  0.43|  0.44|  0.54|  0.51|  0.58|-0.13|-0.23| 0.03|-0.20| 0.11| 0.24| 0.26|-0.01|-0.32|-0.39|  1|-1.71| 77760| 5.287|0.003| 4.672|0.002| | 0.563|0.014|G|0.63|0.02|G| | 4.7198|0.0005|0.005|143| | 4.71| 4.73|       |C| | |          | |  | 1|O| | |  |   |       |     |     |    |S| |D|142373|B+42 2648 |          |          |0.63|F9V         |X 
H|       77853| |15 53 49.48|-16 43 46.6| 4.13| |H|238.45615438|-16.72962230| |  20.02|  100.12|  135.27|  0.81|  0.49|  0.88|  1.04|  0.76|-0.06|-0.20|-0.03| 0.05|-0.09| 0.02|-0.06| 0.19|-0.29| 0.11|  2| 1.36| 77853| 5.442|0.003| 4.244|0.002| | 1.003|0.038|G|1.02|0.02|A| | 4.2934|0.0005|0.005| 78| | 4.29| 4.30|       |C| | |          | |  | 1| | | |  |   |       |     |     |    |S| | |142198|B-16 4174 |          |          |1.02|K0III       |4 
H|       77952| |15 55 08.81|-63 25 47.1| 2.83| |H|238.78670013|-63.42974973| |  81.24| -188.45| -401.92|  0.39|  0.41|  0.62|  0.47|  0.56|-0.07|-0.12|-0.11|-0.05| 0.15|-0.12| 0.19| 0.09|-0.02|-0.24|  0|-0.59| 77952| 3.205|0.002| 2.869|0.002| | 0.315|0.003|G|0.36|0.02|A| | 2.9075|0.0004|0.004|138| | 2.90| 2.92|       | | | |15551-6326|I| 1| 1| | | |  |   |       |     |     |    |S| | |141891|          |          |P-63  3723|0.36|F2III       |X 
H|       78072| |15 56 26.99|+15 39 53.0| 3.85| |G|239.11247598|+15.66473327| |  89.92|  311.20|-1282.17|  0.74|  0.52|  0.72|  0.83|  0.72| 0.06|-0.31|-0.10| 0.41| 0.07|-0.02| 0.09| 0.23|-0.08|-0.02|  0|-0.99| 78072|      |     |      |     | | 0.478|0.006|G|0.54|0.02|G| | 3.9456|0.0008|0.005| 54| | 3.94| 3.96|       | | | |15564+1540|I| 1| 1| | | |  |   |       |     |     |    |S| | |142860|B+16 2849 |          |          |0.54|F6V         |X 
H|       78104| |15 56 53.09|-29 12 50.4| 3.87| |H|239.22119438|-29.21401221| |   7.97|  -15.20|  -25.10|  0.76|  0.50|  0.87|  0.70|  0.67|-0.14|-0.52|-0.16| 0.10|-0.28| 0.20|-0.20| 0.40|-0.07|-0.33|  0| 1.56| 78104| 3.634|0.002| 3.845|0.003| |-0.199|0.007|G|-.18|0.02|A| | 3.8095|0.0005|0.005| 79| | 3.80| 3.82|       | | | |15569-2913|I| 1| 1| | | |  |   |       |     |     |    |S| | |142669|          |C-28 11714|P-28  5237|-.18|B2IV/V      |3 
H|       78159| |15 57 35.30|+26 52 40.9| 4.14|1|H|239.39709121|+26.87802632| |  14.20|  -76.55|  -60.24|  0.41|  0.44|  0.70|  0.44|  0.55| 0.21|-0.29|-0.09| 0.17| 0.01| 0.02| 0.04| 0.22|-0.11| 0.09|  0|-1.41| 78159| 5.741|0.002| 4.275|0.002| | 1.231|0.001|G|1.17|0.03|C| | 4.2992|0.0005|0.006|170| | 4.29| 4.31|       |M| | |15576+2652|I| 1| 1| | | |  |   |       |     |     |    |S| | |143107|B+27 2558 |          |          |1.17|K3III       |X 
H|       78265| |15 58 51.12|-26 06 50.6| 2.89|1|H|239.71300283|-26.11404280| |   7.10|  -12.00|  -25.71|  0.69|  0.45|  0.84|  0.80|  0.77|-0.22|-0.17|-0.16| 0.04|-0.27| 0.29|-0.09| 0.44|-0.36|-0.55|  0| 1.39| 78265| 2.683|0.002| 2.865|0.002| |-0.180|0.005|G|-.18|0.02|A| | 2.8274|0.0015|0.013|100| | 2.81| 2.85|   1.57|P|1|A|15589-2607|I| 1| 1| | | |  |   |       |     |     |    |S| | |143018|          |C-25 11228|P-25  5705|-.18|B1V + B2V   |G 
H|       78384| |16 00 07.34|-38 23 47.9| 3.42|1|G|240.03058543|-38.39664079| |   6.61|  -16.58|  -27.06|  0.64|  0.49|  0.78|  0.69|  0.64|-0.36|-0.30|-0.18|-0.02| 0.02|-0.19| 0.02| 0.12| 0.04|-0.57|  4| 1.34| 78384| 3.154|0.003| 3.391|0.003| |-0.206|0.015|G|-.23|0.02|A| | 3.3398|0.0011|0.007| 69| | 3.33| 3.35|       |M| | |16001-3824|I| 1| 1| | | |  |   |       |     |     |    |S| | |143118|          |C-38 10797|P-38  6322|-.23|B2.5IV      |3 
H|       78401|H|16 00 20.01|-22 37 17.8| 2.29|1|H|240.08338225|-22.62162024|*|   8.12|   -8.67|  -36.90|  0.79|  0.46|  0.88|  0.83|  0.66|-0.16|-0.37| 0.00| 0.19|-0.08| 0.23|-0.02| 0.38|-0.08|-0.26|  0| 2.77| 78401| 2.181|0.002| 2.282|0.004|*|-0.117|0.024|G|-.09|0.02|A|*| 2.2617|0.0015|0.008| 72|*| 2.25| 2.27|       |M| | |16003-2237|M| 1| 2|C|S|A|AB|344|  0.131|0.025| 2.22|0.41|S| | |143275|B-22 4068 |C-22 11292|P-22  6106|-.09|B0.2IV      |4 
H|       78493| |16 01 26.59|+29 51 03.9| 4.98| |H|240.36079431|+29.85107821| |   9.29|  -38.20|   -6.90|  0.36|  0.44|  0.61|  0.37|  0.52| 0.05|-0.11| 0.05|-0.01| 0.14|-0.09| 0.17| 0.01|-0.04|-0.04|  0| 0.79| 78493| 4.911|0.002| 4.970|0.002| |-0.050|0.002|T|-.03|0.00|L| | 4.9684|0.0005|0.006|175| | 4.96| 4.98|       | | | |          | |  | 1| | | |  |   |       |     |     |    |S| | |143807|B+30 2738 |          |          |-.02|A0p...      |X 
H|       78527| |16 01 53.70|+58 33 52.0| 4.01| |H|240.47376560|+58.56443739| |  47.79| -320.07|  334.96|  0.48|  0.51|  0.54|  0.50|  0.53| 0.20|-0.18|-0.18|-0.04|-0.11| 0.13|-0.08|-0.03|-0.04| 0.11|  1| 0.37| 78527| 4.654|0.002| 4.064|0.002| | 0.528|0.013|G|0.55|0.03|C| | 4.1190|0.0006|0.005| 93| | 4.11| 4.13|       | | | |          | |  | 1| | | |  |   |       |     |     |    |S| | |144284|B+58 1608 |          |          |0.55|F8IV-V      |X 
H|       78639| |16 03 12.86|-49 13 47.0| 4.65| |G|240.80358419|-49.22972074| |  14.97|   41.18|   10.39|  0.60|  0.48|  0.76|  0.65|  0.64|-0.06|-0.26|-0.21|-0.03|-0.22| 0.07|-0.16| 0.30|-0.21|-0.17|  0|-0.55| 78639| 5.818|0.003| 4.745|0.002| | 0.902|0.040|G|0.91|0.02|A| | 4.8061|0.0005|0.006| 96| | 4.80| 4.82|       |C| | |          | |  | 1| | | |  |   |       |     |     |    |S| | |143546|          |C-48 10512|P-48  8140|0.91|G8III       |2 
H|       78820| |16 05 26.23|-19 48 19.4| 2.56| |G|241.35931206|-19.80539286|A|   6.15|   -6.75|  -24.89|  1.28|  0.96|  1.12|  1.42|  1.07|-0.01|-0.13|-0.34| 0.06| 0.07| 0.13| 0.23| 0.01|-0.15| 0.10| 11| 2.66| 78820| 2.528|0.004| 2.608|0.004|A|-0.065|0.023|G|-.04|0.02|A| | 2.5940|0.0096|0.026| 64|A| 2.57| 2.65|       |D| | |16054-1948|I| 2| 1|C|P|A|  |   |       |     |     |    |S| | |144217|B-19 4307 |          |P-19  5945|-.04|B0.5V       |4 
H|       78970| |16 07 16.17|-36 45 19.9| 5.72| |G|241.81739481|-36.75553887| |  19.22|   52.54|  -56.45|  1.66|  1.07|  2.00|  1.86|  1.55|-0.08|-0.29|-0.16|-0.03|-0.01|-0.09| 0.07| 0.26|-0.08|-0.31|  0|     | 78970| 6.085|0.003| 5.740|0.003| | 0.298|0.004|G|0.34|0.01|H| | 5.7940|0.0005|0.006|125| | 5.78| 5.80|       |C| | |16073-3645|I| 1| 1|X| | |  |   |       |     |     |    |S| | |144415|          |C-36 10648|P-36  6938|0.34|F0/F2V      |3 
H|       79043| |16 08 04.55|+17 02 49.2| 5.00| |H|242.01894370|+17.04699349|A|   8.40|  -34.29|   -5.46|  1.45|  1.26|  1.23|  1.35|  1.31|-0.02|-0.43|-0.05| 0.28|-0.19|-0.03|-0.27| 0.46| 0.16| 0.03|  2| 0.21| 79043| 6.173|0.003| 5.097|0.003|A| 0.931|0.003|T|0.93|0.00|L| | 5.1628|0.0081|0.012| 89|A| 5.13| 5.18|       |D| | |16081+1703|I| 2| 1|C|P|D|  |   |       |     |     |    |S| |D|145001|B+17 2964 |          |          |0.93|G8III       |X 
H|       79219| |16 10 03.93|+26 44 33.6| 6.57| |H|242.51635964|+26.74265822| |   7.93|  -18.35|   37.66|  0.40|  0.49|  0.73|  0.46|  0.66| 0.18|-0.14|-0.01|-0.22| 0.20| 0.07| 0.14| 0.06| 0.05| 0.51|  0|-0.17| 79219| 7.906|0.006| 6.693|0.003| | 1.037|0.005|T|1.01|0.00|L| | 6.7416|0.0007|0.009|229| | 6.72| 6.76|       | | | |          | |  | 1| | | |  |   |       |     |     |    |S| | |145457|B+27 2595 |          |          |1.01|K0III       |X 
H|       79374|H|16 11 59.74|-19 27 38.3| 4.00| |G|242.99891879|-19.46064684|A|   7.47|   -9.70|  -25.25|  1.07|  0.85|  1.11|  1.13|  0.93|-0.13|-0.28|-0.39| 0.24|-0.09| 0.17| 0.05| 0.42|-0.37| 0.07|  3| 1.09| 79374| 4.109|0.029| 4.127|0.028|A| 0.076|0.044|G|0.14|0.02|A|*| 4.0076|0.0011|0.007| 45|*| 4.00| 4.03|       |D| | |16120-1928|I| 1| 2|C| |A|AB|  2|  1.305|0.004| 1.03|0.02|S| | |145502|B-19 4333 |          |          |0.14|B2IV        |4 
H|       79431| |16 12 41.76|-18 52 30.0|11.34| |G|243.17399821|-18.87499082| |  67.13|   24.12| -210.89|  2.95|  1.94|  3.55|  3.09|  2.21|-0.02|-0.51|-0.26|-0.07|-0.02| 0.16| 0.20| 0.19|-0.36|-0.12|  0| 1.67| 79431|      |     |      |     | | 1.486|0.011|G|1.99|0.06|I| |11.3943|0.0065|0.037| 49| |11.34|11.45|       |C| | |          | |  | 1| | | |  |   |       |     |     |    | |G| |      |          |          |          |1.99|            |  
H|       79509| |16 13 28.73|-54 37 49.5| 4.95| |H|243.36972631|-54.63041289| |   7.45|   -5.33|  -22.48|  0.59|  0.45|  0.78|  0.69|  0.60| 0.01|-0.08|-0.03|-0.16|-0.09|-0.33|-0.11| 0.15|-0.28| 0.15|  0| 0.89| 79509| 6.251|0.004| 5.064|0.003| | 1.017|0.004|T|0.99|0.00|L| | 5.1145|0.0006|0.006|108| | 5.10| 5.13|       | | | |16135-5438|I| 1| 1| | | |  |   |       |     |     |    |S| | |145397|          |          |P-54  7245|0.99|G4III       |X 
H|       79593| |16 14 20.77|-03 41 38.3| 2.73| |H|243.58652601|-03.69397562| |  19.16|  -45.83| -142.91|  0.78|  0.70|  1.02|  1.09|  0.93|-0.01|-0.24|-0.53| 0.28| 0.31|-0.39| 0.02|-0.16| 0.32|-0.46|  4|-1.11| 79593| 4.817|0.005| 2.919|0.003| | 1.584|0.010|G|1.82|0.02|A| | 2.8283|0.0025|0.010| 39| | 2.81| 2.84|       | | | |16143-0342|I| 1| 1| | | |  |   |       |     |     |    |S| | |146051|B-03 3903 |          |          |1.82|M1III       |X 
H|       79822| |16 17 30.50|+75 45 16.9| 4.95| |H|244.37708768|+75.75470385| |  33.52|  -89.94|  257.80|  0.44|  0.45|  0.47|  0.47|  0.54| 0.13|-0.24|-0.18|-0.16|-0.11|-0.01|-0.09| 0.11|-0.01|-0.01|  0| 0.41| 79822| 5.401|0.002| 4.999|0.002| | 0.393|0.002|T|0.46|0.00|L| | 5.0409|0.0007|0.004|100| | 5.03| 5.05|       | | | |16176+7545|I| 1| 1| | | |  |   |       |     |     |    |S| | |148048|B+76  596 |          |          |0.44|F5V         |S 
H|       79882| |16 18 19.24|-04 41 33.4| 3.23|1|G|244.58016994|-04.69260809| |  30.34|   82.39|   40.08|  0.75|  0.58|  0.79|  0.84|  0.73| 0.01|-0.23|-0.22| 0.42| 0.10| 0.01| 0.09| 0.25| 0.04|-0.25|  0| 1.71| 79882| 4.472|0.005| 3.342|0.004| | 0.966|0.014|G|0.96|0.02|A| | 3.3887|0.0009|0.005| 51| | 3.38| 3.40|       |M| | |16183-0442|I| 1| 1| | | |  |   |       |     |     |    |S| | |146791|B-04 4086 |          |          |0.96|G8III       |X 
H|       79992| |16 19 44.45|+46 18 47.8| 3.91|1|H|244.93519958|+46.31327084| |  10.37|  -13.15|   39.31|  0.44|  0.45|  0.53|  0.48|  0.50|-0.01|-0.07|-0.02| 0.12| 0.07| 0.00| 0.05|-0.09|-0.01|-0.13|  0| 2.36| 79992| 3.718|0.002| 3.877|0.002| |-0.151|0.009|G|-.19|0.03|C| | 3.8472|0.0012|0.010|118| | 3.83| 3.86|   1.25|P|1|A|16197+4619|I| 1| 1| | | |  |   |       |     |     |    |S| | |147394|B+46 2169 |          |          |-.19|B5IV        |X 
H|       80000| |16 19 50.57|-50 09 19.4| 4.01| |H|244.96069832|-50.15537923| |  25.58| -159.36|  -52.84|  0.72|  0.48|  0.86|  0.89|  0.69| 0.21|-0.34|-0.27| 0.29| 0.22| 0.01| 0.31| 0.38|-0.28| 0.26|  0| 0.94| 80000| 5.415|0.003| 4.132|0.002| | 1.080|0.002|G|1.03|0.02|A| | 4.1761|0.0005|0.005|100| | 4.17| 4.18|       | | | |16198-5009|I| 1| 1| | | |  |   |       |     |     |    |S| | |146686|          |C-49 10536|P-49  9161|1.03|G8III       |X 
H|       80076| |16 20 36.37|+41 02 53.4| 8.72| |H|245.15152258|+41.04815592| |   7.39|  -10.64|  -29.70|  0.76|  0.71|  0.88|  0.97|  0.89| 0.16|-0.17|-0.01| 0.09| 0.17| 0.13| 0.18| 0.10|-0.09| 0.26|  0|-0.75| 80076| 9.243|0.013| 8.751|0.012| | 0.463|0.016|T|0.53|0.02|L| | 8.8192|0.0018|0.019|122| | 8.79| 8.85|       |C| | |          | |  | 1| | | |  |   |       |     |     |    |S| | |147506|B+41 2693 |          |          |0.55|F8          |S 
H|       80112|H|16 21 11.32|-25 35 33.9| 2.90|1|G|245.29717718|-25.59275259|A|   4.44|  -10.03|  -18.03|  1.10|  0.90|  0.81|  1.00|  0.69| 0.02|-0.01|-0.04| 0.27| 0.20| 0.32| 0.16| 0.38|-0.09| 0.14|  4| 1.23| 80112| 3.037|0.003| 2.922|0.003|*| 0.299|0.003|G|0.31|0.02|A|*| 2.9227|0.0026|0.024| 73|*| 2.89| 2.95|   0.25|P|1|A|16212-2536|I| 1| 2|C| |A|AC|258|  0.428|0.009| 2.18|0.03|S| | |147165|          |C-25 11485|P-25  5785|0.31|B1III       |4 
H|       80170| |16 21 55.24|+19 09 10.9| 3.74| |H|245.48018203|+19.15302185| |  16.69|  -47.44|   44.61|  0.62|  0.48|  0.73|  0.72|  0.69| 0.04|-0.32|-0.05| 0.46|-0.08|-0.09|-0.04| 0.39|-0.20| 0.16|  0| 2.12| 80170| 4.085|0.002| 3.770|0.002| | 0.299|0.015|G|0.34|0.03|C| | 3.8125|0.0006|0.005|103| | 3.81| 3.83|       | | | |16219+1909|I| 1| 1| | | |  |   |       |     |     |    |S| | |147547|B+19 3086 |          |          |0.34|A9III       |X 
H|       80331| |16 23 59.51|+61 30 50.7| 2.73| |G|245.99794523|+61.51407536| |  37.18|  -16.98|   56.68|  0.46|  0.41|  0.45|  0.46|  0.44| 0.09|-0.09|-0.15|-0.39|-0.05|-0.03|-0.05|-0.17| 0.06| 0.03|  2| 1.32| 80331| 3.892|0.002| 2.831|0.002| | 0.910|0.001|G|0.84|0.03|C| | 2.8717|0.0005|0.004|102| | 2.87| 2.89|       |D| | |16239+6130|I| 2| 1| | | |  |   |       |     |     |    |S| | |148387|B+61 1591 |          |          |0.84|G8III       |X 
H|       80463| |16 25 24.93|+14 02 00.3| 4.57|1|H|246.35387324|+14.03341514| |  13.87|   39.39|  -59.89|  0.69|  0.60|  0.94|  0.82|  0.79|-0.04|-0.42| 0.02| 0.28|-0.30|-0.20|-0.16| 0.36|-0.26| 0.10|  0| 1.12| 80463| 4.591|0.002| 4.575|0.002| | 0.002|0.005|G|0.02|0.03|C| | 4.5821|0.0011|0.011|143| | 4.57| 4.60|   3.04|P|1|A|16254+1402|I| 1| 1|G| | |  |   |       |     |     |    |S| |P|148112|B+14 3049 |          |          |0.02|B9p Cr      |G 
H|       80582| |16 27 11.05|-47 33 17.0| 4.46| |G|246.79603256|-47.55473590| |   8.16|  -13.72|  -20.63|  0.75|  0.48|  0.98|  0.85|  0.73| 0.02|-0.37|-0.22|-0.07|-0.23| 0.20| 0.00| 0.56|-0.34|-0.27|  0| 1.00| 80582| 4.430|0.002| 4.517|0.002| |-0.070|0.015|G|-.04|0.02|A| | 4.5129|0.0014|0.014|129| | 4.49| 4.53|       |D| | |16272-4733|I| 2| 1| | |S|  |   |       |     |     |    |S| | |147971|          |C-47 10765|          |-.04|B4V         |X 
H|       80687| |16 28 28.17|-13 23 58.7| 6.89| |H|247.11738999|-13.39964364| |  16.87|  -37.09|    1.45|  0.91|  0.51|  0.96|  0.97|  0.74|-0.23|-0.34|-0.01| 0.25|-0.03| 0.08| 0.09| 0.50|-0.22|-0.23|  0| 0.81| 80687| 8.103|0.008| 7.002|0.005| | 0.950|0.007|T|0.94|0.01|L| | 7.0556|0.0009|0.009|133| | 7.04| 7.07|       |C| | |          | |  | 1| | | |  |   |       |     |     |    |S| | |148427|B-13 4437 |          |          |0.94|K0III/IV    |4 
H|       80763| |16 29 24.47|-26 25 55.0| 1.06|2|H|247.35194804|-26.43194608| |   5.40|  -10.16|  -23.21|  1.52|  1.08|  1.68|  2.00|  1.34|-0.30|-0.10|-0.11| 0.03| 0.10|-0.10| 0.07| 0.29|-0.10|-0.21|  0|     | 80763| 3.494|0.015| 1.287|0.008| | 1.865|0.014|T|2.90|0.03|O| | 0.9757|0.0055|0.042| 73| | 0.91| 1.07|       |U|2| |16294-2626|I| 1| 1|X| |S|  |   |       |     |     |    |S| | |148478|          |C-26 11359|P-26  5648|4.31|M1Ib + B2.5V|G 
H|       80816| |16 30 13.26|+21 29 22.7| 2.78| |H|247.55525697|+21.48964850|+|  22.07|  -98.43|  -14.49|  1.10|  0.91|  1.00|  0.66|  0.72|-0.54| 0.06|-0.17|-0.20|-0.31| 0.42|-0.16| 0.32|-0.39|-0.24|  0|-0.33| 80816| 3.980|0.002| 2.885|0.002| | 0.947|0.004|G|0.94|0.00|H| | 2.9378|0.0005|0.004|164| | 2.93| 2.95|       |M| | |16302+2129|I| 1| 1|O| | |  |   |       |     |     |    |S| |D|148856|B+21 2934 |          |          |0.87|G8III       |X 
H|       80838| |16 30 29.68|+38 20 49.8| 8.15| |H|247.62365236|+38.34717994| |  12.68|  -77.12|   53.34|  0.58|  0.67|  0.79|  0.63|  0.75| 0.19| 0.01|-0.15|-0.11|-0.06|-0.14|-0.08|-0.02|-0.08| 0.14|  1| 2.08| 80838| 8.878|0.013| 8.216|0.011| | 0.611|0.015|G|0.68|0.01|H| | 8.2809|0.0017|0.020|114| | 8.25| 8.31|       | | | |          | |  | 1| | | |  |   |       |     |     |    |S| | |149026|B+38 2787 |          |          |0.68|G0          |S 
H|       80883|H|16 30 54.84|+01 59 02.8| 3.82| |G|247.72850509|+01.98410056|A|  19.63|  -31.37|  -73.00|  1.40|  1.10|  1.34|  1.47|  1.31| 0.06|-0.34| 0.14| 0.41|-0.10|-0.11|-0.13| 0.37| 0.16|-0.53|  2| 0.09| 80883| 3.958|0.021| 3.901|0.019|A| 0.022|0.014|G|0.03|0.02|A|*| 3.8247|0.0005|0.004| 48|*| 3.82| 3.83|       |D| | |16309+0159|I| 1| 2|C| |A|AB| 21|  1.350|0.007| 1.04|0.02|S| | |148857|B+02 3118 |          |          |0.03|A2V         |X 
H|       81022| |16 32 51.06|+02 05 06.1| 7.89| |H|248.21273185|+02.08503855| |  15.75|  -10.06|  -85.03|  1.08|  0.79|  1.07|  1.23|  1.18|-0.36|-0.29|-0.15| 0.54|-0.44| 0.03|-0.34| 0.72|-0.15|-0.56|  0|-0.31| 81022| 8.708|0.014| 7.965|0.012| | 0.680|0.015|T|0.74|0.01|L| | 8.0355|0.0016|0.014|100| | 8.01| 8.06|       | | | |          | |  | 1| | | |  |   |       |     |     |    |S| | |149143|B+02 3127 |          |          |0.69|G0          |S 
H|       81065| |16 33 27.46|-78 53 49.1| 3.86|1|H|248.36443409|-78.89695917| |  20.44| -125.68|  -77.59|  0.40|  0.43|  0.53|  0.40|  0.47|-0.06|-0.24| 0.08| 0.01|-0.07| 0.03|-0.08|-0.05| 0.01|-0.17|  2| 0.67| 81065| 5.033|0.002| 3.968|0.002| | 0.923|0.002|T|0.92|0.02|A| | 4.0203|0.0005|0.005|150| | 4.01| 4.03|       |M| | |          | |  | 1| | | |  |   |       |     |     |    |S| | |147675|          |          |P-78  1103|0.92|K0IV SB     |G 
H|       81126| |16 34 06.19|+42 26 12.8| 4.20| |G|248.52578863|+42.43689565| |  10.79|   -9.03|   59.80|  0.46|  0.57|  0.61|  0.59|  0.66| 0.09|-0.17|-0.30| 0.21|-0.03|-0.05|-0.09|-0.20| 0.01|-0.10|  0| 1.78| 81126| 4.183|0.003| 4.199|0.002| |-0.013|0.010|G|0.02|0.03|C| | 4.2022|0.0005|0.004|103| | 4.20| 4.21|       |C| | |          | |  | 1| | | |  |   |       |     |     |    |S| | |149630|B+42 2724 |          |          |0.02|B9Vvar      |X 
H|       81266| |16 35 52.96|-28 12 57.5| 2.82| |G|248.97066423|-28.21596156| |   7.59|   -8.59|  -22.50|  0.73|  0.56|  0.78|  0.76|  0.70|-0.48|-0.32|-0.11| 0.13|-0.39|-0.07|-0.23| 0.60|-0.12|-0.69|  0| 0.13| 81266| 2.556|0.002| 2.793|0.002| |-0.206|0.003|T|-.24|0.02|A| | 2.7374|0.0004|0.003| 79| | 2.73| 2.75|       | | | |          | |  | 1| | | |  |   |       |     |     |    |S| | |149438|          |C-27 11015|P-27  5427|-.24|B0V         |3 
H|       81377| |16 37 09.53|-10 34 01.7| 2.54|1|H|249.28970847|-10.56715180| |   7.12|   13.07|   25.44|  0.68|  0.52|  0.71|  0.85|  0.72|-0.25|-0.27|-0.10| 0.35|-0.20|-0.07|-0.18| 0.52| 0.07|-0.41|  0| 0.17| 81377| 2.600|0.003| 2.580|0.003| | 0.038|0.051|G|0.10|0.02|A| | 2.5708|0.0012|0.009| 67| | 2.55| 2.58|       |M| | |          | |  | 1| | | |  |   |       |     |     |    |S| |P|149757|B-10 4350 |          |          |0.10|O9.5V       |X 
H|       81693|H|16 41 17.48|+31 36 06.8| 2.81| |G|250.32282132|+31.60188695|A|  92.63| -462.58|  345.05|  0.48|  0.55|  0.60|  0.59|  0.66| 0.05|-0.01|-0.05|-0.06|-0.01| 0.00| 0.00|-0.15|-0.18|-0.01| 11| 1.41| 81693| 3.647|0.003| 2.919|0.003|A| 0.650|0.011|G|0.70|0.03|G|*| 2.9338|0.0004|0.004|131|*| 2.93| 2.94|       |D| | |16413+3136|I| 1| 2|C| |A|AB| 78|  1.546|0.007| 2.68|0.03|S| | |150680|B+31 2884 |          |          |0.70|F9IV        |X 
H|       81833| |16 42 53.74|+38 55 20.9| 3.48| |H|250.72391068|+38.92246103| |  29.11|   35.58|  -84.98|  0.44|  0.44|  0.52|  0.48|  0.50| 0.18|-0.18| 0.01| 0.02| 0.20| 0.00| 0.17| 0.18| 0.00| 0.36|  1| 0.05| 81833| 4.648|0.003| 3.583|0.002| | 0.916|0.007|G|0.89|0.03|C| | 3.6411|0.0004|0.004|122| | 3.63| 3.65|       | | | |16428+3855|I| 1| 1| | | |  |   |       |     |     |    |S| | |150997|B+39 3029 |          |          |0.89|G8III-IV    |X 
H|       81852| |16 43 05.42|-77 30 59.7| 4.23| |G|250.77258180|-77.51657182| |  20.69| -282.83| -355.03|  0.37|  0.40|  0.51|  0.40|  0.44|-0.01|-0.24| 0.11|-0.01|-0.17|-0.05|-0.18| 0.13| 0.10|-0.07|  1| 1.08| 81852| 5.602|0.003| 4.352|0.002| | 1.060|0.015|G|1.04|0.02|A| | 4.3954|0.0005|0.005|147| | 4.39| 4.41|       | | | |16431-7731|I| 1| 1| | | |  |   |       |     |     |    |S| | |149324|          |          |P-77  1221|1.04|K0III       |X 
H|       82080| |16 45 58.16|+82 02 14.1| 4.21|1|H|251.49233961|+82.03725071|*|   9.41|   19.54|    4.67|  2.47|  1.10|  0.67|  0.63|  0.95| 0.31| 0.15|-0.08|-0.03|-0.13|-0.12|-0.41| 0.17|-0.32| 0.02|  6| 0.72| 82080| 5.345|0.004| 4.315|0.003| | 0.897|0.013|G|0.91|0.03|C| | 4.3677|0.0012|0.010| 96| | 4.36| 4.41|       |P|1|A|16460+8203|I| 1| 1|V| | |  |   |       |     |     |    |S| |P|153751|B+82  498 |          |          |0.91|G5IIIvar    |X 
H|       82273| |16 48 39.87|-69 01 39.5| 1.91|1|G|252.16610742|-69.02763503| |   7.85|   17.85|  -32.92|  0.34|  0.46|  0.63|  0.46|  0.60|-0.02|-0.11|-0.24| 0.03| 0.03|-0.02|-0.01|-0.18| 0.25|-0.07|  0| 0.60| 82273| 3.816|0.002| 2.081|0.002| | 1.447|0.002|T|1.45|0.00|L| | 2.0711|0.0006|0.005|129| | 2.06| 2.08|       |M| | |          | |  | 1| | | |  |   |       |     |     |    |S| | |150798|          |          |P-68  2822|1.33|K2IIb-IIIa  |G 
H|       82363| |16 49 47.11|-59 02 28.7| 3.77|1|H|252.44629764|-59.04131648| |  10.41|   39.59|  -25.28|  0.40|  0.38|  0.69|  0.46|  0.43|-0.09|-0.15|-0.20| 0.00|-0.22| 0.02|-0.16| 0.37|-0.20|-0.19|  1| 0.42| 82363| 5.828|0.002| 3.949|0.002| | 1.562|0.004|G|1.67|0.02|A| | 3.8760|0.0008|0.009|196| | 3.86| 3.89|       |M| | |16498-5902|I| 1| 1| | | |  |   |       |     |     |    |S| | |151249|          |          |P-58  6906|1.67|K5III       |X 
H|       82396| |16 50 10.24|-34 17 33.4| 2.29| |G|252.54268738|-34.29260982| |  49.85| -611.83| -255.87|  0.71|  0.58|  0.81|  0.74|  0.61|-0.25|-0.15|-0.15| 0.05|-0.36|-0.21|-0.31| 0.34|-0.17|-0.44|  0|-0.16| 82396|      |     |      |     | | 1.144|0.032|G|1.10|0.02|A| | 2.4532|0.0008|0.005| 46| | 2.44| 2.46|       | | | |          | |  | 1| | | |  |   |       |     |     |    |S| | |151680|          |C-34 11285|P-34  6635|1.10|K2IIIb      |3 
H|       82514| |16 51 52.24|-38 02 50.4| 3.00|2|H|252.96766195|-38.04732717|*|   3.97|   -8.84|  -21.60|  1.27|  0.94|  1.20|  1.07|  0.87| 0.18|-0.49|-0.20|-0.06|-0.33|-0.10|-0.33| 0.03| 0.17|-0.30| 11| 3.15| 82514| 2.768|0.009| 2.967|0.008| |-0.200|0.160|G|-.20|0.02|A| | 2.9246|0.0124|0.081| 51| | 2.87| 3.13|   1.45|P|1|A|          | |  | 1|V| | |  |   |       |     |     |    |S| | |151890|          |C-37 11033|P-37  6761|-.20|B1.5IV + B  |G 
H|       82545| |16 52 20.15|-38 01 02.9| 3.56| |G|253.08397295|-38.01747781| |   6.31|  -12.92|  -23.80|  0.76|  0.57|  0.86|  0.66|  0.61|-0.21|-0.55|-0.24| 0.06|-0.32| 0.08|-0.16| 0.25|-0.14|-0.65|  0|-0.28| 82545| 3.304|0.004| 3.524|0.004| |-0.210|0.009|G|-.21|0.02|A| | 3.4829|0.0007|0.003| 53| | 3.48| 3.50|       |C| | |          | |  | 1| | | |  |   |       |     |     |    |S| | |151985|          |C-37 11037|P-37  6764|-.21|B2IV        |3 
H|       82651| |16 53 43.58|+11 58 25.6| 8.38| |H|253.43156541|+11.97378346| |   5.47|   11.29|  -15.30|  0.69|  0.60|  1.15|  0.85|  0.72| 0.07|-0.18|-0.13| 0.11| 0.21| 0.14| 0.22| 0.01| 0.09| 0.22|  0|-0.59| 82651| 9.493|0.014| 8.459|0.010| | 0.900|0.013|T|0.90|0.01|L| | 8.5372|0.0012|0.014|137| | 8.51| 8.56|       |D| | |          | |  | 1| | | |  |   |       |     |     |    | | | |152581|B+12 3102 |          |          |0.87|K0          |S 
H|       82671| |16 53 59.73|-42 21 43.3| 4.70|2|H|253.49886366|-42.36201968| |  -1.13|   -0.48|   -2.17|  0.75|  0.61|  0.90|  1.03|  0.68|-0.27|-0.15|-0.12| 0.12|-0.05| 0.38|-0.01| 0.24|-0.10|-0.19|  0| 0.24| 82671| 5.288|0.004| 4.817|0.004| | 0.444|0.005|T|0.71|0.02|A| | 4.8394|0.0035|0.023| 57| | 4.78| 4.88|       |U|2|C|          | |  | 1| | | |  |   |       |     |     |    |S| | |152236|          |C-42 11633|P-42  7545|0.71|B1Iae       |X 
H|       83000| |16 57 40.27|+09 22 30.2| 3.19| |H|254.41779418|+09.37505626| |  37.99| -293.03|   -9.70|  0.62|  0.42|  0.75|  0.60|  0.45| 0.24|-0.41|-0.25| 0.24| 0.27| 0.04| 0.32| 0.18|-0.14| 0.17|  0| 1.66| 83000| 4.691|0.003| 3.322|0.002| | 1.160|0.430|G|1.10|0.02|A| | 3.3612|0.0006|0.005| 99| | 3.36| 3.37|       | | | |          | |  | 1| | | |  |   |       |     |     |    |S| | |153210|B+09 3298 |          |          |1.10|K2IIIvar    |X 
H|       83081| |16 58 37.23|-55 59 24.2| 3.12|1|G|254.65512817|-55.99005508| |   5.68|  -18.31|  -35.29|  0.67|  0.58|  0.91|  0.73|  0.63| 0.16|-0.41|-0.38| 0.32| 0.01| 0.02| 0.08| 0.40|-0.14|-0.09|  0| 0.09| 83081| 5.234|0.005| 3.301|0.004| | 1.552|0.097|G|1.60|0.02|A| | 3.2393|0.0012|0.008| 75| | 3.23| 3.25|       |M| | |          | |  | 1| | | |  |   |       |     |     |    |S| | |152786|          |          |P-55  7766|1.60|K5III       |X 
H|       83207| |17 00 17.41|+30 55 34.8| 3.92| |H|255.07252582|+30.92633926| |  20.04|  -47.68|   26.89|  0.41|  0.49|  0.65|  0.47|  0.67| 0.10|-0.15| 0.03|-0.01|-0.15|-0.06|-0.11| 0.00|-0.32| 0.05|  0|-0.89| 83207| 3.898|0.002| 3.905|0.002| |-0.018|0.004|G|-.04|0.03|C| | 3.9111|0.0004|0.005|128| | 3.90| 3.92|       | | | |          | |  | 1| | | |  |   |       |     |     |    |S| | |153808|B+31 2947 |          |          |-.04|A0V         |X 
H|       83547| |17 04 30.78|-43 18 33.9| 7.39| |H|256.12825925|-43.30942598| |  19.28|  111.41| -141.49|  1.38|  0.83|  1.26|  1.45|  0.91| 0.14|-0.50| 0.04| 0.49| 0.34|-0.02| 0.33| 0.71|-0.13| 0.14|  3| 0.58| 83547| 8.046|0.011| 7.435|0.009| | 0.565|0.011|G|0.64|0.01|L| | 7.5111|0.0012|0.007| 68| | 7.50| 7.53|       | | | |          | |  | 1| | | |  |   |       |     |     |    |S| | |153950|          |C-43 11380|P-43  7827|0.64|G2IV-V      |X 
H|       83608|H|17 05 20.18|+54 28 11.5| 4.91| |H|256.33409280|+54.46986308|A|  37.08|  -66.00|   73.86|  1.08|  1.03|  0.89|  0.98|  1.03|-0.22|-0.12| 0.05| 0.67|-0.20| 0.04|-0.21| 0.68| 0.03|-0.35| 21| 2.77| 83608| 5.414|0.010| 4.890|0.007|*| 0.471|0.001|G|0.54|0.00|R|*| 5.0170|0.0006|0.005| 96|*| 5.01| 5.03|       |D| | |17053+5428|I| 1| 2|C| |A|AB| 30|  2.160|0.002| 0.09|0.01|S| | |154905|B+54 1857 |          |          |0.54|F5          |S 
H|       83895| |17 08 47.23|+65 42 52.7| 3.17|1|G|257.19677111|+65.71463676| |   9.60|  -20.76|   19.15|  0.42|  0.44|  0.47|  0.56|  0.59| 0.08|-0.14|-0.22|-0.12|-0.17| 0.23|-0.08|-0.21| 0.16| 0.20|  0| 0.03| 83895| 3.042|0.002| 3.163|0.002| |-0.120|0.002|G|-.14|0.03|C| | 3.1359|0.0006|0.005| 90| | 3.13| 3.16|       |M| | |          | |  | 1|G| | |  |   |       |     |     |    |S| |P|155763|B+65 1170 |          |          |-.14|B6III       |X 
H|       84012|H|17 10 22.66|-15 43 30.5| 2.43| |G|257.59442659|-15.72514757|A|  38.77|   41.16|   97.65|  1.12|  0.67|  0.86|  1.13|  0.65|-0.22|-0.13|-0.10| 0.06|-0.08| 0.10|-0.05| 0.19|-0.09|-0.21|  1| 0.84| 84012| 2.551|0.003| 2.438|0.003|*| 0.059|0.010|G|0.06|0.02|A|*| 2.4393|0.0008|0.004| 62|*| 2.43| 2.45|       |D| | |17104-1544|I| 1| 2|C| |A|AB|251|  0.466|0.003| 0.51|0.01|S| | |155125|B-15 4467 |          |          |0.06|A2.5Va      |4 
H|       84143| |17 12 09.18|-43 14 18.6| 3.32| |G|258.03823300|-43.23849039| |  45.56|   22.01| -287.41|  0.71|  0.45|  0.79|  0.77|  0.49|-0.17|-0.34|-0.12| 0.27|-0.04| 0.09| 0.03| 0.46|-0.20|-0.25|  0| 0.43| 84143| 3.821|0.003| 3.368|0.003| | 0.441|0.003|T|0.47|0.02|A| | 3.4149|0.0004|0.004| 83| | 3.41| 3.42|       |C| | |          | |  | 1| | | |  |   |       |     |     |    |S| | |155203|          |C-43 11485|P-43  7912|0.47|F3p         |X 
H|       84345|H|17 14 38.86|+14 23 24.9| 2.78|2|H|258.66192687|+14.39025314|A|   8.53|   -6.71|   32.78|  2.43|  1.86|  2.80|  1.87|  2.02|-0.08|-0.43|-0.15|-0.15| 0.36|-0.08| 0.48|-0.06|-0.34|-0.03| 13| 5.26| 84345| 4.710|0.022| 3.335|0.032|*| 1.164|0.031|T|1.13|0.03|L|*| 2.9137|0.0189|0.144| 69|*| 2.70| 3.10|       |U|2| |17146+1424|I| 1| 2|C| |D|AB|105|  4.841|0.038| 2.34|0.14|S| |D|156014|B+14 3207 |          |          |3.20|M5IIvar     |X 
H|       84379| |17 15 01.92|+24 50 22.5| 3.12|1|G|258.75801735|+24.83958739| |  41.55|  -21.14| -157.68|  0.30|  0.46|  0.65|  0.36|  0.62| 0.04|-0.07|-0.15|-0.09| 0.07|-0.12| 0.06| 0.02|-0.10| 0.12|  0|-1.27| 84379| 3.242|0.002| 3.136|0.002| | 0.080|0.004|G|0.06|0.03|C| | 3.1502|0.0005|0.005|194| | 3.14| 3.16|       |M| | |17151+2451|I| 1| 1| | | |  |   |       |     |     |    |S| | |156164|B+25 3221 |          |          |0.06|A3IVv SB    |G 
H|       84380| |17 15 02.85|+36 48 33.0| 3.16|1|G|258.76189282|+36.80915527| |   8.89|  -27.35|    2.70|  0.40|  0.43|  0.52|  0.41|  0.50| 0.04|-0.01| 0.05|-0.03| 0.11|-0.16| 0.13| 0.08| 0.03| 0.08|  1| 1.37| 84380| 5.029|0.002| 3.311|0.002| | 1.437|0.000|G|1.31|0.00|G| | 3.3121|0.0006|0.006|125| | 3.30| 3.32|       |M| | |          | |  | 1| | | |  |   |       |     |     |    |S| | |156283|B+36 2844 |          |          |1.31|K3IIvar     |X 
H|       84405|H|17 15 21.29|-26 36 00.2| 4.33| |G|258.83869698|-26.60004896|B| 167.08| -473.69|-1143.93|  1.22|  0.70|  1.07|  1.04|  0.62|-0.02|-0.36|-0.12| 0.14| 0.05| 0.00| 0.14|-0.02|-0.12|-0.01|  9| 1.39| 84405| 6.109|0.019| 5.110|0.008|A| 0.855|0.010|G|0.92|0.02|A|*| 4.4649|0.0009|0.008| 75|*| 4.46| 4.48|       |D| | |17155-2635|I| 3| 2|C| |A|BA|330|  4.736|0.002| 0.01|0.01|S| |D|155885|          |C-26 12026|P-26  5858|0.92|K2:III:     |3 
H|       84606|H|17 17 40.29|+37 17 28.8| 4.64| |G|259.41785775|+37.29134328|A|  18.34|  -42.74|   63.76|  0.48|  0.54|  0.55|  0.47|  0.56| 0.08| 0.00|-0.04| 0.13| 0.09|-0.13| 0.11|-0.18| 0.03| 0.12|  2|-0.43| 84606| 4.674|0.002| 4.628|0.002|*| 0.043|0.003|G|0.07|0.04|D|*| 4.6304|0.0006|0.004|112|*| 4.62| 4.64|       |D| | |17177+3717|H| 1| 2|C| |B|AB|141|  0.844|0.017| 4.02|0.08|S| | |156729|B+37 2864 |          |          |0.07|A2V         |X 
H|       84787| |17 19 51.43|-48 32 55.7| 6.67| |G|259.96429319|-48.54880892| |  18.15|  -35.37| -209.84|  0.76|  0.47|  0.83|  0.93|  0.50|-0.11|-0.29| 0.10| 0.27| 0.03| 0.14| 0.01| 0.26| 0.02| 0.04|  0|-0.97| 84787| 7.412|0.006| 6.750|0.005| | 0.614|0.008|G|0.68|0.01|H| | 6.8021|0.0011|0.008| 84| | 6.79| 6.82|       | | | |          | |  | 1| | | |  |   |       |     |     |    |S| | |156411|          |C-48 11605|P-48  9125|0.68|G1Vw...     |2 
H|       84880| |17 20 49.64|-12 50 48.8| 4.32| |G|260.20681480|-12.84688200| |  16.86|   42.75|    2.72|  0.85|  0.57|  0.86|  0.91|  0.64|-0.04|-0.49|-0.16| 0.43|-0.24| 0.12|-0.13| 0.70|-0.08|-0.24|  0|-0.06| 84880| 4.392|0.002| 4.341|0.002| | 0.037|0.007|G|0.07|0.02|A| | 4.3496|0.0005|0.004| 60| | 4.34| 4.36|       | | | |17208-1251|I| 1| 1| | | |  |   |       |     |     |    |S| | |156928|B-12 4722 |          |          |0.07|A0/A1V      |4 
H|       85112|H|17 23 40.97|+37 08 45.3| 4.15| |H|260.92072033|+37.14592396|A|   8.12|  -38.58|    9.19|  0.51|  0.62|  0.61|  0.48|  0.76| 0.02| 0.03|-0.06|-0.10| 0.09| 0.02| 0.14|-0.11| 0.08|-0.06|  2|-0.16| 85112| 4.090|0.004| 4.107|0.004|*|-0.011|0.005|T|0.01|0.01|L|*| 4.1529|0.0006|0.006|131|*| 4.14| 4.16|       |D| | |17236+3708|I| 1| 2|C| |A|AB|318|  4.066|0.002| 0.94|0.01|S| | |157778|B+37 2878 |          |          |-.01|B9.5III     |X 
H|       85258| |17 25 18.00|-55 31 47.4| 2.84|1|G|261.32498828|-55.52982397| |   5.41|   -8.23|  -24.71|  0.60|  0.51|  0.76|  0.76|  0.60|-0.36|-0.12|-0.09|-0.12| 0.05| 0.10| 0.05|-0.07| 0.02|-0.27|  0|-0.28| 85258| 4.767|0.003| 2.992|0.002| | 1.479|0.003|T|1.50|0.00|L| | 2.9935|0.0011|0.007| 76| | 2.98| 3.01|       |M| | |          | |  | 1| | | |  |   |       |     |     |    |S| | |157244|          |          |P-55  8100|1.33|K3Ib-II     |X 
H|       85267| |17 25 23.66|-56 22 39.7| 3.31|1|H|261.34858274|-56.37768824| |   2.87|   -0.77|  -15.85|  0.60|  0.52|  0.75|  0.72|  0.59|-0.37|-0.16|-0.13|-0.02| 0.10| 0.11| 0.13|-0.04|-0.06|-0.27|  0| 0.95| 85267| 3.138|0.003| 3.298|0.003| |-0.150|0.002|G|-.12|0.02|A| | 3.2710|0.0012|0.007| 75| | 3.26| 3.28|       |M| | |17254-5623|I| 1| 1| | | |  |   |       |     |     |    |S| | |157246|          |          |P-56  8225|-.12|B1Ib        |X 
H|       85670| |17 30 25.98|+52 18 04.9| 2.79|1|H|262.60823708|+52.30135901| |   9.02|  -15.59|   11.57|  0.43|  0.47|  0.49|  0.43|  0.52| 0.04|-0.18| 0.09| 0.05| 0.02|-0.01| 0.05| 0.05|-0.17| 0.05|  1|-0.81| 85670| 4.017|0.002| 2.901|0.002| | 0.954|0.007|G|0.93|0.03|G| | 2.9466|0.0005|0.005|107| | 2.94| 2.96|       |M| | |17305+5218|I| 1| 1| | | |  |   |       |     |     |    |S| | |159181|B+52 2065 |          |          |0.93|G2II        |X 
H|       85693| |17 30 44.30|+26 06 38.2| 4.41| |G|262.68457505|+26.11060450| |   8.88|   18.39|   16.78|  0.36|  0.45|  0.64|  0.48|  0.52| 0.08|-0.05| 0.04|-0.03| 0.00|-0.29| 0.01| 0.03|-0.08| 0.17|  2| 0.64| 85693| 6.256|0.003| 4.555|0.002| | 1.434|0.003|G|1.39|0.03|C| | 4.5456|0.0007|0.006|161| | 4.54| 4.56|       | | | |          | |  | 1| | | |  |   |       |     |     |    |S| | |158899|B+26 3034 |          |          |1.39|K3IIIvar    |X 
H|       85696| |17 30 45.84|-37 17 44.7| 2.70|1|G|262.69099501|-37.29574016| |   6.29|   -4.19|  -29.14|  0.74|  0.52|  0.81|  0.83|  0.60| 0.08|-0.38|-0.28| 0.45|-0.03|-0.09| 0.00| 0.49|-0.15| 0.02|  3| 1.34| 85696| 2.446|0.004| 2.651|0.003| |-0.179|0.004|T|-.23|0.02|A| | 2.6043|0.0009|0.005| 58| | 2.60| 2.61|       |M| | |          | |  | 1| | | |  |   |       |     |     |    |S| | |158408|          |C-37 11638|P-37  7239|-.23|B2IV        |3 
H|       85727| |17 31 05.98|-60 41 01.0| 3.60| |H|262.77490395|-60.68360667|+|  17.42|  -53.65|  -99.37|  1.64|  1.33|  0.73|  1.20|  0.85|-0.92|-0.11|-0.01|-0.05| 0.03| 0.08| 0.26|-0.27|-0.19|-0.65|  0| 0.55| 85727| 3.479|0.002| 3.580|0.002| |-0.104|0.009|G|-.10|0.02|A| | 3.5681|0.0004|0.004|123| | 3.56| 3.58|       | | | |17311-6041|I| 1| 1|O| | |  |   |       |     |     |    |S| | |158094|          |          |P-60  6842|-.10|B8V         |X 
H|       85755| |17 31 24.95|-23 57 45.3| 4.78| |H|262.85396193|-23.96258036| |   7.65|    4.91|  -25.90|  0.85|  0.51|  0.87|  0.82|  0.51|-0.37|-0.38|-0.10| 0.24|-0.50| 0.06|-0.34| 0.58|-0.16|-0.59|  0| 1.07| 85755| 4.811|0.003| 4.794|0.003| | 0.016|0.029|G|0.08|0.02|A| | 4.8040|0.0007|0.004| 66| | 4.79| 4.81|       | | | |          | |  | 1| | | |  |   |       |     |     |    |S| | |158643|          |C-23 13412|P-23  6604|0.08|A0V         |4 
H|       85792| |17 31 50.52|-49 52 33.5| 2.84|2|H|262.96050661|-49.87598159| |  13.46|  -31.27|  -67.15|  0.88|  0.44|  0.95|  0.89|  0.44| 0.10|-0.49| 0.08| 0.47| 0.13| 0.09| 0.19| 0.23|-0.08| 0.27|  0| 0.79| 85792| 2.696|0.003| 2.824|0.003| |-0.136|0.004|G|-.15|0.14|G| | 2.7869|0.0034|0.028| 73| | 2.74| 2.82|       |U|2|C|17318-4953|I| 1| 1| | | |  |   |       |     |     |    |S| |P|158427|          |C-49 11511|P-49 10052|-.15|B2Vne       |X 
H|       85822| |17 32 12.90|+86 35 10.8| 4.35| |H|263.05373826|+86.58632924| |  17.85|   10.54|   53.97|  0.42|  0.44|  0.48|  0.47|  0.49| 0.08|-0.08| 0.04| 0.07| 0.14| 0.02| 0.13| 0.15|-0.04| 0.23|  0|-1.33| 85822| 4.391|0.002| 4.352|0.002| | 0.021|0.002|G|0.04|0.01|G| | 4.3641|0.0005|0.004|123| | 4.36| 4.37|       |C| | |          | |  | 1| | |S|  |   |       |     |     |    |S| | |166205|B+86  269 |          |          |0.04|A1Vn        |X 
H|       85829| |17 32 15.88|+55 10 22.1| 4.86| |G|263.06616249|+55.17280674| |  32.64|  143.71|   62.46|  0.52|  0.51|  0.53|  0.60|  0.69| 0.09| 0.02|-0.05| 0.21| 0.03|-0.01| 0.05| 0.30|-0.11|-0.10|  2| 0.94| 85829| 5.216|0.003| 4.894|0.003| | 0.279|0.005|G|0.30|0.03|C| | 4.9413|0.0007|0.005| 93| | 4.93| 4.95|       |C| | |17322+5511|I| 2| 1| | | |  |   |       |     |     |    |S| | |159560|B+55 1945 |          |          |0.30|Am          |X 
H|       85927| |17 33 36.53|-37 06 13.5| 1.62|1|G|263.40219373|-37.10374835| |   4.64|   -8.90|  -29.95|  0.74|  0.52|  0.90|  0.92|  0.58| 0.12|-0.42|-0.29| 0.20| 0.11|-0.41|-0.04| 0.18| 0.17|-0.29|  3| 1.62| 85927| 1.446|0.010| 1.607|0.008| |-0.231|0.008|G|-.24|0.02|A| | 1.5244|0.0029|0.016| 44| | 1.50| 1.56|   0.21|P|1|A|17336-3706|I| 1| 1| | | |  |   |       |     |     |    |S| |P|158926|          |C-37 11673|P-37  7265|-.24|B1.5IV+...  |3 
H|       86032| |17 34 56.00|+12 33 38.1| 2.08| |G|263.73335321|+12.56057584| |  69.84|  110.08| -222.61|  0.76|  0.70|  0.88|  1.02|  0.89|-0.29| 0.03|-0.26|-0.16| 0.59|-0.09| 0.50|-0.37| 0.14|-0.45|  0| 1.17| 86032| 2.315|0.003| 2.106|0.003| | 0.155|0.003|G|0.17|0.03|C| | 2.1262|0.0005|0.003| 67| | 2.12| 2.14|       | | | |17349+1234|I| 1| 1|G| | |  |   |       |     |     |    |S| |D|159561|B+12 3252 |          |          |0.17|A5III       |X 
H|       86228|H|17 37 19.13|-42 59 52.2| 1.86| |G|264.32969072|-42.99782155|A|  11.99|    6.06|   -0.95|  0.78|  0.68|  0.84|  1.03|  0.78|-0.05|-0.14|-0.15| 0.20|-0.18|-0.10|-0.14| 0.35|-0.13| 0.19| 13| 2.12| 86228| 2.374|0.003| 1.904|0.006|A| 0.406|0.007|G|0.48|0.02|A|*| 1.9269|0.0007|0.006| 55|*| 1.92| 1.94|       |D| | |17373-4300|M| 1| 2|C| |B|AB|315|  6.465|0.025| 3.39|0.18|S| | |159532|          |C-42 12312|P-42  7856|0.48|F1II        |X 
H|       86263| |17 37 35.23|-15 23 54.3| 3.54| |H|264.39677181|-15.39840835| |  30.93|  -39.30|  -61.27|  0.97|  0.61|  1.03|  1.39|  0.80|-0.31|-0.36|-0.19|-0.21| 0.27|-0.15| 0.14|-0.32| 0.21|-0.52|  3|-0.61| 86263| 3.867|0.003| 3.566|0.003| | 0.262|0.009|G|0.29|0.02|A| | 3.6075|0.0009|0.004| 52| | 3.60| 3.61|       |C| | |17376-1524|I| 1| 1| | | |  |   |       |     |     |    |S| | |159876|B-15 4621 |          |          |0.29|F0IIIp      |4 
H|       86414| |17 39 27.89|+46 00 22.8| 3.82|1|H|264.86621847|+46.00632216| |   6.58|   -7.17|    3.97|  0.49|  0.48|  0.56|  0.64|  0.58| 0.04|-0.15|-0.25| 0.12| 0.16|-0.22| 0.10|-0.15| 0.17| 0.06|  0|-0.84| 86414| 3.591|0.003| 3.777|0.002| |-0.179|0.003|G|-.21|0.03|C| | 3.7497|0.0013|0.009| 97| | 3.74| 3.76|   3.49|P|1|A|17395+4601|I| 1| 1| | | |  |   |       |     |     |    |S| | |160762|B+46 2349 |          |          |-.21|B3V SB      |G 
H|       86565| |17 41 24.92|-12 52 30.6| 4.24| |H|265.35381884|-12.87517268| |  19.41|  -72.16|  -55.22|  0.90|  0.53|  1.07|  0.72|  0.49| 0.19|-0.51|-0.34|-0.24| 0.11|-0.07|-0.04|-0.47| 0.15|-0.31|  5| 0.55| 86565| 4.356|0.003| 4.253|0.003| | 0.086|0.009|G|0.10|0.02|A| | 4.2762|0.0005|0.004| 95| | 4.27| 4.29|       |C| | |          | |  | 1| | | |  |   |       |     |     |    |S| | |160613|B-12 4808 |          |          |0.10|A2Va        |4 
H|       86614| |17 41 56.31|+72 08 58.2| 4.57| |H|265.48461270|+72.14949916|A|  45.38|   26.60| -269.77|  0.92|  1.02|  0.82|  0.86|  1.18| 0.21|-0.19| 0.00|-0.17| 0.01|-0.07| 0.06|-0.32|-0.25| 0.12|  1|-0.34| 86614| 5.073|0.003| 4.613|0.003|A| 0.434|0.004|T|0.50|0.00|L| | 4.6681|0.0042|0.005| 98|A| 4.65| 4.68|       |D| | |17420+7209|I| 2| 1|C|P|D|  |   |       |     |     |    |S| |D|162003|B+72  804 |          |          |0.49|F5IV-V      |X 
H|       86670| |17 42 29.28|-39 01 47.7| 2.39|1|H|265.62199908|-39.02992092| |   7.03|   -6.49|  -25.55|  0.64|  0.48|  0.73|  0.79|  0.55|-0.01|-0.26|-0.13| 0.13|-0.09|-0.20|-0.15| 0.13| 0.21|-0.19|  0| 1.58| 86670| 2.161|0.004| 2.357|0.006| |-0.171|0.006|T|-.22|0.02|A| | 2.3164|0.0013|0.007| 41| | 2.31| 2.33|   0.20|P|1|A|          | |  | 1| | | |  |   |       |     |     |    |S| |P|160578|          |C-38 12137|P-38  6992|-.22|B1.5III     |3 
H|       86742| |17 43 28.38|+04 34 00.9| 2.76| |H|265.86823714|+04.56691684| |  39.78|  -40.67|  158.80|  0.59|  0.41|  0.75|  0.61|  0.40|-0.21|-0.38| 0.08| 0.03| 0.39| 0.12| 0.39| 0.28|-0.32|-0.17|  0|-0.42| 86742| 4.304|0.002| 2.899|0.002| | 1.168|0.022|G|1.10|0.02|A| | 2.9279|0.0003|0.004|139| | 2.92| 2.94|       | | | |          | |  | 1| | | |  |   |       |     |     |    |S| |P|161096|B+04 3489 |          |          |1.10|K2III       |X 
H|       86782| |17 43 59.16|+53 48 06.3| 5.75| |H|265.99651272|+53.80175482| |   7.90|   13.32|  -16.35|  0.46|  0.44|  0.48|  0.55|  0.61| 0.02| 0.02|-0.18| 0.12| 0.17|-0.12| 0.08|-0.16| 0.02|-0.17|  0| 1.39| 86782| 5.770|0.004| 5.752|0.004| | 0.017|0.005|T|0.04|0.01|L| | 5.7652|0.0006|0.005|105| | 5.76| 5.77|       |C| | |          | |  | 1|G| | |  |   |       |     |     |    |S| | |161693|B+53 1978 |          |          |0.02|A2V         |X 
H|       86796| |17 44 08.72|-51 50 00.9| 5.12| |H|266.03632110|-51.83358836| |  65.46|  -15.06| -191.17|  0.71|  0.50|  0.80|  0.93|  0.54|-0.56|-0.17| 0.06| 0.38|-0.52| 0.31|-0.48| 0.21|-0.13|-0.50|  2| 1.36| 86796| 5.984|0.003| 5.198|0.002| | 0.694|0.015|G|0.71|0.02|A| | 5.2585|0.0004|0.005|140| | 5.25| 5.27|       |C| | |          | |  | 1| | | |  |   |       |     |     |    |S| | |160691|          |C-51 11094|P-51 10535|0.71|G5V         |X 
H|       86929| |17 45 44.00|-64 43 25.4| 3.61| |G|266.43334347|-64.72373450| |   8.79|  -11.08|  -56.37|  0.46|  0.45|  0.65|  0.52|  0.51|-0.01|-0.17|-0.19|-0.05|-0.07| 0.14|-0.05| 0.02| 0.04|-0.04|  0|-1.28| 86929| 5.127|0.003| 3.723|0.002| | 1.161|0.074|G|1.09|0.02|A| | 3.7700|0.0005|0.005|119| | 3.76| 3.78|       | | | |          | |  | 1| | | |  |   |       |     |     |    |S| | |160635|          |          |P-64  3662|1.09|K1III       |X 
H|       86974| |17 46 27.72|+27 43 21.0| 3.42| |H|266.61549553|+27.72249917| | 119.05| -291.42| -750.00|  0.40|  0.45|  0.62|  0.49|  0.53|-0.07|-0.20|-0.17| 0.03| 0.04|-0.12| 0.03| 0.03|-0.02|-0.07|  0|-0.36| 86974| 4.357|0.002| 3.501|0.002| | 0.750|0.015|G|0.71|0.02|G| | 3.5596|0.0005|0.004|146| | 3.55| 3.57|       | | | |17465+2744|I| 1| 1| | | |  |   |       |     |     |    |S| | |161797|B+27 2888 |          |          |0.71|G5IV        |X 
H|       87072| |17 47 33.63|-27 49 50.7| 4.53|3|H|266.89011276|-27.83076255| |   3.03|   -3.62|  -10.67|  0.82|  0.55|  0.94|  1.01|  0.71|-0.11|-0.40|-0.36| 0.16|-0.12| 0.02|-0.08| 0.23|-0.02|-0.65|  0| 0.63| 87072| 5.452|0.048| 4.638|0.031| | 0.600|0.020|G|0.76|0.02|A| | 4.6672|0.0181|0.249| 53| | 4.37| 4.98|   7.01|P|1|A|          | |  | 1| | | |  |   |       |     |     |    |S| | |161592|          |C-27 11930|P-27  5764|0.76|F7II        |3 
H|       87073| |17 47 35.08|-40 07 37.1| 2.99|1|H|266.89617137|-40.12698197| |   1.82|    0.44|   -6.40|  0.66|  0.49|  0.73|  0.83|  0.58| 0.09|-0.32|-0.12| 0.25| 0.03|-0.17|-0.03| 0.35| 0.10| 0.09|  0|-0.94| 87073| 3.617|0.004| 3.069|0.004| | 0.509|0.009|G|0.64|0.02|A| | 3.1093|0.0012|0.007| 59| | 3.10| 3.12|       |M| | |17476-4008|I| 1| 1| | | |  |   |       |     |     |    |S| | |161471|          |C-40 11838|P-40  8088|0.64|F3Ia        |X 
H|       87261| |17 49 51.45|-37 02 36.1| 3.19| |H|267.46438020|-37.04337105| |  25.71|   42.09|   27.77|  0.83|  0.59|  0.87|  0.91|  0.57|-0.20|-0.29|-0.18| 0.37|-0.40| 0.02|-0.34| 0.59|-0.07|-0.27|  4|-0.98| 87261| 4.732|0.003| 3.321|0.003| | 1.192|0.003|T|1.15|0.02|A| | 3.3521|0.0005|0.004| 45| | 3.35| 3.37|       | | | |17499-3703|I| 1| 1| | | |  |   |       |     |     |    |S| | |161892|          |C-37 11907|P-37  7519|1.15|K0/K1III    |3 
H|       87585| |17 53 31.63|+56 52 20.8| 3.73| |H|268.38178961|+56.87245216| |  29.26|   93.65|   78.44|  0.48|  0.46|  0.49|  0.51|  0.56|-0.06| 0.13| 0.02| 0.17| 0.16|-0.07| 0.16| 0.12|-0.13|-0.11|  0|-0.90| 87585| 5.264|0.003| 3.867|0.002| | 1.177|0.015|G|1.11|0.03|C| | 3.8948|0.0005|0.004|112| | 3.89| 3.90|       |C| | |17535+5653|I| 1| 1| | | |  |   |       |     |     |    |S| | |163588|B+56 2033 |          |          |1.11|K2III       |X 
H|       87808| |17 56 15.18|+37 15 01.9| 3.86|1|G|269.06324389|+37.25052158| |   4.87|    2.74|    7.24|  0.42|  0.45|  0.54|  0.48|  0.57|-0.05|-0.01|-0.08| 0.13|-0.03| 0.04|-0.03| 0.17|-0.24|-0.06|  0|-1.53| 87808| 5.602|0.003| 3.996|0.002| | 1.350|0.003|G|1.17|0.03|C| | 4.0284|0.0007|0.007|131| | 4.02| 4.04|       |M| | |          | |  | 1| | | |  |   |       |     |     |    |S| | |163770|B+37 2982 |          |          |1.17|K1IIvar     |X 
H|       87833| |17 56 36.38|+51 29 20.2| 2.24|1|H|269.15157439|+51.48895101| |  22.10|   -8.52|  -23.05|  0.42|  0.43|  0.46|  0.48|  0.51|-0.01| 0.05| 0.03| 0.11| 0.09|-0.09| 0.10| 0.06| 0.00| 0.05|  1| 1.15| 87833| 4.256|0.003| 2.413|0.003| | 1.521|0.005|G|1.54|0.03|C| | 2.3617|0.0008|0.006|100| | 2.35| 2.37|       |M| | |17566+5129|I| 1| 1| | | |  |   |       |     |     |    |S| | |164058|B+51 2282 |          |          |1.54|K5III       |X 
H|       87933| |17 57 45.83|+29 14 52.5| 3.70|1|G|269.44096106|+29.24792527| |  24.12|   82.33|  -18.73|  0.37|  0.40|  0.52|  0.43|  0.43|-0.01|-0.13|-0.03|-0.05| 0.11|-0.01| 0.08| 0.21|-0.02| 0.06|  0| 0.20| 87933| 4.879|0.003| 3.802|0.002| | 0.935|0.002|G|0.89|0.03|C| | 3.8533|0.0012|0.014|156| | 3.84| 3.88| 120.80|P|1|A|          | |  | 1| | | |  |   |       |     |     |    |S| | |163993|B+29 3156 |          |          |0.89|K0III       |X 
H|       87937| |17 57 48.97|+04 40 05.8| 9.54| |G|269.45402305|+04.66828815| | 549.01| -797.84|10326.93|  1.33|  1.08|  1.58|  1.61|  1.29| 0.10|-0.16|-0.19|-0.29|-0.05| 0.15|-0.01|-0.26|-0.10| 0.21|  0| 0.59| 87937|      |     |      |     | | 1.570|0.015|G|2.52|0.06|I| | 9.4901|0.0048|0.031| 71| | 9.44| 9.54|       | | | |17578+0441|I| 1| 1| | | |  |   |       |     |     |    | | | |      |B+04 3561a|          |          |2.52|sdM4        |X 
H|       88048| |17 59 01.60|-09 46 24.1| 3.32| |H|269.75665662|-09.77334973| |  21.35|  -10.31| -116.12|  0.72|  0.45|  0.79|  0.86|  0.53| 0.04|-0.38|-0.15| 0.13|-0.07| 0.06|-0.04|-0.04| 0.02| 0.06|  0| 0.39| 88048| 4.607|0.004| 3.433|0.003| | 0.987|0.035|G|0.95|0.02|A| | 3.4871|0.0004|0.004| 69| | 3.48| 3.49|       | | | |          | |  | 1| | | |  |   |       |     |     |    |S| | |163917|B-09 4632 |          |          |0.95|K0III       |X 
H|       88414| |18 03 06.96|-28 33 38.0| 9.62| |H|270.77897929|-28.56055021| |  26.33|  -32.48|  -38.34|  1.68|  0.92|  1.84|  1.97|  0.99| 0.03|-0.44|-0.15| 0.10| 0.20|-0.14| 0.03|-0.45| 0.14|-0.17|  0| 0.18| 88414|12.555|0.524|10.895|0.266| | 1.396|0.491|T|1.66|1.25|L| | 9.7615|0.0022|0.022| 82| | 9.73| 9.80|       |C| | |          | |  | 1| | | |  |   |       |     |     |    | |G| |164604|          |C-28 14058|          |1.11|K2          |3 
H|       88635| |18 05 48.52|-30 25 25.1| 2.98| |G|271.45218586|-30.42365007| |  33.94|  -55.75| -181.53|  0.83|  0.51|  0.87|  0.92|  0.57| 0.02|-0.42|-0.03| 0.14| 0.01|-0.03|-0.02|-0.28| 0.05|-0.02|  0|-0.87| 88635|      |     | 3.633|0.010| | 0.981|0.047|G|0.99|0.02|A| | 3.1356|0.0006|0.003| 58| | 3.13| 3.14|       |C| | |          | |  | 1| | | |  |   |       |     |     |    |S| | |165135|          |C-30 15215|P-30  5241|0.99|K0III       |3 
H|       88670|H|18 06 07.40|-08 19 26.1| 5.84| |H|271.53083743|-08.32391503|A|   5.72|   -2.45|  -16.72|  1.72|  1.16|  1.21|  1.25|  0.86|-0.17|-0.08| 0.11|-0.14| 0.05|-0.26| 0.13|-0.41|-0.16|-0.01|  2|-0.72| 88670| 6.064|0.004| 5.872|0.004|*| 0.184|0.006|T|0.20|0.01|L|*| 5.8970|0.0011|0.007| 62|*| 5.89| 5.91|       |D| | |18061-0819|H| 1| 2|C| |A|AB| 62|  0.416|0.008| 1.71|0.02|S| | |165402|B-08 4558 |          |          |0.16|B8III-IV    |X 
H|       88714| |18 06 37.88|-50 05 29.2| 3.65|1|H|271.65782832|-50.09145462| |   3.22|   -8.43|   -9.26|  0.60|  0.40|  0.71|  0.65|  0.41|-0.22|-0.29|-0.04| 0.31|-0.34|-0.01|-0.32| 0.07| 0.10|-0.20|  3| 2.64| 88714| 3.537|0.003| 3.653|0.002| |-0.101|0.003|T|-.06|0.02|A| | 3.6327|0.0005|0.005| 97| | 3.63| 3.64|       |M| | |          | |  | 1| | | |  |   |       |     |     |    |S| | |165024|          |C-50 11720|P-50 10538|-.06|B2Ib        |X 
H|       88794| |18 07 32.55|+28 45 44.9| 3.84| |H|271.88562824|+28.76247025| |   9.39|   -0.17|    7.51|  0.42|  0.43|  0.57|  0.51|  0.44|-0.01| 0.00| 0.10|-0.21| 0.14|-0.17| 0.11|-0.07|-0.06| 0.18|  0|-1.85| 88794| 3.817|0.002| 3.835|0.002| |-0.018|0.018|G|-.02|0.05|D| | 3.8384|0.0003|0.004|149| | 3.83| 3.85|       | | | |          | |  | 1| | | |  |   |       |     |     |    |S| | |166014|B+28 2925 |          |          |-.02|B9.5V       |X 
H|       88866| |18 08 34.79|-63 40 05.0| 4.33| |H|272.14496186|-63.66804844| |  23.55|   17.45| -207.64|  0.52|  0.45|  0.71|  0.57|  0.45| 0.09|-0.29|-0.18|-0.18|-0.07| 0.10|-0.07|-0.19| 0.07| 0.03|  0|-0.28| 88866| 4.629|0.003| 4.357|0.003| | 0.228|0.003|G|0.23|0.01|A| | 4.3993|0.0005|0.005|107| | 4.39| 4.41|       | | | |          | |  | 1| | | |  |   |       |     |     |    |S| | |165040|          |          |P-63  4292|0.23|Am          |X 
H|       89341| |18 13 45.81|-21 03 31.8| 3.84|2|T|273.44086963|-21.05883031| |   0.11|    1.72|   -1.39|  0.90|  0.58|  0.98|  0.87|  0.64|-0.14|-0.49|-0.25|-0.02| 0.34|-0.14| 0.12|-0.52| 0.26|-0.39|  0|-1.32| 89341| 4.063|0.004| 3.859|0.004| | 0.195|0.005|T|0.21|0.01|L| | 3.8729|0.0056|0.034| 75| | 3.84| 3.96|       |U|2| |18138-2104|I| 1| 1| | |S|  |   |       |     |     |    |S| | |166937|B-21 4908 |          |          |0.38|B2III:      |4 
H|       89642| |18 17 37.73|-36 45 40.6| 3.10|1|H|274.40720490|-36.76128103| |  21.87| -129.27| -166.61|  0.82|  0.58|  0.92|  1.05|  0.60| 0.11|-0.19| 0.00|-0.03|-0.16|-0.32|-0.22|-0.40|-0.07|-0.20|  3| 1.36| 89642| 5.147|0.004| 3.312|0.004| | 1.582|0.004|G|2.24|0.02|A| | 3.1512|0.0026|0.013| 55| | 3.12| 3.17|       |U|2| |18176-3646|I| 1| 1| | |S|  |   |       |     |     |    |S| | |167618|          |C-36 12423|P-36  8128|2.24|M2III       |3 
H|       89931| |18 20 59.62|-29 49 40.9| 2.72| |H|275.24842337|-29.82803914| |  10.67|   29.96|  -26.38|  0.84|  0.60|  0.93|  1.20|  0.78|-0.12|-0.11|-0.36| 0.20| 0.45|-0.17| 0.21|-0.46| 0.46|-0.38|  0|-1.25| 89931| 4.523|0.003| 2.860|0.004| | 1.380|0.000|G|1.35|0.00|H| | 2.8654|0.0009|0.005| 67| | 2.86| 2.88|       | | | |18210-2950|I| 1| 1| | | |  |   |       |     |     |    |S| | |168454|          |C-29 14834|P-29  5513|1.35|K3III       |3 
H|       89937| |18 21 02.34|+72 44 01.3| 3.55| |H|275.25974572|+72.73369763|+| 124.11|  531.08| -351.59|  0.49|  0.48|  0.48|  0.49|  0.46| 0.13|-0.30| 0.03| 0.04| 0.18|-0.10| 0.17| 0.06|-0.09| 0.19|  0| 0.01| 89937| 4.169|0.003| 3.624|0.002| | 0.489|0.005|G|0.62|0.04|G| | 3.6666|0.0005|0.003|110| | 3.66| 3.67|       | | | |18211+7245|I| 1| 1|O| | |  |   |       |     |     |    |S| | |170153|B+72  839 |          |          |0.62|F7Vvar      |X 
H|       89962| |18 21 18.92|-02 53 49.6| 3.23| |H|275.32883578|-02.89712200| |  52.81| -547.57| -700.72|  0.63|  0.49|  0.75|  0.61|  0.50|-0.06|-0.36|-0.30|-0.20|-0.08| 0.14| 0.02| 0.02|-0.10|-0.35|  0| 1.65| 89962| 4.449|0.005| 3.352|0.003| | 0.941|0.006|G|0.96|0.02|A| | 3.3995|0.0007|0.004| 51| | 3.39| 3.41|       |C| | |18214-0253|I| 1| 1| | | |  |   |       |     |     |    |S| | |168723|B-02 4599 |          |          |0.96|K0III-IV    |X 
H|       90004| |18 21 49.80|-11 55 21.1| 7.95| |H|275.45748495|-11.92251503| |  23.19|  -22.13|  -69.23|  0.87|  0.64|  0.96|  0.90|  0.66|-0.03|-0.13|-0.20|-0.09|-0.06|-0.03|-0.08|-0.21|-0.04|-0.22|  0|-0.69| 90004| 8.833|0.015| 8.027|0.012| | 0.713|0.015|T|0.77|0.01|L| | 8.0882|0.0020|0.009| 62| | 8.07| 8.11|       | | | |          | |  | 1| | | |  |   |       |     |     |    | | | |168746|B-11 4606 |          |          |0.80|G5          |S 
H|       90098|T|18 23 13.62|-61 29 38.1| 4.35|1|G|275.80675239|-61.49390506| |   7.76|    0.53|    1.70|  0.78|  0.50|  0.77|  1.91|  0.83|-0.06|-0.41| 0.00| 0.25|-0.24|-0.09|-0.48|-0.05| 0.26|-0.54|  0| 1.42| 90098| 6.297|0.004| 4.537|0.003| | 1.462|0.004|G|1.50|0.02|A| | 4.4875|0.0021|0.010| 73| | 4.47| 4.50|       |U|2| |18232-6130|I| 1| 1|G| | |  |   |       |     |     |    |S| | |168339|          |          |P-61  6140|1.50|M1III SB    |G 
H|       90185| |18 24 10.35|-34 23 03.5| 1.79| |H|276.04310967|-34.38431460| |  22.55|  -39.61| -124.05|  0.90|  0.60|  1.02|  0.92|  0.59|-0.09|-0.44| 0.28| 0.04|-0.13|-0.17| 0.01|-0.42|-0.30|-0.13|  6| 0.56| 90185| 1.833|0.007| 1.810|0.007| |-0.031|0.004|G|0.01|0.02|A| | 1.7986|0.0008|0.004| 43| | 1.79| 1.81|       | | | |18242-3423|I| 1| 1| | | |  |   |       |     |     |    |S| | |169022|          |C-34 12784|          |0.01|B9.5III     |3 
H|       90344| |18 25 58.99|+65 33 48.8| 4.82| |H|276.49578299|+65.56354628| |  10.28|  106.52|  -27.07|  0.48|  0.45|  0.48|  0.52|  0.56| 0.10|-0.25|-0.12|-0.17| 0.05| 0.03| 0.06| 0.01|-0.02| 0.12|  0|-3.40| 90344| 6.355|0.004| 4.959|0.002| | 1.179|0.013|G|1.16|0.03|C| | 4.9835|0.0007|0.004|101| | 4.98| 4.99|       | | | |          | |  | 1| | | |  |   |       |     |     |    |S| | |170693|B+65 1271 |          |          |1.16|K2III       |X 
H|       90422| |18 26 58.43|-45 58 06.0| 3.49|1|G|276.74345947|-45.96832919| |  13.08|  -16.68|  -53.33|  0.58|  0.44|  0.71|  0.76|  0.50|-0.08|-0.30|-0.26|-0.01| 0.25|-0.26| 0.04|-0.43| 0.25|-0.42|  2|-1.77| 90422| 3.279|0.003| 3.461|0.002| |-0.179|0.014|G|-.18|0.02|A| | 3.4234|0.0009|0.008| 64| | 3.41| 3.44|       |M| | |          | |  | 1| | | |  |   |       |     |     |    |S| | |169467|          |C-46 12379|P-46  9308|-.18|B3IV        |X 
H|       90441|H|18 27 12.51|+00 11 46.1| 5.20| |G|276.80212484|+00.19612982|A|   6.81|   -2.64|   -8.79|  1.03|  0.81|  1.05|  1.01|  0.84|-0.05|-0.06|-0.25|-0.19| 0.09|-0.02| 0.07| 0.05|-0.10| 0.10|  0| 0.06| 90441| 5.943|0.017| 5.382|0.012|A| 0.487|0.004|G|0.56|0.00|H|*| 5.3050|0.0012|0.006| 49|*| 5.29| 5.32|       |D| | |18272+0012|I| 1| 2|C| |A|AB|319|  3.770|0.013| 2.17|0.02|S| |D|169985|B+00 3936 |          |          |0.56|G0III+...   |X 
H|       90496| |18 27 58.27|-25 25 16.5| 2.82| |G|276.99278955|-25.42124732| |  42.20|  -44.81| -186.29|  0.83|  0.51|  0.90|  1.02|  0.65|-0.09|-0.35|-0.08| 0.00| 0.23| 0.04| 0.15|-0.43| 0.19|-0.08|  0| 1.32| 90496| 4.186|0.004| 2.945|0.004| | 1.025|0.038|G|1.04|0.02|A| | 2.9838|0.0005|0.005| 77| | 2.98| 2.99|       | | | |          | |  | 1| | | |  |   |       |     |     |    |S| | |169916|          |C-25 13149|P-25  6523|1.04|K1IIIb      |4 
H|       90568| |18 28 49.74|-49 04 12.1| 4.10| |H|277.20723319|-49.07003097| |  25.60|  137.90| -229.14|  0.59|  0.42|  0.78|  0.76|  0.51| 0.04|-0.09| 0.24| 0.23|-0.28|-0.06|-0.20| 0.04| 0.12| 0.39|  0| 0.35| 90568| 5.406|0.003| 4.224|0.002| | 0.995|0.041|G|1.02|0.02|A| | 4.2661|0.0004|0.004|111| | 4.26| 4.27|       |C| | |          | |  | 1| | | |  |   |       |     |     |    |S| | |169767|          |C-49 12153|P-49 10594|1.02|G8/K0III    |2 
H|       90595| |18 29 11.85|-14 33 56.9| 4.67| |H|277.29938301|-14.56580499| |  11.19|    3.07|   -3.48|  0.87|  0.66|  0.92|  1.19|  0.78|-0.28| 0.07|-0.34|-0.23| 0.30|-0.04| 0.27|-0.32| 0.06|-0.53|  0|-0.47| 90595| 4.774|0.003| 4.693|0.003| | 0.076|0.014|G|0.10|0.02|A| | 4.7103|0.0006|0.003| 51| | 4.70| 4.72|       |C| | |          | |  | 1| | | |  |   |       |     |     |    |S| | |170296|B-14 5071 |          |          |0.10|A1IV/V      |4 
H|       90887| |18 32 21.31|-39 42 14.1| 5.16| |G|278.08877815|-39.70390941| |  14.83|   31.98|  -37.62|  0.65|  0.45|  0.76|  0.81|  0.50|-0.09|-0.21|-0.10|-0.05| 0.00|-0.01| 0.00|-0.37|-0.07|-0.19|  2|-0.45| 90887| 5.270|0.003| 5.171|0.003| | 0.079|0.002|G|0.09|0.00|H| | 5.1928|0.0006|0.005| 87| | 5.19| 5.20|       |C| | |          | |  | 1| | | |  |   |       |     |     |    |S| | |170642|          |C-39 12696|P-39  8114|0.09|A3V         |3 
H|       91117| |18 35 12.44|-08 14 35.9| 3.85| |H|278.80182442|-08.24330819| |  18.72|  -18.98| -314.63|  0.70|  0.52|  0.81|  0.78|  0.65|-0.12|-0.23| 0.11| 0.12|-0.21| 0.18|-0.23|-0.20|-0.41|-0.51|  0| 1.76| 91117| 5.586|0.004| 4.003|0.004| | 1.317|0.047|G|1.28|0.02|A| | 4.0072|0.0011|0.006| 53| | 4.00| 4.02|       | | | |          | |  | 1| | | |  |   |       |     |     |    |S| | |171443|B-08 4638 |          |          |1.28|K2III       |X 
H|       91262| |18 36 56.19|+38 46 58.8| 0.03|1|G|279.23410832|+38.78299311| | 128.93|  201.02|  287.46|  0.48|  0.47|  0.55|  0.57|  0.60|-0.02|-0.08|-0.12| 0.30| 0.02|-0.13| 0.01| 0.28|-0.05|-0.15|  2| 1.31| 91262|      |     |      |     | |-0.001|0.005|G|-.01|0.02|A| | 0.0868|0.0021|0.014| 90| | 0.07| 0.13|       |U|2|C|18369+3847|I| 1| 1| | |S|  |   |       |     |     |    |S| | |172167|B+38 3238 |          |          |-.01|A0Vvar      |X 
H|       91792| |18 43 02.13|-71 25 39.8| 4.01| |G|280.75889095|-71.42772867| |  15.55|    1.25| -158.29|  0.32|  0.40|  0.55|  0.36|  0.40|-0.10|-0.22|-0.01| 0.11|-0.09| 0.01|-0.07|-0.21|-0.16|-0.19|  1| 0.06| 91792| 5.472|0.002| 4.133|0.002| | 1.134|0.008|G|1.14|0.02|A| | 4.1674|0.0004|0.005|217| | 4.16| 4.18|       |C| | |18430-7125|I| 1| 1| | | |  |   |       |     |     |    |S| | |171759|          |          |P-71  2353|1.14|K2III       |X 
H|       91852| |18 43 36.09|+36 33 23.3| 6.04| |H|280.90039215|+36.55646483| |   7.41|   21.54|   57.61|  0.42|  0.45|  0.53|  0.46|  0.63|-0.05|-0.01|-0.04| 0.00|-0.01|-0.15| 0.02| 0.28| 0.06|-0.14|  0|-1.52| 91852| 7.384|0.007| 6.167|0.004| | 1.040|0.006|T|1.01|0.01|L| | 6.2114|0.0006|0.006|127| | 6.20| 6.22|       |C| | |          | |  | 1| | | |  |   |       |     |     |    |S| | |173416|B+36 3246 |          |          |1.01|G8          |S 
H|       91875| |18 43 46.94|-38 19 23.9| 5.11| |H|280.94558795|-38.32331062| |  16.15|    1.12|  -53.81|  0.71|  0.45|  0.79|  0.89|  0.53| 0.05|-0.22|-0.10|-0.04| 0.01|-0.07|-0.11|-0.47| 0.01|-0.24|  0|-0.86| 91875| 5.215|0.003| 5.128|0.003| | 0.075|0.002|G|0.09|0.00|H| | 5.1459|0.0007|0.006| 87| | 5.14| 5.16|       | | | |18438-3819|I| 1| 1| | | |  |   |       |     |     |    |S| | |172777|          |C-38 13036|P-38  7574|0.09|A0/A1V      |3 
H|       91971| |18 44 46.34|+37 36 18.2| 4.34| |H|281.19306613|+37.60505025| |  21.23|   29.26|   26.57|  0.44|  0.43|  0.54|  0.50|  0.61|-0.05|-0.05|-0.08| 0.11|-0.03|-0.20|-0.04| 0.19| 0.06|-0.15|  0|-1.19| 91971| 4.585|0.002| 4.358|0.002| | 0.192|0.010|G|0.18|0.03|C| | 4.3992|0.0005|0.005|129| | 4.39| 4.41|       | | | |18448+3736|I| 2| 1| | | |  |   |       |     |     |    |S| | |173648|B+37 3222 |          |          |0.18|Am          |X 
H|       92041| |18 45 39.35|-26 59 26.8| 3.17| |G|281.41397083|-26.99077940| |  14.14|   51.15|    0.45|  0.81|  0.48|  0.88|  1.05|  0.73|-0.02|-0.25| 0.00| 0.10|-0.09|-0.25|-0.05|-0.40| 0.06| 0.10|  2| 1.27| 92041| 3.049|0.003| 3.152|0.003| |-0.107|0.007|G|-.10|0.02|A| | 3.1339|0.0007|0.004| 69| | 3.13| 3.14|       | | | |          | |  | 1| | | |  |   |       |     |     |    |S| | |173300|          |C-27 13170|P-27  6511|-.10|B8.5III     |3 
H|       92175| |18 47 10.48|-04 44 52.2| 4.22| |G|281.79365558|-04.74782871|+|   4.73|   -7.71|  -15.89|  0.83|  0.65|  0.79|  0.73|  0.51|-0.33|-0.17|-0.15|-0.03| 0.02| 0.18|-0.08|-0.30|-0.11|-0.47|  0| 1.89| 92175| 5.602|0.003| 4.344|0.003| | 1.087|0.038|G|1.09|0.02|A| | 4.3804|0.0007|0.005| 71| | 4.37| 4.39|       |C| | |          | |  | 1|O| | |  |   |       |     |     |    |S| | |173764|B-04 4582 |          |          |1.09|G5II...     |X 
H|       92202| |18 47 28.98|-05 42 18.3| 5.38|3|H|281.87073367|-05.70507074| |   2.32|  -44.09|  -31.36|  0.72|  0.44|  0.82|  0.69|  0.51| 0.04|-0.36|-0.12|-0.08| 0.01| 0.13|-0.02|-0.36|-0.12|-0.26|  2|-0.30| 92202| 7.066|0.060| 5.543|0.050| | 1.280|0.061|T|1.42|0.02|A| | 5.5178|0.0417|0.437| 87| | 5.15| 6.32|       |U|2|B|          | |  | 1| | |S|  |   |       |     |     |    |S| |P|173819|B-05 4760 |          |          |1.42|K0Ibpvar    |X 
H|       92420| |18 50 04.79|+33 21 45.6| 3.52|3|T|282.51997462|+33.36267788| |   3.70|    1.10|   -4.46|  0.39|  0.40|  0.52|  0.44|  0.51|-0.08|-0.02|-0.04| 0.11| 0.07|-0.20| 0.09| 0.26|-0.12|-0.16|  0|-1.12| 92420| 3.519|0.032| 3.517|0.028| | 0.003|0.037|T|0.02|0.03|L| | 3.5618|0.0310|0.393|136| | 3.37| 4.30|  12.94|P|1|A|18501+3322|I| 1| 1| | |S|  |   |       |     |     |    |S| |P|174638|B+33 3223 |          |          |0.05|A8:V comp SB|G 
H|       92609| |18 52 13.04|-62 11 15.2| 4.22|2|T|283.05431892|-62.18756062| |   1.80|   -1.33|  -13.53|  0.53|  0.43|  0.67|  0.64|  0.43|-0.22|-0.31|-0.09| 0.38|-0.09|-0.13|-0.05|-0.09| 0.04|-0.13|  2|-0.75| 92609| 4.023|0.003| 4.192|0.003| |-0.150|0.300|G|-.14|0.02|A| | 4.1657|0.0030|0.020|111| | 4.13| 4.20|       |U|2|C|18522-6212|I| 1| 1| | | |  |   |       |     |     |    |S| | |173948|          |C-62  1254|P-62  5983|-.14|B2II-III    |X 
H|       92761| |18 54 10.18|-22 44 41.4| 4.86|1|H|283.54239695|-22.74482020| |   1.76|    2.95|   -5.70|  0.84|  0.46|  0.85|  0.98|  0.66|-0.12|-0.40| 0.04| 0.18|-0.08| 0.09|-0.08|-0.28|-0.02|-0.12|  0| 0.59| 92761| 6.683|0.006| 5.010|0.003| | 1.412|0.004|G|1.35|0.00|A| | 5.0022|0.0022|0.008| 55| | 4.99| 5.01|       |M| | |18542-2245|I| 1| 1| | | |  |   |       |     |     |    |S| | |174974|B-22 4907 |C-22 13399|          |1.35|K1II        |4 
H|       92791| |18 54 30.29|+36 53 55.0| 4.22|2|H|283.62620294|+36.89860518| |   3.63|   -6.73|    3.26|  0.43|  0.46|  0.56|  0.47|  0.51|-0.13| 0.05|-0.18|-0.03| 0.13|-0.26| 0.10|-0.09| 0.04|-0.09|  0| 2.26| 92791| 6.318|0.009| 4.463|0.007| | 1.575|0.009|T|2.60|0.03|O| | 4.2177|0.0053|0.054|108| | 4.13| 4.31|       |U|2| |18545+3654|I| 1| 1| | | |  |   |       |     |     |    |S| | |175588|B+36 3319 |          |          |2.81|M4IIvar     |X 
H|       92814| |18 54 43.12|-15 36 10.9| 5.08| |H|283.67964704|-15.60302217| |   1.96|   -2.38|   -5.64|  0.65|  0.41|  0.75|  0.68|  0.47| 0.03|-0.34|-0.06|-0.04|-0.06| 0.31| 0.01|-0.28|-0.18|-0.06|  0|-0.95| 92814| 5.258|0.002| 5.111|0.003| | 0.141|0.003|T|0.16|0.00|L| | 5.1308|0.0007|0.006| 85| | 5.12| 5.14|       |C| | |          | |  | 1| | | |  |   |       |     |     |    |S| | |175156|B-15 5143 |          |          |0.11|B3II        |4 
H|       92855| |18 55 15.92|-26 17 47.7| 2.05|1|H|283.81631956|-26.29659428| |  14.54|   13.87|  -52.65|  0.87|  0.45|  0.88|  1.09|  0.60|-0.18|-0.31|-0.07| 0.17| 0.12| 0.03|-0.03|-0.30| 0.05|-0.48|  0|-0.30| 92855| 1.888|0.005| 2.044|0.005| |-0.134|0.006|T|-.13|0.01|L| | 2.0095|0.0008|0.005| 68| | 2.00| 2.03|       |M| | |18552-2618|I| 1| 1| | | |  |   |       |     |     |    |S| | |175191|          |C-26 13595|P-26  6590|-.21|B2.5V       |3 
H|       92895| |18 55 40.89|+04 15 56.0| 8.02| |H|283.92036782|+04.26554316| |   7.84|   -7.84|  -89.86|  0.89|  0.70|  1.13|  1.01|  0.81| 0.19|-0.23|-0.16|-0.19| 0.00| 0.05|-0.06|-0.38| 0.18| 0.04|  0| 0.38| 92895| 9.170|0.020| 8.128|0.015| | 0.869|0.024|G|0.92|0.02|A| | 8.1644|0.0017|0.011| 85| | 8.15| 8.18|       |C| | |          | |  | 1| | | |  |   |       |     |     |    | | | |175541|B+04 3911 |          |          |0.92|G8V         |X 
H|       92946| |18 56 13.16|+04 12 12.7| 4.62| |G|284.05483475|+04.20352956|A|  24.73|   37.69|   26.98|  1.76|  1.40|  1.61|  1.84|  1.55| 0.27|-0.23|-0.03|-0.22|-0.04| 0.00|-0.07|-0.38| 0.03| 0.12| 18| 0.90| 92946| 4.816|0.003| 4.631|0.002|A| 0.161|0.010|G|0.20|0.02|A| | 4.6864|0.0655|0.098| 80|A| 4.46| 4.76|       |D| | |18563+0413|I| 3| 1|C|P|A|  |   |       |     |     |    |S| | |175638|B+04 3916 |          |          |0.20|A5V         |X 
H|       92953| |18 56 16.97|-42 42 38.2| 5.35| |G|284.07071918|-42.71060161| |  10.52|  -27.03|  -30.48|  0.74|  0.49|  0.85|  0.98|  0.62| 0.04|-0.23|-0.02| 0.04| 0.14|-0.08| 0.12|-0.40|-0.08|-0.02|  0|-1.17| 92953| 6.615|0.005| 5.459|0.004| | 0.998|0.002|G|0.98|0.00|H| | 5.5081|0.0007|0.006| 88| | 5.50| 5.52|       |C| | |          | |  | 1| | | |  |   |       |     |     |    |S| | |175219|          |C-42 13761|P-42  8539|0.98|G6III-IV    |X 
H|       92989| |18 56 40.49|-37 20 35.5| 5.36|2|T|284.16871114|-37.34318339| |   7.67|    8.79|  -23.68|  0.77|  0.52|  0.94|  1.26|  0.76|-0.10|-0.23|-0.42| 0.13| 0.31|-0.33|-0.04|-0.44| 0.40|-0.61|  0|-0.08| 92989| 5.172|0.005| 5.336|0.005| |-0.147|0.003|G|-.14|0.00|H| | 5.3103|0.0045|0.026| 72| | 5.29| 5.36|   3.67|P|1|A|          | |  | 1| | | |  |   |       |     |     |    |S| |P|175362|          |C-37 12982|P-37  8417|-.14|B3V         |3 
H|       93015| |18 56 57.04|-67 14 00.7| 4.40|3|T|284.23766942|-67.23353511| |   6.00|   -7.83|   16.65|  0.41|  0.45|  0.67|  0.39|  0.42|-0.07|-0.13|-0.29|-0.41|-0.05| 0.03|-0.05|-0.35| 0.13|-0.14|  2| 0.31| 93015| 5.266|0.040| 4.475|0.025| | 0.530|0.020|G|0.59|0.02|A| | 4.4996|0.0407|0.333|196| | 4.03| 4.91|   9.09|P|1|A|          | |  | 1| | | |  |   |       |     |     |    |S| | |174694|          |C-67  2287|P-67  3603|0.59|F5Ib-II:    |X 
H|       93085| |18 57 43.78|-21 06 23.8| 3.52| |H|284.43241556|-21.10662433| |   8.76|   34.91|  -12.33|  1.23|  0.85|  0.99|  1.63|  1.02|-0.52| 0.22|-0.42|-0.27| 0.50| 0.02| 0.54|-0.58| 0.30|-0.54|  2| 0.69| 93085| 5.053|0.003| 3.656|0.004| | 1.151|0.071|G|1.09|0.02|A| | 3.6880|0.0007|0.005| 62| | 3.68| 3.70|       | | | |          | |  | 1|G| | |  |   |       |     |     |    |S| | |175775|B-21 5201 |          |          |1.09|G8/K0II/III |4 
H|       93174| |18 58 43.47|-37 06 25.5| 4.83|2|T|284.68114151|-37.10708855| |  33.43| -132.25| -110.45|  0.80|  0.52|  0.92|  1.36|  0.77|-0.15|-0.17|-0.40| 0.17| 0.27|-0.33|-0.07|-0.41| 0.40|-0.64|  0|-0.22| 93174| 5.291|0.014| 4.872|0.016| | 0.396|0.020|T|0.44|0.02|A| | 4.9201|0.0186|0.109| 62| | 4.82| 5.08|   0.59|P|1|A|          | |  | 1| | | |  |   |       |     |     |    |S| | |175813|          |C-37 13001|P-37  8433|0.44|F3IV/V      |3 
H|       93194| |18 58 56.62|+32 41 22.4| 3.25|1|G|284.73593568|+32.68955312| |   5.14|   -2.76|    1.77|  0.37|  0.42|  0.51|  0.40|  0.48|-0.02| 0.09|-0.06| 0.14| 0.19|-0.07| 0.21| 0.08| 0.11|-0.03|  1|-0.28| 93194| 3.204|0.002| 3.243|0.002| |-0.049|0.005|G|-.03|0.03|C| | 3.2343|0.0004|0.004|149| | 3.23| 3.24|       |M| | |18590+3242|I| 1| 1| | | |  |   |       |     |     |    |S| | |176437|B+32 3286 |          |          |-.03|B9III       |X 
H|       93244| |18 59 37.39|+15 04 06.5| 4.02| |G|284.90578844|+15.06847757|+|  21.22|  -52.68|  -73.81|  0.70|  0.50|  0.77|  0.86|  0.96| 0.03|-0.21|-0.07| 0.20| 0.28|-0.03| 0.29| 0.05| 0.14|-0.03|  0| 0.18| 93244| 5.392|0.004| 4.138|0.003| | 1.082|0.005|G|1.00|0.03|C| | 4.1840|0.0010|0.006| 60| | 4.17| 4.19|       | | | |18596+1503|I| 1| 1|O| | |  |   |       |     |     |    |S| | |176411|B+14 3736 |          |          |1.00|K2III       |X 
H|       93506|H|19 02 36.72|-29 52 48.4| 2.60| |G|285.65301428|-29.88011429|A|  36.61|  -14.10|    3.66|  2.52|  1.61|  1.37|  2.62|  2.00| 0.85| 0.18| 0.16|-0.81|-0.91|-0.16|-0.82|-0.97|-0.09| 0.93| 19| 0.32| 93506| 2.731|0.002| 2.617|0.003|*| 0.062|0.015|G|0.06|0.02|A|*| 2.6212|0.0005|0.004| 64|*| 2.61| 2.63|       |D| | |19026-2953|I| 1| 2|C| |A|AB|273|  0.404|0.008| 0.21|0.02|S| |W|176687|          |C-30 16575|P-30  5798|0.06|A3IV        |3 
H|       93542| |19 03 06.83|-42 05 42.0| 4.74| |G|285.77846922|-42.09499443| |  17.75|   55.74|  -45.33|  0.79|  0.54|  0.86|  1.08|  0.65|-0.27|-0.06|-0.28|-0.37| 0.55|-0.17| 0.45|-0.58| 0.28|-0.42|  0| 1.34| 93542| 4.711|0.003| 4.732|0.002| |-0.027|0.006|G|-.02|0.02|A| | 4.7352|0.0004|0.004|106| | 4.73| 4.74|       | | | |          | |  | 1| | | |  |   |       |     |     |    |S| | |176638|          |C-42 13855|P-42  8575|-.02|A0Vn        |X 
H|       93683| |19 04 40.93|-21 44 28.9| 3.76| |G|286.17055765|-21.74135451| |  23.49|   76.26|  -58.08|  0.74|  0.48|  0.78|  0.82|  0.51|-0.07|-0.26| 0.08|-0.07|-0.08| 0.00|-0.06|-0.45|-0.20|-0.18|  0| 0.78| 93683| 5.078|0.003| 3.879|0.002| | 1.012|0.008|G|0.98|0.02|A| | 3.9215|0.0004|0.004| 85| | 3.92| 3.93|       |C| | |19047-2144|I| 1| 1| | | |  |   |       |     |     |    |S| | |177241|B-21 5237 |          |          |0.98|K0III       |4 
H|       93747| |19 05 24.61|+13 51 49.4| 2.99| |G|286.35255180|+13.86370983| |  39.18|   -7.04|  -95.31|  0.65|  0.49|  0.72|  0.60|  0.46| 0.13|-0.29|-0.20|-0.27| 0.03| 0.20|-0.01|-0.36| 0.24| 0.12|  0| 0.65| 93747| 3.024|0.002| 2.991|0.003| | 0.014|0.003|G|-.01|0.06|G| | 2.9935|0.0005|0.005| 69| | 2.99| 3.01|       | | | |19055+1352|I| 1| 1| | | |  |   |       |     |     |    |S| | |177724|B+13 3899 |          |          |-.01|A0Vn        |X 
H|       93805| |19 06 14.95|-04 52 56.4| 3.43| |G|286.56229139|-04.88233456| |  26.05|  -19.68|  -90.37|  0.68|  0.46|  0.81|  0.67|  0.49|-0.04|-0.23|-0.27|-0.30| 0.14| 0.05| 0.13|-0.42| 0.21| 0.02|  7| 1.65| 93805| 3.330|0.002| 3.419|0.002| |-0.096|0.005|G|-.09|0.02|A| | 3.4026|0.0004|0.003|100| | 3.40| 3.41|       | | | |          | |  | 1| | | |  |   |       |     |     |    |S| | |177756|B-05 4876 |          |          |-.09|B9Vn        |X 
H|       93825|H|19 06 25.04|-37 03 45.9| 4.23| |G|286.60433158|-37.06275714|A|  55.89|   96.93| -279.67|  4.56|  2.04|  1.94|  2.44|  1.34| 0.30|-0.23|-0.01|-0.07| 0.04| 0.09| 0.03|-0.32|-0.22|-0.01| 26| 1.69| 93825|      |     |      |     | | 0.523|0.010|G|0.59|0.02|A|*| 4.3123|0.0007|0.004| 72|*| 4.31| 4.32|       |D| | |19064-3704|I| 1| 2|C| |A|AB|107|  1.214|0.007| 0.07|0.03|S| | |177474|          |C-37 13048|P-37  8464|0.59|F7IV-V      |S 
H|       93864| |19 06 56.44|-27 40 11.3| 3.32| |G|286.73517629|-27.66981416|+|  27.09|  -50.79| -250.51|  1.57|  1.44|  1.48|  2.42|  2.84|-0.45|-0.03|-0.54|-0.60| 0.56|-0.27| 0.46|-0.92| 0.58|-0.66|  0| 0.08| 93864| 4.844|0.005| 3.448|0.003| | 1.169|0.044|G|1.15|0.02|A| | 3.4689|0.0007|0.004| 70| | 3.46| 3.48|       | | | |          | |  | 1|O| | |  |   |       |     |     |    |S| | |177716|          |C-27 13564|P-27  6617|1.15|K1/K2III    |3 
H|       94005| |19 08 20.93|-40 29 47.9| 4.57| |H|287.08722077|-40.49663760| |  18.67|   48.05|  -26.84|  0.77|  0.49|  0.83|  1.25|  0.66|-0.14|-0.08|-0.27| 0.16| 0.27|-0.24| 0.03|-0.35| 0.31|-0.51|  0| 0.54| 94005| 5.983|0.003| 4.698|0.003| | 1.070|0.052|G|1.06|0.02|A| | 4.7339|0.0006|0.005| 76| | 4.73| 4.74|       |C| | |          | |  | 1| | | |  |   |       |     |     |    |S| | |177873|          |C-40 13061|P-40  8782|1.06|K1III       |2 
H|       94114| |19 09 28.28|-37 54 15.3| 4.11| |H|287.36782635|-37.90423953| |  25.15|   85.73|  -96.65|  0.85|  0.44|  0.83|  1.04|  0.58|-0.22|-0.40| 0.05| 0.23|-0.03| 0.10|-0.04|-0.21|-0.09|-0.34|  0| 0.26| 94114| 4.183|0.003| 4.109|0.002| | 0.042|0.006|G|0.03|0.02|A| | 4.1260|0.0004|0.004| 66| | 4.12| 4.13|       |C| | |          | |  | 1| | | |  |   |       |     |     |    |S| | |178253|          |C-38 13350|P-38  7723|0.03|A0/A1V      |3 
H|       94141| |19 09 45.83|-21 01 24.7| 2.88| |H|287.44097404|-21.02352534| |   7.41|   -1.17|  -36.83|  0.68|  0.39|  0.69|  0.68|  0.43|-0.21|-0.30|-0.07|-0.07| 0.03| 0.13| 0.07|-0.34|-0.05|-0.18|  2|-0.88| 94141| 3.340|0.002| 2.937|0.002| | 0.377|0.021|G|0.44|0.02|A| | 2.9664|0.0004|0.004| 93| | 2.96| 2.97|       | | | |19098-2101|I| 1| 1| | | |  |   |       |     |     |    |S| | |178524|B-21 5275 |          |          |0.44|F2II/III    |4 
H|       94160| |19 10 01.75|-39 20 26.5| 4.10| |G|287.50730185|-39.34070677| |   6.42|    5.89|  -36.78|  0.82|  0.53|  0.90|  1.41|  0.62| 0.00|-0.18|-0.39| 0.27| 0.36|-0.33|-0.05|-0.43| 0.30|-0.55|  0| 1.16| 94160| 5.653|0.003| 4.244|0.002| | 1.163|0.077|G|1.11|0.02|A| | 4.2728|0.0008|0.005| 75| | 4.26| 4.28|       | | | |          | |  | 1| | | |  |   |       |     |     |    |S| | |178345|          |C-39 13146|P-39  8327|1.11|K0II/IIICN. |3 
H|       94376| |19 12 33.15|+67 39 40.7| 3.07| |G|288.13814581|+67.66131695| |  32.54|   94.49|   92.30|  0.47|  0.41|  0.46|  0.47|  0.45|-0.12|-0.20| 0.06|-0.18| 0.20| 0.05| 0.18|-0.04| 0.06| 0.06|  3| 2.22| 94376| 4.362|0.002| 3.188|0.002| | 0.990|0.018|G|0.94|0.03|C| | 3.2296|0.0005|0.004|110| | 3.22| 3.24|       | | | |19126+6740|I| 1| 1| | | |  |   |       |     |     |    |S| | |180711|B+67 1129 |          |          |0.94|G9III       |X 
H|       94481| |19 13 45.49|+39 08 45.5| 4.43|1|H|288.43953645|+39.14596968| |   3.13|   -1.59|   -0.61|  0.41|  0.43|  0.51|  0.48|  0.56|-0.04|-0.03|-0.11| 0.14| 0.03|-0.13| 0.01| 0.18|-0.10| 0.01|  0|-0.98| 94481| 4.210|0.002| 4.382|0.002| |-0.150|0.002|T|-.19|0.03|C| | 4.3591|0.0006|0.007|131| | 4.35| 4.37|       |M| | |19138+3908|I| 1| 1| | |S|  |   |       |     |     |    |S| | |180163|B+38 3490 |          |          |-.19|B2.5IV      |X 
H|       94645| |19 15 33.15|-24 10 44.8| 6.25| |G|288.88814331|-24.17910471| |  36.97|  114.78| -101.81|  0.79|  0.51|  0.80|  0.92|  0.56|-0.16|-0.19|-0.04|-0.04| 0.17| 0.00| 0.17|-0.30|-0.09|-0.19|  0|-0.16| 94645| 6.899|0.006| 6.307|0.005| | 0.548|0.009|G|0.59|0.02|A| | 6.3620|0.0009|0.006| 57| | 6.35| 6.37|       | | | |          | |  | 1| | | |  |   |       |     |     |    |S| | |179949|          |C-24 15161|P-24  6650|0.59|F8V         |4 
H|       94648| |19 15 33.29|+73 21 18.8| 4.45| |H|288.88872380|+73.35521457| |  21.73| -116.60|  104.25|  0.47|  0.42|  0.47|  0.52|  0.53|-0.08|-0.10| 0.11|-0.09| 0.08|-0.07| 0.12|-0.17|-0.19|-0.07|  3|-0.69| 94648| 6.094|0.003| 4.594|0.002| | 1.257|0.011|G|1.15|0.03|C| | 4.6171|0.0003|0.004|100| | 4.61| 4.62|       | | | |          | |  | 1|G| | |  |   |       |     |     |    |S| | |181984|B+73  857 |          |          |1.15|K3III       |X 
H|       94779| |19 17 06.11|+53 22 05.4| 3.80| |G|289.27545794|+53.36816064| |  26.48|   60.22|  122.93|  0.49|  0.43|  0.49|  0.50|  0.53|-0.02|-0.23|-0.06|-0.20| 0.15|-0.02| 0.18| 0.17|-0.13| 0.02|  0|-0.20| 94779| 5.007|0.002| 3.900|0.002| | 0.950|0.009|G|0.85|0.03|C| | 3.9512|0.0005|0.005|107| | 3.94| 3.96|       | | | |          | |  | 1| | | |  |   |       |     |     |    |S| | |181276|B+53 2216 |          |          |0.85|K0III       |X 
H|       94820| |19 17 38.09|-18 57 10.4| 4.88| |H|289.40868994|-18.95288215| |   6.09|  -10.05|  -10.64|  0.84|  0.50|  0.86|  0.99|  0.57|-0.07|-0.38|-0.24| 0.27|-0.03|-0.05|-0.12|-0.04| 0.08|-0.36|  0| 0.94| 94820| 6.171|0.005| 4.995|0.003| | 1.013|0.025|G|0.99|0.03|C| | 5.0469|0.0006|0.005| 61| | 5.04| 5.06|       | | | |          | |  | 1| | |S|  |   |       |     |     |    |S| | |180540|B-19 5379 |          |          |0.99|K0III       |4 
H|       95124| |19 21 04.26|-23 37 10.2| 7.55| |H|290.26775067|-23.61949568| |   8.66|  -45.15|  -31.23|  0.85|  0.56|  0.92|  0.88|  0.57| 0.00|-0.32|-0.17|-0.09| 0.14| 0.22| 0.20|-0.15|-0.03| 0.09|  0| 0.48| 95124| 8.851|0.015| 7.658|0.010| | 1.022|0.014|T|1.00|0.01|L| | 7.7149|0.0013|0.008| 63| | 7.70| 7.73|       |C| | |          | |  | 1| | | |  |   |       |     |     |    | | | |181342|          |C-23 15307|P-23  7442|0.99|K0III       |4 
H|       95168| |19 21 40.38|-17 50 50.1| 3.92|1|G|290.41823037|-17.84725155| |  26.79|  -26.95|   22.24|  0.73|  0.45|  0.77|  0.83|  0.50|-0.06|-0.28|-0.11| 0.23|-0.08| 0.24|-0.02| 0.01|-0.19|-0.20|  0| 2.05| 95168| 4.209|0.004| 3.959|0.003| | 0.228|0.007|G|0.25|0.02|A| | 3.9884|0.0014|0.008| 59| | 3.98| 4.01|       |M| | |          | |  | 1| | | |  |   |       |     |     |    |S| |P|181577|B-18 5322 |          |          |0.25|F0III/IV    |4 
H|       95241| |19 22 38.29|-44 27 32.1| 3.96| |H|290.65952718|-44.45891013| |   8.62|    7.31|  -22.43|  0.96|  0.55|  0.95|  2.58|  0.76|-0.04|-0.57| 0.08|-0.06|-0.10| 0.22|-0.16|-0.38| 0.05|-0.38|  0| 0.65| 95241| 3.845|0.003| 3.945|0.003| |-0.085|0.003|G|-.07|0.02|A| | 3.9357|0.0004|0.004| 86| | 3.93| 3.94|       |C| | |19226-4428|I| 1| 1|G| | |  |   |       |     |     |    |S| | |181454|          |C-44 13277|P-44  9548|-.07|B9V         |X 
H|       95262| |19 22 52.92|-32 55 05.0| 7.84| |G|290.72051567|-32.91804318| |  17.88|   89.37| -415.97|  1.10|  0.80|  1.31|  1.50|  0.96| 0.18|-0.33|-0.33| 0.18| 0.14|-0.29|-0.02|-0.16| 0.13|-0.06|  0| 1.62| 95262| 8.565|0.014| 7.917|0.012| | 0.599|0.019|G|0.67|0.02|H| | 7.9657|0.0021|0.013| 59| | 7.94| 7.98|       | | | |          | |  | 1| | | |  |   |       |     |     |    |S| | |181720|          |C-33 14164|          |0.67|G1V         |3 
H|       95294| |19 23 13.06|-44 47 58.7| 4.27| |H|290.80441920|-44.79964788| |  23.52|   92.78|  -53.73|  0.94|  0.44|  0.89|  0.91|  0.59|-0.02|-0.56| 0.11| 0.23|-0.19| 0.07|-0.25|-0.28| 0.11| 0.09|  0| 0.46| 95294| 4.683|0.004| 4.314|0.003| | 0.350|0.012|G|0.42|0.02|A| | 4.3514|0.0009|0.006| 87| | 4.34| 4.36|       | | | |          | |  | 1|G| | |  |   |       |     |     |    |S| | |181623|          |C-45 13171|P-45  9701|0.42|F2III       |X 
H|       95347| |19 23 53.15|-40 36 56.3| 3.96| |G|290.97146411|-40.61564629| |  19.20|   32.67| -120.81|  1.02|  0.70|  0.99|  1.41|  0.62|-0.31|-0.28|-0.38|-0.21| 0.43|-0.18| 0.28|-0.55| 0.14|-0.60|  0| 1.90| 95347| 3.843|0.004| 3.941|0.003| |-0.105|0.007|G|-.10|0.02|A| | 3.9295|0.0008|0.004| 52| | 3.93| 3.95|       | | | |          | |  | 1| | | |  |   |       |     |     |    |S| | |181869|          |C-40 13245|P-40  8955|-.10|B8V         |X 
H|       95501| |19 25 29.75|+03 06 52.5| 3.36| |G|291.37396941|+03.11457923|+|  65.05|  253.06|   80.67|  0.89|  0.55|  0.81|  0.98|  0.78|-0.38|-0.19| 0.06| 0.00| 0.01|-0.05| 0.36|-0.41| 0.09| 0.20|  2| 2.97| 95501| 3.752|0.003| 3.405|0.003| | 0.319|0.004|G|0.38|0.02|A| | 3.4408|0.0004|0.004| 83| | 3.44| 3.45|       | | | |19254+0307|I| 1| 1|O| | |  |   |       |     |     |    |S| | |182640|B+02 3879 |          |          |0.38|F0IV        |X 
H|       95771| |19 28 42.41|+24 39 54.6| 4.44|1|G|292.17671261|+24.66516482| |  11.00| -126.45| -106.99|  0.47|  0.49|  0.68|  0.66|  0.66|-0.22|-0.09|-0.12| 0.19| 0.10|-0.06| 0.07|-0.13| 0.11|-0.27|  1|-0.26| 95771| 6.398|0.004| 4.612|0.002| | 1.502|0.004|G|1.68|0.02|G| | 4.5419|0.0010|0.010|128| | 4.53| 4.56|       |U|2| |19288+2442|I| 2| 1| | | |  |   |       |     |     |    |S| | |183439|B+24 3759 |          |          |1.68|M0 comp     |G 
H|       95853| |19 29 42.34|+51 43 46.1| 3.76| |H|292.42641389|+51.72946747| |  26.63|   20.92|  128.12|  0.41|  0.42|  0.46|  0.46|  0.46|-0.09|-0.14| 0.00|-0.13| 0.08|-0.10| 0.06|-0.10| 0.04| 0.04|  0|-0.12| 95853| 3.959|0.002| 3.785|0.002| | 0.148|0.001|G|0.18|0.03|C| | 3.8136|0.0005|0.004|116| | 3.81| 3.82|       | | | |          | |  | 1| | | |  |   |       |     |     |    |S| | |184006|B+51 2605 |          |          |0.18|A5Vn        |X 
H|       95947|H|19 30 43.29|+27 57 34.9| 3.05| |H|292.68035529|+27.95969480|A|   8.46|   -7.09|   -5.63|  0.59|  0.64|  0.58|  0.52|  0.66|-0.32|-0.16|-0.11| 0.11|-0.13| 0.07|-0.13| 0.06|-0.03|-0.27|  1|-0.53| 95947| 4.478|0.002| 3.200|0.001|*| 1.088|0.002|T|1.05|0.00|L|*| 3.2177|0.0004|0.004|164|*| 3.21| 3.22|       |D| | |19307+2758|I| 2| 2|C| |A|AC|152|  0.389|0.005| 2.12|0.02|S| | |183912|B+27 3410 |          |          |1.07|K3II+...    |X 
H|       96078| |19 32 04.12|+16 28 27.3| 8.97| |G|293.01717645|+16.47425232| |   9.22|   63.68|   15.49|  0.75|  0.72|  1.14|  0.92|  0.85| 0.13|-0.17|-0.06| 0.09|-0.29| 0.17|-0.31|-0.07|-0.02|-0.11|  0|-1.32| 96078| 9.598|0.016| 9.044|0.016| | 0.539|0.015|G|0.61|0.02|H| | 9.0929|0.0018|0.019|133| | 9.06| 9.13|       |C| | |          | |  | 1| | | |  |   |       |     |     |    | | | |231701|B+16 3883 |          |          |0.61|F8V         |X 
H|       96100| |19 32 20.59|+69 39 55.4| 4.67| |H|293.08577692|+69.66540172| | 173.41|  598.43|-1738.81|  0.45|  0.43|  0.46|  0.50|  0.47|-0.12|-0.24| 0.11| 0.04| 0.22|-0.05| 0.21| 0.02| 0.05| 0.08|  0| 1.16| 96100| 5.681|0.006| 4.756|0.007| | 0.786|0.007|G|0.85|0.02|G| | 4.8114|0.0005|0.004| 99| | 4.81| 4.82|       | | | |19322+6941|I| 1| 1| | | |  |   |       |     |     |    |S| | |185144|B+69 1053 |          |          |0.85|K0V         |X 
H|       96406| |19 36 01.65|-24 43 08.5| 5.64| |G|294.00687266|-24.71901737| |  11.23|    6.08|  -26.37|  0.75|  0.45|  0.90|  0.87|  0.49| 0.48|-0.41|-0.34|-0.04|-0.19| 0.43|-0.13|-0.28|-0.08| 0.08|  0| 0.32| 96406| 5.874|0.003| 5.666|0.003| | 0.185|0.006|G|0.16|0.03|C| | 5.7009|0.0004|0.004|117| | 5.69| 5.71|       |C| | |          | |  | 1| | | |  |   |       |     |     |    |S| | |184552|          |C-24 15442|P-24  6764|0.16|A1m...      |4 
H|       96757| |19 40 05.78|+18 00 50.2| 4.39| |H|295.02409394|+18.01393839| |   6.89|   15.09|  -19.72|  0.42|  0.40|  0.69|  0.45|  0.43| 0.01|-0.14| 0.04|-0.05|-0.12| 0.08|-0.15|-0.19| 0.02|-0.13|  0|-0.80| 96757| 5.357|0.002| 4.472|0.002| | 0.777|0.014|G|0.77|0.02|G| | 4.5281|0.0006|0.004|129| | 4.52| 4.54|       | | | |19401+1801|I| 1| 1| | | |  |   |       |     |     |    |S| | |185758|B+17 4042 |          |          |0.77|G0II        |X 
H|       96837| |19 41 02.93|+17 28 34.0| 4.39| |H|295.26222378|+17.47612356| |   6.99|    9.06|  -33.90|  0.42|  0.39|  0.67|  0.48|  0.43| 0.08|-0.12|-0.08|-0.21|-0.11| 0.01|-0.12|-0.26| 0.11|-0.03|  0|-1.06| 96837| 5.716|0.003| 4.497|0.002| | 1.041|0.019|G|0.96|0.03|C| | 4.5523|0.0004|0.004|140| | 4.54| 4.56|       | | | |          | |  | 1| | | |  |   |       |     |     |    |S| | |185958|B+17 4048 |          |          |0.96|G8II        |X 
H|       97165|H|19 44 58.44|+45 07 50.5| 2.86| |G|296.24350878|+45.13069195|A|  19.07|   43.22|   48.44|  0.42|  0.43|  0.45|  0.45|  0.45| 0.02|-0.05|-0.02|-0.02| 0.15|-0.25| 0.17|-0.04| 0.20| 0.02|  5| 1.59| 97165| 2.875|0.002| 2.898|0.003|A|-0.002|0.003|G|-.02|0.03|C|*| 2.8683|0.0002|0.004|112|*| 2.86| 2.88|       |D| | |19450+4508|I| 1| 2|C| |A|AB|228|  2.520|0.017| 3.73|0.07|S| | |186882|B+44 3234 |          |          |-.02|B9.5III     |X 
H|       97278| |19 46 15.57|+10 36 47.8| 2.72|1|G|296.56487567|+10.61326869| |   7.08|   15.72|   -3.08|  0.54|  0.34|  0.75|  0.74|  0.32| 0.02| 0.05| 0.02| 0.15|-0.21| 0.17|-0.25|-0.33| 0.09|-0.23|  1| 2.68| 97278| 4.717|0.002| 2.889|0.002| | 1.507|0.014|G|1.44|0.02|A| | 2.8695|0.0005|0.006|172| | 2.86| 2.88|       |M| | |19462+1037|I| 1| 1| | | |  |   |       |     |     |    |S| | |186791|B+10 4043 |          |          |1.44|K3II        |X 
H|       97365|H|19 47 23.27|+18 32 03.3| 3.68|2|H|296.84693842|+18.53425912|*|   7.28|   -4.58|   11.10|  3.88|  2.33|  0.83|  0.62|  0.52| 0.12|-0.03| 0.01|-0.08|-0.01| 0.00| 0.04|-0.15| 0.14|-0.05|  9| 1.80| 97365| 5.547|0.003| 3.982|0.003|*| 1.313|0.003|T|1.27|0.00|L|*| 3.8364|0.0032|0.036|157|*| 3.78| 3.89|       |U|2| |19474+1832|I| 1| 2|C| |A|AB| 62|  0.115|0.011| 0.64|0.20|S| | |187076|B+18 4240 |          |          |1.27|M2II + B6   |G 
H|       97433|H|19 48 10.21|+70 16 04.2| 3.84| |G|297.04255658|+70.26783533|A|  22.40|   80.18|   39.02|  0.52|  0.48|  0.45|  0.53|  0.55| 0.07|-0.08| 0.10|-0.16| 0.15|-0.02| 0.11|-0.05| 0.16| 0.28|  1|-0.17| 97433| 4.914|0.009| 3.897|0.007|*| 0.888|0.001|G|0.88|0.03|C|*| 3.9974|0.0004|0.004| 98|*| 3.99| 4.01|       |D| | |19482+7016|I| 1| 2|C| |A|AB| 17|  3.167|0.008| 3.00|0.03|S| | |188119|B+69 1070 |          |          |0.88|G8III       |X 
H|       97649| |19 50 46.68|+08 52 02.6| 0.76|1|G|297.69450860|+08.86738491| | 194.44|  536.82|  385.54|  0.60|  0.53|  0.94|  0.73|  0.68| 0.20|-0.24|-0.33| 0.27|-0.14| 0.36|-0.04| 0.41| 0.05| 0.04|  0| 0.36| 97649| 1.248|0.012| 0.955|0.010| | 0.221|0.010|G|0.27|0.02|A| | 0.8273|0.0011|0.006| 41| | 0.82| 0.87|   7.94|P|1|A|19508+0852|I| 1| 1| | | |  |   |       |     |     |    |S| |P|187642|B+08 4236 |          |          |0.27|A7IV-V      |X 
H|       97804| |19 52 28.36|+01 00 20.4| 3.87|3|T|298.11818257|+01.00567827| |   2.78|    6.94|   -7.30|  0.79|  0.61|  0.91|  1.13|  0.74| 0.05|-0.29|-0.40| 0.04| 0.00| 0.01|-0.01| 0.02| 0.02|-0.36|  0| 1.66| 97804| 4.829|0.060| 3.958|0.040| | 0.630|0.020|G|0.73|0.02|A| | 4.0440|0.0690|0.272| 52| | 3.78| 4.46|   7.18|P|1|A|          | |  | 1| | |S|  |   |       |     |     |    |S| |P|187929|B+00 4337 |          |          |0.73|F6Ibv SB    |G 
H|       97938| |19 54 14.82|+08 27 41.9| 4.71| |G|298.56175736|+08.46165027| |  15.96|  101.43|  -81.28|  0.66|  0.59|  1.01|  0.78|  0.66| 0.34|-0.35|-0.52| 0.08|-0.25| 0.31|-0.05| 0.25|-0.20|-0.04|  0|-0.57| 97938| 6.065|0.003| 4.833|0.002| | 1.023|0.048|G|1.03|0.02|A| | 4.8749|0.0005|0.004| 98| | 4.87| 4.88|       |C| | |          | |  | 1| | | |  |   |       |     |     |    |S| | |188310|B+08 4261 |          |          |1.03|K0III       |X 
H|       98032| |19 55 15.68|-41 52 06.3| 4.12| |G|298.81532954|-41.86841350| |  17.24|   23.37|   51.60|  0.82|  0.43|  0.85|  1.09|  0.79| 0.13|-0.30|-0.05|-0.02| 0.00| 0.05|-0.07|-0.18| 0.14|-0.02|  0| 0.78| 98032| 5.508|0.003| 4.241|0.003| | 1.063|0.043|G|1.09|0.02|A| | 4.2773|0.0006|0.005| 99| | 4.27| 4.29|       | | | |          | |  | 1| | | |  |   |       |     |     |    |S| | |188114|          |C-42 14549|P-42  8944|1.09|K0III       |X 
H|       98036| |19 55 18.77|+06 24 28.6| 3.71| |H|298.82819233|+06.40793334| |  72.95|   46.35| -481.32|  0.61|  0.51|  0.83|  0.76|  0.69| 0.34|-0.08|-0.22| 0.39|-0.04| 0.26|-0.01| 0.41|-0.17| 0.21|  0|-0.20| 98036| 4.798|0.003| 3.814|0.002| | 0.855|0.007|G|0.89|0.02|A| | 3.8668|0.0004|0.004|142| | 3.86| 3.87|       | | | |19553+0625|I| 1| 1| | | |  |   |       |     |     |    |S| | |188512|B+06 4357 |          |          |0.89|G8IVvar     |X 
H|       98066| |19 55 50.23|-26 17 58.9| 4.70| |G|298.95927101|-26.29968718| |  42.03|  203.96|   74.40|  0.80|  0.47|  0.94|  0.84|  0.60| 0.34|-0.54|-0.24| 0.04|-0.05| 0.26|-0.02|-0.08|-0.01| 0.12|  4| 0.28| 98066|      |     |      |     | | 0.748|0.015|G|0.79|0.00|A| | 4.8317|0.0007|0.005| 82| | 4.82| 4.84|       |C| | |          | |  | 1|G| | |  |   |       |     |     |    |S| | |188376|          |C-26 14637|P-26  6880|0.79|G3/G5III    |3 
H|       98110| |19 56 18.40|+35 05 00.6| 3.89| |G|299.07665069|+35.08349079| |  23.40|  -34.00|  -27.60|  0.37|  0.43|  0.54|  0.44|  0.43|-0.18| 0.04|-0.04| 0.04| 0.06|-0.12| 0.08|-0.36| 0.18|-0.15|  1|-0.13| 98110| 5.207|0.003| 4.016|0.002| | 1.019|0.004|G|0.98|0.03|C| | 4.0620|0.0005|0.004|144| | 4.06| 4.07|       |C| | |19563+3505|I| 1| 1| | |S|  |   |       |     |     |    |S| | |188947|B+34 3798 |          |          |0.98|K0IIIvar    |X 
H|       98337| |19 58 45.39|+19 29 31.5| 3.51|1|H|299.68911516|+19.49209287| |  11.90|   64.37|   22.58|  0.48|  0.40|  0.71|  0.59|  0.42|-0.17|-0.11| 0.05| 0.10|-0.24| 0.13|-0.26|-0.17|-0.01|-0.35|  1| 0.11| 98337| 5.562|0.003| 3.693|0.003| | 1.571|0.001|G|1.65|0.01|G| | 3.6215|0.0007|0.007|145| | 3.61| 3.63|       |M| | |          | |  | 1| | | |  |   |       |     |     |    |S| | |189319|B+19 4229 |          |          |1.65|K5III       |X 
H|       98412| |19 59 44.17|-35 16 34.5| 4.37| |G|299.93405965|-35.27624433| |   5.28|    6.02|  -25.15|  0.83|  0.47|  0.90|  0.90|  0.60| 0.06|-0.46|-0.03| 0.09|-0.09| 0.23|-0.06|-0.10|-0.02| 0.11|  0|-0.99| 98412| 4.174|0.003| 4.339|0.003| |-0.150|0.003|G|-.15|0.02|A| | 4.3114|0.0005|0.004| 79| | 4.30| 4.32|       |C| | |          | |  | 1| | | |  |   |       |     |     |    |S| | |189103|          |C-35 13831|P-35  8699|-.15|B2.5IV      |3 
H|       98495| |20 00 35.39|-72 54 36.7| 3.97| |H|300.14747226|-72.91018443| |  30.73|   80.54| -131.34|  0.36|  0.42|  0.55|  0.40|  0.47|-0.19|-0.21|-0.06|-0.07| 0.09|-0.02| 0.10|-0.17|-0.08|-0.27|  1| 1.26| 98495| 3.943|0.002| 3.949|0.002| |-0.032|0.013|G|-.04|0.02|A| | 3.9531|0.0004|0.004|170| | 3.95| 3.96|       | | | |          | |  | 1| | | |  |   |       |     |     |    |S| | |188228|          |          |P-73  2086|-.04|A0V         |X 
H|       98543| |20 01 06.01|+27 45 12.8| 4.66| |H|300.27504217|+27.75356392| |  14.67|   57.99|    3.76|  0.28|  0.45|  0.64|  0.33|  0.48|-0.17| 0.04|-0.13|-0.03| 0.06|-0.19| 0.07|-0.31| 0.19|-0.07|  0| 0.52| 98543| 4.886|0.001| 4.681|0.001| | 0.184|0.002|G|0.19|0.03|C| | 4.7148|0.0004|0.005|261| | 4.71| 4.72|       | | | |          | |  | 1| | | |  |   |       |     |     |    |S| | |189849|B+27 3587 |          |          |0.19|A4III       |X 
H|       98688| |20 02 39.46|-27 42 35.6| 4.43|2|H|300.66441367|-27.70987972| |   7.28|   32.28|   14.35|  0.68|  0.45|  0.74|  0.77|  0.55| 0.19|-0.37| 0.04| 0.15| 0.01| 0.05| 0.10|-0.14|-0.12| 0.37|  0| 0.77| 98688| 6.534|0.007| 4.675|0.006| | 1.640|0.008|G|2.50|0.02|A| | 4.4512|0.0073|0.049| 83| | 4.37| 4.52|       |U|2| |          | |  | 1| | |S|  |   |       |     |     |    |S| | |189763|          |C-28 16355|P-28  7105|2.50|M4III       |3 
H|       98920| |20 05 09.47|+19 59 27.2| 5.09| |G|301.28947757|+19.99087704| |  20.17|   30.61|   79.65|  0.54|  0.47|  0.71|  0.73|  0.70|-0.02| 0.03|-0.13|-0.04|-0.08| 0.16|-0.10| 0.15|-0.09| 0.11|  2| 0.29| 98920| 6.452|0.004| 5.208|0.003| | 1.058|0.002|G|1.10|0.06|F| | 5.2513|0.0008|0.006| 84| | 5.24| 5.26|       |C| | |          | |  | 1| | | |  |   |       |     |     |    |S| | |190608|B+19 4277 |          |          |1.10|K2III       |X 
H|       99240| |20 08 41.86|-66 10 45.6| 3.55| |G|302.17441713|-66.17932101| | 163.73| 1210.29|-1130.34|  0.49|  0.43|  0.65|  0.55|  0.47|-0.05|-0.07|-0.15| 0.29| 0.07|-0.01| 0.02|-0.05|-0.07|-0.22|  0|-0.15| 99240|      |     |      |     | | 0.751|0.021|G|0.76|0.02|A| | 3.6876|0.0005|0.005|123| | 3.68| 3.71|       | | | |          | |  | 1| | | |  |   |       |     |     |    |S| | |190248|          |C-66  2367|P-66  3474|0.76|G5IV-Vvar   |X 
H|       99473| |20 11 18.26|-00 49 17.3| 3.24| |G|302.82610327|-00.82147569|+|  11.36|   35.48|    6.05|  1.33|  0.51|  0.92|  1.03|  0.60| 0.45| 0.09| 0.09| 0.32| 0.23| 0.26|-0.05| 0.15|-0.11| 0.01|  0| 0.82| 99473| 3.185|0.002| 3.237|0.002| |-0.066|0.008|G|-.06|0.02|A| | 3.2245|0.0004|0.004| 81| | 3.22| 3.23|       | | | |20113-0049|I| 1| 1|O| | |  |   |       |     |     |    |S| | |191692|B-01 3911 |          |          |-.06|B9.5III     |X 
H|       99711| |20 13 59.88|-00 52 03.1| 7.79| |H|303.49950890|-00.86751441| |  50.27|  -63.37|  262.26|  1.08|  0.58|  1.13|  1.68|  0.74| 0.17| 0.06|-0.04| 0.40| 0.23| 0.39| 0.24| 0.31| 0.04| 0.11|  0| 2.68| 99711| 8.978|0.015| 7.882|0.011| | 0.938|0.015|T|0.93|0.01|L| | 7.9310|0.0020|0.013| 74| | 7.90| 7.95|       |C| | |20140-0052|I| 1| 1| | | |  |   |       |     |     |    | | | |192263|B-01 3925 |          |          |0.89|K0          |S 
H|       99894| |20 16 06.03|+04 34 51.3| 6.44| |H|304.02511695|+04.58091965| |  14.84|  -40.72|  -51.16|  0.67|  0.56|  0.91|  0.83|  0.70| 0.14|-0.14|-0.28| 0.23|-0.05| 0.30| 0.07| 0.48|-0.20| 0.02|  0| 0.15| 99894| 7.528|0.007| 6.538|0.005| | 0.867|0.006|T|0.88|0.00|L| | 6.5982|0.0008|0.007| 90| | 6.58| 6.61|       |C| | |          | |  | 1| | | |  |   |       |     |     |    |S| | |192699|B+04 4395 |          |          |0.89|G5          |S 
H|      100064| |20 18 03.22|-12 32 41.5| 3.58| |H|304.51341030|-12.54485877| |  30.01|   61.78|    2.85|  0.78|  0.44|  0.91|  0.99|  0.70| 0.24|-0.18|-0.22|-0.07| 0.03| 0.50| 0.27| 0.54|-0.10| 0.03|  4|-0.54|100064| 4.785|0.002| 3.684|0.002| | 0.883|0.055|G|0.92|0.02|A| | 3.7388|0.0005|0.004|113| | 3.73| 3.74|       | | | |20181-1233|I| 1| 1| | | |  |   |       |     |     |    |S| | |192947|B-12 5685 |          |          |0.92|G6/G8III    |4 
H|      100310| |20 20 39.81|-12 45 32.6| 4.77| |H|305.16586145|-12.75904403| |  11.98|   15.71|  -14.63|  0.78|  0.47|  0.97|  0.96|  0.61| 0.13|-0.23|-0.33|-0.22|-0.08| 0.50| 0.15| 0.27|-0.18|-0.01|  0| 1.93|100310| 4.705|0.002| 4.750|0.002| |-0.047|0.005|G|-.06|0.02|A| | 4.7498|0.0005|0.004| 83| | 4.74| 4.76|       |C| | |20207-1246|I| 1| 1| | | |  |   |       |     |     |    |S| | |193432|B-13 5642 |          |          |-.06|B9IV        |4 
H|      100345| |20 21 00.65|-14 46 53.0| 3.05| |H|305.25269347|-14.78140119|+|   9.48|   48.42|   14.00|  1.34|  1.47|  0.95|  1.80|  1.49| 0.65|-0.06| 0.02| 0.66| 0.74| 0.25| 0.53| 0.82| 0.06| 0.73|  4| 1.45|100345| 4.041|0.003| 3.169|0.002| | 0.790|0.040|G|0.90|0.02|A| | 3.2104|0.0005|0.004| 85| | 3.20| 3.22|       | | | |20210-1447|I| 2| 1|O| | |  |   |       |     |     |    |S| | |193495|B-15 5629 |          |          |0.90|A5:n        |4 
H|      100453| |20 22 13.70|+40 15 24.1| 2.23|1|H|305.55708346|+40.25668150| |   2.14|    2.43|   -0.93|  0.39|  0.40|  0.51|  0.40|  0.45|-0.02|-0.12| 0.05|-0.01| 0.11|-0.01| 0.11|-0.04| 0.14| 0.15|  0|-2.04|100453| 3.084|0.003| 2.307|0.003| | 0.673|0.012|G|0.65|0.03|C| | 2.3549|0.0011|0.008|118| | 2.34| 2.37|       |U|2|C|20222+4015|I| 1| 1| | | |  |   |       |     |     |    |S| | |194093|B+39 4159 |          |          |0.65|F8Ib        |X 
H|      100751| |20 25 38.85|-56 44 05.6| 1.94|1|G|306.41187347|-56.73488071| |  17.80|    7.71|  -86.15|  0.51|  0.46|  0.70|  0.58|  0.45| 0.11|-0.16|-0.11|-0.37|-0.04|-0.04|-0.07|-0.45| 0.09|-0.30|  3| 0.35|100751| 1.762|0.007| 1.898|0.006| |-0.118|0.008|T|-.10|0.01|L| | 1.8583|0.0006|0.006|109| | 1.85| 1.87|       |M| | |20257-5644|I| 1| 1| | | |  |   |       |     |     |    |S| | |193924|          |          |P-57  9674|-.20|B2IV        |X 
H|      101421| |20 33 12.76|+11 18 12.0| 4.03| |G|308.30318657|+11.30333217| |   9.09|   10.75|  -28.54|  0.69|  0.48|  0.81|  0.84|  0.56| 0.16|-0.29|-0.11| 0.31| 0.26| 0.04| 0.25| 0.40|-0.04| 0.30|  4| 2.90|101421| 3.889|0.002| 4.020|0.002| |-0.123|0.004|G|-.10|0.03|C| | 3.9978|0.0009|0.005| 76| | 3.99| 4.01|       | | | |          | |  | 1| | | |  |   |       |     |     |    |S| | |195810|B+10 4321 |          |          |-.10|B6III       |X 
H|      101769|H|20 37 32.87|+14 35 42.7| 3.64| |G|309.38695734|+14.59520289|*|  33.49|  118.28|  -47.65|  2.16|  1.38|  0.88|  1.33|  1.09| 0.18|-0.13|-0.12|-0.01| 0.21| 0.05|-0.02|-0.20| 0.12| 0.47| 14| 0.86|101769| 4.160|0.002| 3.676|0.002|*| 0.425|0.015|G|0.50|0.03|C|*| 3.7230|0.0006|0.004|100|*| 3.72| 3.73|       |D| | |20375+1436|I| 1| 2|C| |A|AB|205|  0.240|0.006| 0.91|0.05|S| | |196524|B+14 4369 |          |          |0.50|F5IV        |X 
H|      101772| |20 37 33.99|-47 17 30.0| 3.11|1|G|309.39162365|-47.29166239| |  32.21|   49.20|   66.07|  0.65|  0.49|  0.75|  0.90|  0.56| 0.02|-0.19|-0.20| 0.05|-0.09|-0.04|-0.08|-0.12|-0.08|-0.12|  2|-0.68|101772| 4.390|0.002| 3.221|0.002| | 0.998|0.004|G|0.98|0.02|A| | 3.2707|0.0006|0.005| 74| | 3.26| 3.29|       |M| | |20376-4717|I| 1| 1| | | |  |   |       |     |     |    |S| | |196171|          |C-47 13477|P-47  9537|0.98|K0III       |X 
H|      101958|H|20 39 38.25|+15 54 43.4| 3.77| |G|309.90939395|+15.91205270|*|  13.55|   54.14|    7.91|  1.41|  0.87|  0.71|  0.75|  0.68| 0.68| 0.04| 0.05|-0.14| 0.10| 0.11| 0.24| 0.30| 0.18| 0.47|  2| 0.01|101958| 3.714|0.002| 3.766|0.002|*|-0.057|0.005|G|-.01|0.05|F|*| 3.7650|0.0005|0.005| 99|*| 3.76| 3.77|       |D| | |20396+1555|I| 1| 2|C| |A|AG|221|  0.218|0.020| 2.57|0.13|S| | |196867|B+15 4222 |          |          |-.01|B9V         |X 
H|      102098| |20 41 25.91|+45 16 49.2| 1.25|2|G|310.35797270|+45.28033423| |   1.01|    1.56|    1.55|  0.52|  0.42|  0.57|  0.62|  0.41|-0.10|-0.15| 0.02|-0.21|-0.06| 0.09|-0.07|-0.24| 0.23|-0.16|  4| 0.46|102098| 1.471|0.007| 1.343|0.007| | 0.092|0.007|G|0.16|0.03|C| | 1.2966|0.0021|0.016|110| | 1.27| 1.34|       |U|2| |20415+4517|I| 1| 1| | | |  |   |       |     |     |    |S| |P|197345|B+44 3541 |          |          |0.16|A2Ia        |X 
H|      102281| |20 43 27.55|+15 04 28.9| 4.43|1|H|310.86477381|+15.07468224| |  16.03|  -19.61|  -41.74|  0.54|  0.45|  0.68|  0.71|  0.51| 0.10|-0.07| 0.00| 0.15| 0.28| 0.18| 0.24| 0.31| 0.07| 0.19|  2|-1.00|102281| 4.784|0.005| 4.463|0.003| | 0.302|0.013|G|0.34|0.03|C| | 4.5040|0.0030|0.025| 96| | 4.46| 4.53|   0.16|P|1|A|          | |  | 1| | | |  |   |       |     |     |    |S| |P|197461|B+14 4403 |          |          |0.34|A7IIIp d Del|G 
H|      102395| |20 44 57.56|-66 12 11.7| 3.42| |G|311.23981530|-66.20323826| |  23.71|  -42.40|   10.57|  0.37|  0.37|  0.63|  0.46|  0.46|-0.44|-0.01|-0.09| 0.28|-0.05|-0.06|-0.05| 0.18| 0.00|-0.45|  1|-0.02|102395| 3.636|0.001| 3.443|0.001| | 0.163|0.005|G|0.20|0.02|A| | 3.4733|0.0003|0.003|254| | 3.47| 3.48|       |C| | |          | |  | 1| | | |  |   |       |     |     |    |S| | |197051|          |          |P-66  3501|0.20|A5IV        |X 
H|      102485| |20 46 05.77|-25 16 13.9| 4.13| |G|311.52402547|-25.27051682| |  68.16|  -51.38| -156.66|  0.72|  0.43|  0.91|  0.92|  0.78| 0.12|-0.01|-0.13|-0.11|-0.15| 0.33|-0.17| 0.14|-0.42| 0.10|  0|-0.16|102485| 4.656|0.003| 4.194|0.002| | 0.426|0.005|G|0.49|0.02|A| | 4.2320|0.0005|0.004| 67| | 4.22| 4.24|       | | | |          | |  | 1| | | |  |   |       |     |     |    |S| | |197692|          |C-25 15018|P-25  7174|0.49|F5V         |4 
H|      102488| |20 46 12.43|+33 58 10.0| 2.48|1|H|311.55180091|+33.96945334| |  45.26|  356.16|  330.28|  0.37|  0.37|  0.53|  0.40|  0.38|-0.21| 0.03|-0.09|-0.13|-0.16|-0.05|-0.14|-0.13| 0.14|-0.40|  0|-1.55|102488| 3.815|0.002| 2.600|0.002| | 1.021|0.015|G|1.00|0.02|G| | 2.6430|0.0003|0.005|151| | 2.64| 2.65|       |M| | |20462+3358|I| 1| 1| | | |  |   |       |     |     |    |S| | |197989|B+33 4018 |          |          |1.00|K0III       |X 
H|      102532|H|20 46 39.52|+16 07 29.2| 4.27| |G|311.66465833|+16.12477326|A|  32.14|  -25.88| -196.27|  1.20|  0.87|  1.19|  1.32|  0.80| 0.01|-0.18|-0.13|-0.01| 0.32|-0.10| 0.17| 0.13| 0.10| 0.15| 18| 2.01|102532| 5.594|0.005| 4.378|0.003|A| 1.042|0.004|G|1.03|0.09|G|*| 4.4364|0.0060|0.036|107|A| 4.42| 4.59|       |D| | |20467+1607|I| 2| 1|C|P|A|  |   |       |     |     |    |S| | |197964|B+15 4255 |          |          |1.03|K1IV        |S 
H|      102618| |20 47 40.53|-09 29 44.5| 3.78| |H|311.91888574|-09.49568988| |  14.21|   31.89|  -35.32|  0.81|  0.45|  0.90|  0.95|  0.60|-0.01|-0.43|-0.04| 0.33|-0.20| 0.10|-0.21| 0.60| 0.05| 0.00|  3| 2.04|102618| 3.787|0.002| 3.771|0.002| | 0.000|0.012|G|-.01|0.02|A| | 3.7818|0.0004|0.004|130| | 3.78| 3.79|       | | | |          | |  | 1| | | |  |   |       |     |     |    |S| | |198001|B-10 5506 |          |          |-.01|A1V         |X 
H|      102831| |20 49 58.08|-33 46 46.8| 4.89| |H|312.49199793|-33.77967320| |   8.57|    3.71|  -20.19|  0.74|  0.49|  0.80|  0.94|  0.69| 0.18|-0.27|-0.03| 0.20|-0.07| 0.04|-0.04| 0.07|-0.06| 0.29|  0| 0.12|102831| 6.157|0.005| 5.004|0.004| | 1.004|0.003|G|0.97|0.02|A| | 5.0571|0.0007|0.005| 73| | 5.05| 5.07|       |C| | |20500-3347|I| 1| 1| | | |  |   |       |     |     |    |S| | |198232|          |C-34 14660|P-34  8799|0.97|G8III       |3 
H|      102978| |20 51 49.30|-26 55 08.9| 4.12|1|H|312.95540084|-26.91912642| |   5.19|   -7.97|   -2.54|  0.74|  0.50|  0.95|  1.05|  0.83| 0.19|-0.03| 0.01| 0.10| 0.14| 0.54| 0.06| 0.52| 0.00| 0.31|  0| 2.65|102978| 6.253|0.005| 4.300|0.003| | 1.633|0.047|G|1.76|0.02|A| | 4.2197|0.0011|0.008| 99| | 4.20| 4.23|       |M| | |          | |  | 1| | | |  |   |       |     |     |    |S| | |198542|          |C-27 15082|P-27  7123|1.76|K4III       |3 
H|      103227| |20 54 48.58|-58 27 14.7| 3.67| |H|313.70241509|-58.45409470| |   5.41|   21.06|  -24.75|  0.57|  0.44|  0.73|  0.66|  0.51|-0.05|-0.24|-0.05|-0.23| 0.10| 0.05| 0.19| 0.07| 0.00|-0.37|  0| 0.65|103227| 5.274|0.003| 3.791|0.002| | 1.250|0.015|G|1.11|0.02|A| | 3.8340|0.0007|0.005|104| | 3.83| 3.84|       | | | |20548-5827|I| 1| 1| | | |  |   |       |     |     |    |S| | |198700|          |          |P-58  7788|1.11|K0III       |X 
H|      103527| |20 58 25.96|+10 50 21.7| 5.51| |H|314.60817904|+10.83936950| |  13.68|  -47.95|  -34.35|  0.59|  0.33|  0.70|  0.73|  0.36| 0.05|-0.25| 0.03|-0.02| 0.20| 0.05| 0.12| 0.42|-0.03| 0.21|  0|-0.89|103527| 6.699|0.004| 5.619|0.003| | 0.934|0.004|T|0.93|0.00|L| | 5.6682|0.0006|0.007|175| | 5.66| 5.68|       | | | |20585+1049|I| 1| 1| | | |  |   |       |     |     |    |S| | |199665|B+10 4425 |          |          |0.93|G6III:      |S 
H|      103738| |21 01 17.46|-32 15 28.0| 4.67|1|G|315.32275695|-32.25776681| |  14.59|   -2.09|   -0.19|  0.70|  0.47|  0.79|  0.77|  0.62| 0.29|-0.43|-0.25|-0.26|-0.10| 0.32| 0.00| 0.19|-0.07| 0.22|  0| 0.11|103738| 5.787|0.003| 4.769|0.002| | 0.890|0.003|G|0.90|0.02|A| | 4.8136|0.0013|0.011| 91| | 4.81| 4.84|       |U|2| |21013-3215|I| 1| 1| | | |  |   |       |     |     |    |S| | |199951|          |C-32 16353|P-32  6269|0.90|G8III       |3 
H|      104139| |21 05 56.78|-17 13 57.8| 4.08| |H|316.48658082|-17.23271095| |  20.61|   79.64|  -61.64|  0.84|  0.54|  0.92|  1.23|  0.71| 0.27|-0.10|-0.09|-0.02|-0.37| 0.19|-0.34| 0.21|-0.05| 0.34|  2| 1.59|104139| 4.094|0.002| 4.075|0.002| |-0.010|0.008|G|0.00|0.02|A| | 4.0838|0.0004|0.003|114| | 4.08| 4.09|       |C| | |          | |  | 1| | | |  |   |       |     |     |    |S| | |200761|B-17 6174 |          |          |0.00|A1V         |4 
H|      104382| |21 08 46.01|-88 57 23.4| 5.45|1|G|317.19172547|-88.95651120| |  12.07|   25.96|    5.02|  0.41|  0.41|  0.48|  0.48|  0.45|-0.07|-0.07|-0.11| 0.18|-0.02|-0.11|-0.05| 0.04| 0.03|-0.16|  1| 1.24|104382| 5.786|0.004| 5.483|0.003| | 0.283|0.005|G|0.32|0.01|H| | 5.5179|0.0020|0.019|127| | 5.49| 5.55|   0.10|P|1|A|          | |  | 1| | | |  |   |       |     |     |    |S| |P|177482|          |          |P-89    47|0.32|F0III       |X 
H|      104521|H|21 10 20.47|+10 07 55.0| 4.70| |G|317.58529617|+10.13194861|A|  28.38|   49.07| -151.85|  0.74|  0.72|  0.90|  0.90|  0.64| 0.09|-0.17|-0.49|-0.23| 0.15|-0.03| 0.01|-0.49| 0.51|-0.01|  1| 0.10|104521| 5.060|0.004| 4.741|0.003|A| 0.262|0.005|G|0.26|0.02|A|*| 4.7812|0.0005|0.005| 73|*| 4.77| 4.80|       |D| | |21104+1007|I| 2| 2|C| |B|AB|264|  1.260|0.044| 4.25|0.13|S| | |201601|B+09 4732 |          |          |0.26|F0p         |X 
H|      104732| |21 12 56.18|+30 13 37.5| 3.21| |G|318.23408977|+30.22708128| |  21.62|    6.87|  -68.12|  0.34|  0.39|  0.63|  0.41|  0.42|-0.08| 0.00|-0.14| 0.23| 0.20|-0.20| 0.20| 0.20| 0.07|-0.17|  0|-1.81|104732| 4.469|0.002| 3.312|0.001| | 0.990|0.000|G|0.97|0.00|H| | 3.3743|0.0003|0.004|174| | 3.37| 3.38|       | | | |21129+3014|I| 1| 1|G| | |  |   |       |     |     |    |S| | |202109|B+29 4348 |          |          |0.97|G8II SB     |G 
H|      104780| |21 13 35.85|+14 41 21.8| 9.78| |H|318.39937143|+14.68938431| |  19.99|  236.44|    1.20|  1.26|  1.09|  1.61|  1.49|  1.12| 0.36|-0.17|-0.27|-0.30|-0.18| 0.03|-0.22|-0.34| 0.27| 0.42|  0| 1.14|104780|10.938|0.058| 9.799|0.037| | 1.611|0.218|G|2.63|0.54|I| | 9.7768|0.0043|0.024| 75| | 9.71| 9.81|       | | | |          | |  | 1| | | |  |   |       |     |     |    | | | |      |B+14 4559 |          |          |2.63|K5          |S 
H|      104858|H|21 14 28.79|+10 00 27.8| 4.47| |G|318.61995883|+10.00771855|*|  54.11|   42.32| -303.43|  0.71|  0.58|  0.85|  0.89|  0.57| 0.36|-0.28|-0.20|-0.02|-0.44| 0.27|-0.31|-0.31| 0.12| 0.48|  0| 0.17|104858| 5.092|0.003| 4.549|0.003|*| 0.529|0.015|G|0.57|0.02|A|*| 4.5929|0.0006|0.005| 75|*| 4.59| 4.60|       |D| | |21145+1001|I| 1| 2|C|S|A|AB|  0|  0.167|0.010| 0.33|0.32|S| | |202275|B+09 4746 |          |          |0.57|F5V+...     |X 
H|      104987| |21 15 49.40|+05 14 53.1| 3.92| |H|318.95581976|+05.24807390| |  17.51|   59.63|  -94.33|  0.72|  0.59|  0.89|  1.06|  0.63| 0.04| 0.05|-0.25|-0.07| 0.02| 0.40| 0.11|-0.45| 0.43| 0.24|  0|-0.39|104987| 4.590|0.003| 4.002|0.002| | 0.549|0.003|T|0.62|0.00|L| | 4.0423|0.0005|0.006| 63| | 4.03| 4.05|       | | | |21158+0515|I| 1| 1| | | |  |   |       |     |     |    |S| |G|202447|B+04 4635 |          |          |0.62|G0III+...   |X 
H|      105140| |21 17 56.25|-32 10 20.9| 4.71| |G|319.48436063|-32.17248551| |  19.76|   55.46|  -22.12|  0.81|  0.57|  0.88|  1.15|  0.48| 0.03|-0.01|-0.22| 0.31|-0.25| 0.32|-0.19|-0.39| 0.17| 0.00|  6| 3.54|105140| 4.815|0.003| 4.729|0.003| | 0.070|0.010|G|0.09|0.02|A| | 4.7454|0.0006|0.004| 72| | 4.74| 4.76|       |C| | |          | |  | 1| | | |  |   |       |     |     |    |S| | |202627|          |C-32 16498|P-32  6329|0.09|A0V         |3 
H|      105199| |21 18 34.58|+62 35 07.6| 2.45| |G|319.64408982|+62.58545529| |  66.84|  149.91|   48.27|  0.44|  0.42|  0.49|  0.49|  0.45|-0.13|-0.10| 0.09| 0.05| 0.10| 0.11| 0.11|-0.08| 0.15| 0.11|  2| 0.29|105199| 2.762|0.002| 2.492|0.002| | 0.257|0.003|T|0.26|0.01|G| | 2.5141|0.0004|0.004|104| | 2.51| 2.52|       | | | |21186+6236|I| 1| 1| | | |  |   |       |     |     |    |S| | |203280|B+61 2111 |          |          |0.26|A7IV-V      |X 
H|      105319|H|21 19 51.88|-53 26 57.4| 4.39| |G|319.96618253|-53.44926434|A|  33.58|  107.37|  -67.12|  0.81|  0.56|  0.76|  0.82|  0.44|-0.01| 0.13|-0.09| 0.18| 0.17| 0.06| 0.14| 0.22|-0.01|-0.26|  1| 0.85|105319| 4.624|0.003| 4.403|0.003|*| 0.191|0.004|G|0.21|0.02|A|*| 4.4458|0.0006|0.005|116|*| 4.44| 4.46|       |D| | |21199-5327|I| 1| 2|C| |A|AB|272|  6.708|0.008| 2.64|0.03|S| | |202730|          |          |P-53 10037|0.21|A5V         |X 
H|      105515| |21 22 14.78|-16 50 04.4| 4.28|1|G|320.56157261|-16.83455521| |  15.13|   30.83|    5.26|  0.76|  0.45|  0.80|  0.94|  0.53| 0.22|-0.02|-0.12|-0.27|-0.07| 0.10|-0.12| 0.04| 0.02| 0.41|  2|-0.64|105515| 5.424|0.004| 4.392|0.003| | 0.888|0.031|G|0.89|0.02|A| | 4.4388|0.0009|0.010| 71| | 4.43| 4.46|       |U|2| |          | |  | 1| | | |  |   |       |     |     |    |S| |P|203387|B-17 6245 |          |          |0.89|G8III       |4 
H|      105570| |21 22 53.58|+06 48 40.0| 5.16| |H|320.72325739|+06.81111338| |   9.06|   52.66|   11.15|  0.77|  0.49|  0.88|  1.06|  0.54| 0.21|-0.05|-0.26| 0.22|-0.21| 0.34|-0.07| 0.11| 0.16| 0.48|  2|-0.57|105570| 5.236|0.002| 5.165|0.003| | 0.064|0.003|T|0.07|0.00|L| | 5.1828|0.0005|0.004| 91| | 5.17| 5.20|       |C| | |21229+0649|I| 1| 1| | | |  |   |       |     |     |    |S| | |203562|B+06 4811 |          |          |0.06|A3V         |X 
H|      105858| |21 26 26.49|-65 22 05.3| 4.21| |G|321.61038385|-65.36814438| | 108.50|   81.08|  800.68|  0.33|  0.36|  0.59|  0.37|  0.39|-0.32| 0.02|-0.13|-0.10| 0.01| 0.00| 0.02| 0.01|-0.09|-0.40|  1|-1.88|105858| 4.806|0.003| 4.284|0.003| | 0.494|0.020|G|0.61|0.02|A| | 4.3296|0.0003|0.005|258| | 4.32| 4.34|       | | | |          | |  | 1| | | |  |   |       |     |     |    |S| | |203608|          |C-65  2751|P-65  3918|0.61|F6V         |X 
H|      105881| |21 26 40.03|-22 24 41.0| 3.77| |H|321.66678212|-22.41137838| |   8.19|   -2.61|   18.88|  0.77|  0.45|  0.90|  0.96|  0.42| 0.32|-0.07|-0.16|-0.16|-0.27| 0.43|-0.21|-0.21| 0.19| 0.33|  0| 0.50|105881| 5.026|0.002| 3.859|0.002| | 1.002|0.009|G|0.88|0.02|A| | 3.9246|0.0006|0.004| 89| | 3.92| 3.93|       |C| | |21267-2225|I| 1| 1| | | |  |   |       |     |     |    |S| | |204075|B-23  442 |C-22 15388|          |0.88|G4Ibp...    |4 
H|      106032| |21 28 39.58|+70 33 38.5| 3.23|1|H|322.16489595|+70.56069481| |   5.48|   12.60|    8.73|  0.47|  0.44|  0.47|  0.55|  0.49|-0.21| 0.00| 0.03|-0.19| 0.14|-0.14| 0.15|-0.38| 0.10|-0.23|  0| 1.38|106032| 2.958|0.003| 3.195|0.003| |-0.201|0.003|G|-.25|0.03|C| | 3.1438|0.0022|0.013| 82| | 3.12| 3.17|   0.19|P|1|A|21287+7034|I| 1| 1| | | |  |   |       |     |     |    |S| |P|205021|B+69 1173 |          |          |-.25|B2IIIv SB   |G 
H|      106278| |21 31 33.52|-05 34 16.2| 2.90|1|G|322.88966951|-05.57115593| |   5.33|   22.79|   -6.70|  0.77|  0.52|  0.94|  1.06|  0.67| 0.19|-0.11|-0.17|-0.11| 0.08| 0.34| 0.08|-0.20| 0.41| 0.44|  0| 2.11|106278| 3.949|0.002| 2.986|0.002| | 0.828|0.010|G|0.82|0.02|A| | 3.0404|0.0006|0.004| 71| | 3.03| 3.05|       |M| | |21316-0534|I| 1| 1| | | |  |   |       |     |     |    |S| | |204867|B-06 5770 |          |          |0.82|G0Ib        |X 
H|      106786| |21 37 45.04|-07 51 14.9| 4.68| |G|324.43767522|-07.85414212| |  18.26|  114.29|  -24.44|  0.82|  0.54|  0.84|  0.95|  0.63| 0.13|-0.15|-0.04|-0.47|-0.02| 0.33|-0.05|-0.41| 0.29| 0.37|  0|-1.27|106786| 4.907|0.004| 4.708|0.003| | 0.175|0.006|G|0.19|0.02|A| | 4.7431|0.0013|0.008| 74| | 4.73| 4.76|       | | | |          | |  | 1| | | |  |   |       |     |     |    |S| | |205767|B-08 5701 |          |          |0.19|A7V         |X 
H|      106824| |21 38 08.39|-31 44 14.2| 8.56| |G|324.53495597|-31.73728499| |  11.07|   23.46|  -82.19|  1.08|  0.62|  1.12|  1.17|  0.67| 0.34| 0.05|-0.12|-0.37|-0.28| 0.25|-0.27| 0.07|-0.11| 0.31|  0|-0.22|106824| 9.215|0.015| 8.623|0.014| | 0.546|0.015|G|0.62|0.01|H| | 8.6667|0.0014|0.012| 84| | 8.65| 8.69|       |C| | |          | |  | 1| | | |  |   |       |     |     |    |S| | |205739|          |C-32 16667|P-32  6405|0.62|F7V         |3 
H|      106985| |21 40 05.34|-16 39 44.1| 3.69| |H|325.02225935|-16.66225343|+|  23.48|  187.39|  -22.33|  1.34|  0.77|  1.10|  1.87|  1.72| 0.52|-0.48|-0.18|-0.60|-0.44| 0.44|-0.76|-0.49| 0.46| 0.68|  3|-2.16|106985| 4.082|0.003| 3.718|0.003| | 0.320|0.002|G|0.32|0.02|A| | 3.7660|0.0005|0.004| 68| | 3.76| 3.77|       |C| | |          | |  | 1|O| | |  |   |       |     |     |    |S| | |206088|B-17 6340 |          |          |0.32|A7III:mp... |4 
H|      107089| |21 41 28.47|-77 23 22.1| 3.73| |H|325.36863801|-77.38946215| |  47.22|   64.83| -240.38|  2.29|  2.18|  2.90|  2.63|  2.12|-0.08|-0.01|-0.19|-0.02|-0.05| 0.11|-0.04|-0.23|-0.10|-0.17|  0|     |107089| 5.023|0.003| 3.848|0.002| | 1.008|0.003|T|0.98|0.02|A| | 3.8981|0.0004|0.004|133| | 3.89| 3.91|       | | | |21415-7723|I| 1| 1|X| | |  |   |       |     |     |    |S| |D|205478|          |          |P-77  1510|0.98|K0III       |X 
H|      107136| |21 42 05.66|+51 11 22.7| 4.69| |H|325.52358201|+51.18962710| |   1.94|    5.25|   -2.11|  0.40|  0.45|  0.53|  0.45|  0.53|-0.09| 0.11|-0.04| 0.03| 0.00|-0.19| 0.01|-0.05| 0.03| 0.09|  1| 0.08|107136| 4.523|0.002| 4.660|0.002| |-0.119|0.010|G|-.12|0.03|C| | 4.6443|0.0007|0.006|122| | 4.63| 4.65|       | | | |          | |  | 1| | | |  |   |       |     |     |    |S| | |206672|B+50 3410 |          |          |-.12|B3IV        |X 
H|      107251| |21 43 24.90|-07 24 29.7| 8.34| |H|325.85374453|-07.40825822| |   5.88|    3.19|    2.30|  1.02|  0.63|  1.11|  1.29|  0.60| 0.38| 0.07| 0.09|-0.27|-0.03| 0.21|-0.06| 0.15| 0.15| 0.43|  0| 1.40|107251| 9.647|0.020| 8.470|0.013| | 1.009|0.019|T|0.98|0.01|L| | 8.5066|0.0014|0.009| 88| | 8.49| 8.53|       | | | |          | |  | 1| | | |  |   |       |     |     |    | | | |206610|B-08 5719 |          |          |0.99|K0          |S 
H|      107310|H|21 44 08.40|+28 44 35.6| 4.49| |H|326.03501874|+28.74322228|A|  44.64|  260.33| -242.73|  0.64|  0.62|  0.69|  0.61|  0.57| 0.00| 0.14|-0.17|-0.27|-0.14| 0.02|-0.07|-0.74| 0.28| 0.03|  1| 0.76|107310| 4.930|0.007| 4.392|0.006|*| 0.512|0.007|T|0.58|0.01|L|*| 4.6029|0.0004|0.005|161|*| 4.60| 4.61|       |D| | |21442+2845|I| 2| 2|C| |A|AB|302|  2.002|0.003| 1.45|0.01|S| | |206826|B+28 4169 |          |          |0.55|F6V         |X 
H|      107315| |21 44 11.14|+09 52 30.0| 2.38|1|G|326.04641808|+09.87500791| |   4.85|   30.02|    1.38|  0.74|  0.45|  0.84|  1.12|  0.49| 0.14| 0.13| 0.04| 0.39| 0.12| 0.47| 0.12|-0.06| 0.36| 0.26|  0|-0.50|107315| 4.402|0.003| 2.569|0.004| | 1.520|0.510|G|1.42|0.02|A| | 2.5460|0.0012|0.015| 78| | 2.53| 2.57|       |U|2| |21441+0953|I| 1| 1| | |S|  |   |       |     |     |    |S| |P|206778|B+09 4891 |          |          |1.42|K2Ibvar     |X 
H|      107354|H|21 44 38.70|+25 38 42.0| 4.14| |G|326.16126755|+25.64500284|*|  28.34|   46.66|   13.47|  1.82|  1.83|  0.88|  0.84|  0.80| 0.24|-0.02|-0.27|-0.39| 0.16|-0.08| 0.12|-0.51| 0.40|-0.25| 13| 0.61|107354| 4.661|0.002| 4.200|0.002|*| 0.425|0.009|G|0.48|0.03|C|*| 4.2347|0.0006|0.004| 95|*| 4.23| 4.25|       |D| | |21446+2539|I| 1| 2|C| |A|AB|285|  0.174|0.005| 0.10|0.11|S| | |206901|B+24 4463 |          |          |0.48|F5IV        |X 
H|      107556| |21 47 02.29|-16 07 35.6| 2.85|2|G|326.75952199|-16.12656595| |  84.58|  263.26| -296.23|  0.80|  0.59|  0.88|  1.23|  0.67| 0.18|-0.10|-0.22| 0.07|-0.16| 0.23|-0.16|-0.23| 0.13|-0.03|  0|-1.36|107556|      |     |      |     | | 0.180|0.150|G|0.35|0.02|A| | 2.9409|0.0038|0.025| 57| | 2.91| 3.02|   1.02|P|1|A|21470-1607|I| 1| 1| | | |  |   |       |     |     |    |S| | |207098|B-16 5943 |          |          |0.35|A5mF2 (IV)  |G 
H|      107608| |21 47 44.17|-30 53 53.9| 5.02| |H|326.93405546|-30.89830582| |   9.63|  -34.53|    0.64|  0.78|  0.53|  0.90|  0.88|  0.62| 0.25|-0.16|-0.21|-0.21|-0.16| 0.36|-0.13| 0.31| 0.00| 0.26|  0|-0.43|107608| 5.085|0.003| 5.022|0.003| | 0.042|0.002|G|0.06|0.00|H| | 5.0443|0.0005|0.005| 79| | 5.04| 5.05|       |D| | |21477-3054|I| 1| 1| | |S|  |   |       |     |     |    |S| | |207155|          |C-31 18466|P-31  6596|0.06|A1V         |3 
H|      108085| |21 53 55.65|-37 21 53.4| 3.00| |G|328.48189202|-37.36482290| |  16.07|   95.88|  -12.10|  0.65|  0.45|  0.77|  0.76|  0.47| 0.13|-0.20|-0.17|-0.06|-0.12| 0.08|-0.05| 0.23|-0.16| 0.07|  0| 0.78|108085| 2.896|0.003| 2.994|0.002| |-0.084|0.003|T|-.10|0.02|A| | 2.9763|0.0004|0.004| 87| | 2.97| 2.99|       | | | |          | |  | 1|G| | |  |   |       |     |     |    |S| | |207971|          |C-37 14536|P-37  9119|-.10|B8III       |3 
H|      108375| |21 57 19.77|-37 45 48.0| 7.47| |G|329.33238710|-37.76333471| |  22.73|  101.45| -117.99|  0.75|  0.58|  1.01|  0.89|  0.55| 0.25|-0.15|-0.23|-0.02|-0.26| 0.52|-0.16| 0.04| 0.04| 0.21|  0| 0.85|108375| 8.144|0.009| 7.531|0.009| | 0.568|0.009|G|0.64|0.01|H| | 7.5932|0.0012|0.011| 90| | 7.58| 7.61|       |C| | |          | |  | 1| | | |  |   |       |     |     |    |S| | |208487|          |C-38 14804|P-38  8337|0.64|G2V:        |3 
H|      108661|H|22 00 50.22|-28 27 13.5| 5.43| |G|330.20922938|-28.45373726|A|   3.22|   14.81|    0.30|  0.91|  0.64|  0.90|  0.96|  0.59| 0.16|-0.16| 0.01| 0.14|-0.23| 0.07|-0.21| 0.21| 0.18| 0.06|  1|-0.28|108661| 5.508|0.020| 5.612|0.020|A|-0.095|0.007|G|-.08|0.01|H|*| 5.4012|0.0008|0.006| 89|*| 5.39| 5.41|       |D| | |22008-2827|I| 1| 2|C| |A|AB|113|  1.818|0.002| 1.08|0.01|S| | |209014|          |C-29 18119|P-29  6659|-.08|B8/B9V+...  |3 
H|      108917|H|22 03 47.16|+64 37 39.9| 4.26| |H|330.94650782|+64.62775425|A|  32.07|  214.46|   89.29|  0.77|  0.63|  0.68|  0.78|  0.56|-0.12|-0.21| 0.24| 0.14| 0.16| 0.17| 0.07| 0.11| 0.09|-0.04| 16| 3.51|108917| 4.678|0.003| 4.277|0.003|*| 0.379|0.004|T|0.44|0.00|L|*| 4.3520|0.0008|0.009|120|*| 4.34| 4.38|       |D| | |22038+6437|I| 1| 2|C| |A|AB|276|  7.871|0.006| 2.08|0.03|S| | |209790|B+63 1802 |          |          |0.41|Am          |X 
H|      109074| |22 05 47.03|-00 19 11.4| 2.95| |H|331.44593869|-00.31982656| |   4.30|   17.90|   -9.93|  0.75|  0.53|  0.83|  0.91|  0.57| 0.10| 0.19|-0.01| 0.11|-0.06| 0.27|-0.03| 0.14| 0.12| 0.13|  0|-0.28|109074| 4.175|0.004| 3.051|0.004| | 0.969|0.011|G|0.92|0.02|A| | 3.1080|0.0006|0.006| 52| | 3.10| 3.13|       | | | |22058-0019|I| 1| 1| | | |  |   |       |     |     |    |S| | |209750|B-01 4246 |          |          |0.92|G2Ib        |X 
H|      109111| |22 06 06.90|-39 32 35.0| 4.47| |H|331.52876518|-39.54304903| |  13.20|  -24.16| -125.17|  0.66|  0.50|  0.78|  0.75|  0.49| 0.16|-0.14|-0.16|-0.06|-0.22| 0.29|-0.13| 0.33| 0.09| 0.03|  0|-0.71|109111| 6.269|0.004| 4.624|0.002| | 1.349|0.060|G|1.31|0.02|A| | 4.6247|0.0007|0.005| 74| | 4.61| 4.63|       | | | |          | |  | 1| | | |  |   |       |     |     |    |S| | |209688|          |C-40 14639|P-40  9652|1.31|M0III       |X 
H|      109139| |22 06 26.21|-13 52 10.3| 4.29| |H|331.60918894|-13.86954013| |  18.90|   40.45|  -57.16|  0.81|  0.49|  0.95|  0.90|  0.50| 0.23|-0.19| 0.02|-0.08| 0.14| 0.31| 0.06| 0.02| 0.32| 0.30|  0| 0.85|109139| 4.201|0.003| 4.274|0.003| |-0.075|0.003|G|-.06|0.02|A| | 4.2648|0.0007|0.004| 61| | 4.26| 4.27|       | | | |          | |  | 1| | | |  |   |       |     |     |    |S| | |209819|B-14 6209 |          |          |-.06|B8V         |4 
H|      109176| |22 07 00.47|+25 20 42.2| 3.77| |G|331.75197729|+25.34504610| |  85.06|  296.73|   26.93|  0.52|  0.63|  0.71|  0.56|  0.69| 0.24| 0.14|-0.20|-0.12|-0.10|-0.19|-0.11|-0.40| 0.12| 0.27|  2| 2.60|109176| 4.294|0.004| 3.822|0.004| | 0.435|0.007|G|0.51|0.03|C| | 3.8678|0.0007|0.004| 79| | 3.86| 3.87|       | | | |22070+2520|I| 1| 1| | | |  |   |       |     |     |    |S| | |210027|B+24 4533 |          |          |0.51|F5V         |X 
H|      109268| |22 08 13.88|-46 57 38.2| 1.73|1|G|332.05781838|-46.96061593| |  32.16|  127.60| -147.91|  0.49|  0.50|  0.82|  0.44|  0.50| 0.37|-0.40|-0.23|-0.10| 0.09| 0.17| 0.22| 0.34|-0.24| 0.25|  1|-0.23|109268| 1.675|0.004| 1.757|0.004| |-0.070|0.005|T|-.05|0.01|L| | 1.6983|0.0004|0.005|133| | 1.69| 1.71|       |M| | |22082-4658|I| 1| 1| | |S|  |   |       |     |     |    |S| | |209952|          |C-47 14063|P-47  9830|-.12|B7IV        |X 
H|      109352| |22 09 13.68|+33 10 21.0| 5.58| |H|332.30698173|+33.17249760| |  11.51|  -60.00|  -65.86|  0.36|  0.51|  0.64|  0.50|  0.72| 0.24|-0.02|-0.16|-0.10| 0.06|-0.16| 0.00|-0.30| 0.23| 0.09|  0| 0.62|109352| 6.844|0.003| 5.698|0.002| | 0.985|0.003|T|0.97|0.00|L| | 5.7472|0.0005|0.006|177| | 5.74| 5.76|       |C| | |22092+3310|I| 1| 1|G| | |  |   |       |     |     |    |S| | |210354|B+32 4349 |          |          |0.96|G6III:      |S 
H|      109422| |22 10 08.48|-32 32 54.4| 4.94| |H|332.53534803|-32.54844042| |  53.36|  428.62|   13.83|  0.65|  0.50|  0.82|  0.68|  0.49| 0.14|-0.13|-0.05|-0.02|-0.11| 0.34|-0.10| 0.32| 0.07| 0.11|  0|-0.50|109422| 5.511|0.004| 4.988|0.004| | 0.489|0.007|G|0.54|0.02|A| | 5.0428|0.0005|0.004| 81| | 5.04| 5.05|       |C| | |          | |  | 1| | | |  |   |       |     |     |    |S| | |210302|          |C-33 15941|P-33  6227|0.54|F6V         |3 
H|      109427| |22 10 11.82|+06 11 52.0| 3.52| |G|332.54924902|+06.19778900| |  33.77|  281.96|   31.23|  0.72|  0.54|  0.85|  0.89|  0.74| 0.18|-0.30|-0.10|-0.10| 0.07| 0.22|-0.03|-0.16| 0.35| 0.31|  2| 1.11|109427| 3.644|0.003| 3.540|0.002| | 0.086|0.002|G|0.09|0.02|A| | 3.5534|0.0008|0.005| 67| | 3.55| 3.56|       | | | |          | |  | 1|G| | |  |   |       |     |     |    |S| | |210418|B+05 4961 |          |          |0.09|A2V         |X 
H|      109492| |22 10 51.26|+58 12 04.5| 3.39|1|H|332.71359131|+58.20124992| |   4.49|   13.35|    4.49|  0.42|  0.41|  0.50|  0.44|  0.39|-0.11| 0.08| 0.18|-0.02| 0.08|-0.13| 0.12|-0.21|-0.03|-0.03|  0| 1.77|109492| 5.403|0.004| 3.528|0.002| | 1.558|0.004|T|1.58|0.00|L| | 3.5120|0.0013|0.011|110| | 3.50| 3.54|       |U|2| |          | |  | 1| | | |  |   |       |     |     |    |S| |P|210745|B+57 2475 |          |          |1.63|K1Ibv SB    |G 
H|      109937| |22 15 58.17|+37 44 55.4| 4.14| |G|333.99237570|+37.74873483| |   5.20|    8.74|    0.76|  0.50|  0.44|  0.61|  0.79|  0.53|-0.03| 0.02|-0.08|-0.03| 0.09| 0.07| 0.08| 0.09|-0.04|-0.12|  2| 0.51|109937| 6.009|0.004| 4.286|0.003| | 1.447|0.001|G|1.33|0.03|C| | 4.2900|0.0007|0.005|100| | 4.28| 4.30|       | | | |          | |  | 1| | | |  |   |       |     |     |    |S| | |211388|B+37 4526 |          |          |1.33|K3III       |X 
H|      110003| |22 16 49.97|-07 46 59.7| 4.17| |G|334.20819329|-07.78323706| |  17.04|  118.95|  -21.91|  0.64|  0.51|  0.74|  0.69|  0.47| 0.23| 0.09|-0.07|-0.03|-0.06| 0.24|-0.03| 0.06| 0.00| 0.16|  0| 0.94|110003| 5.418|0.004| 4.278|0.003| | 0.979|0.019|G|0.95|0.02|A| | 4.3335|0.0008|0.005| 58| | 4.32| 4.35|       | | | |          | |  | 1| | | |  |   |       |     |     |    |S| | |211391|B-08 5845 |          |          |0.95|G8III-IV    |X 
H|      110130| |22 18 30.18|-60 15 34.2| 2.87|1|H|334.62574257|-60.25949486|+|  16.42|  -71.48|  -38.15|  3.97|  1.27|  0.59|  1.82|  1.00| 0.84| 0.15| 0.04|-0.42|-0.74| 0.06| 0.79| 0.44| 0.14| 0.11|  0| 0.16|110130| 4.684|0.003| 3.017|0.002| | 1.390|0.003|G|1.37|0.02|A| | 3.0103|0.0006|0.005|146| | 3.00| 3.02|       |M| | |22185-6016|I| 1| 1|O| | |  |   |       |     |     |    |S| | |211416|          |          |P-60  7561|1.37|K3III       |X 
H|      110395| |22 21 39.30|-01 23 14.5| 3.86| |H|335.41374983|-01.38735315| |  20.67|  129.24|    8.90|  1.58|  1.19|  1.71|  2.03|  1.25| 0.21| 0.00| 0.07| 0.03|-0.07|-0.01|-0.11|-0.25|-0.02| 0.04|  0|     |110395| 3.806|0.003| 3.844|0.003| |-0.057|0.009|G|-.06|0.02|A| | 3.8423|0.0010|0.005| 46| | 3.83| 3.86|       | | | |22217-0123|I| 1| 1|X| |S|  |   |       |     |     |    |S| | |212061|B-02 5741 |          |          |-.06|A0V         |X 
H|      110538| |22 23 33.64|+52 13 46.2| 4.42| |H|335.89015172|+52.22949951| |  19.21|  -13.56| -186.37|  0.40|  0.38|  0.51|  0.45|  0.39|-0.09| 0.00| 0.04|-0.18| 0.20|-0.04| 0.17|-0.08| 0.12| 0.17|  0|-0.08|110538| 5.725|0.003| 4.543|0.002| | 1.015|0.005|G|1.03|0.03|C| | 4.5867|0.0005|0.004|119| | 4.58| 4.59|       | | | |          | |  | 1| | |S|  |   |       |     |     |    |S| | |212496|B+51 3358 |          |          |1.03|G9III       |X 
H|      110609| |22 24 31.00|+49 28 35.0| 4.55|1|H|336.12914880|+49.47640074| |   1.54|   -5.12|   -3.37|  0.37|  0.38|  0.52|  0.34|  0.37|-0.14| 0.08| 0.18|-0.16| 0.15| 0.11| 0.15|-0.06| 0.12|-0.14|  0|-2.06|110609| 4.673|0.002| 4.605|0.002| | 0.092|0.034|G|0.18|0.03|C| | 4.6112|0.0008|0.007|154| | 4.60| 4.62|       |M| | |          | |  | 1| | | |  |   |       |     |     |    |S| | |212593|B+48 3715 |          |          |0.18|B9Iab       |X 
H|      110813| |22 27 03.12|-17 15 48.3| 7.60| |H|336.76301886|-17.26340395| |   8.21|  -86.69| -104.35|  0.92|  0.68|  1.06|  1.23|  0.83| 0.28|-0.36|-0.25|-0.14| 0.06| 0.21| 0.10|-0.26| 0.05| 0.32|  0|-1.02|110813| 8.711|0.014| 7.701|0.010| | 0.882|0.013|T|0.89|0.01|L| | 7.7545|0.0016|0.012| 75| | 7.74| 7.78|       |C| | |          | |  | 1| | | |  |   |       |     |     |    |S| | |212771|B-17 6526 |          |          |0.91|G8IV        |4 
H|      110960|H|22 28 49.80|-00 01 12.2| 3.65| |G|337.20750231|-00.02006304|A|  31.53|  191.32|   37.47|  1.76|  1.89|  1.50|  1.81|  1.68| 0.58| 0.09|-0.04| 0.03|-0.06| 0.09|-0.50|-0.85| 0.10| 0.06| 21| 1.72|110960| 4.643|0.058| 4.151|0.056|A| 0.406|0.015|G|0.50|0.02|A|*| 3.7450|0.0008|0.006| 72|*| 3.74| 3.78|       |D| | |22288-0001|I| 1| 2|C| |A|AB|202|  1.877|0.006| 0.20|0.01|S| | |213051|B-00 4365 |          |          |0.50|F3III-IV    |X 
H|      110997| |22 29 16.15|-43 29 44.0| 3.97| |G|337.31730866|-43.49555433| |  11.03|   25.62|   -4.23|  0.70|  0.45|  0.85|  0.93|  0.50|-0.01| 0.05|-0.32| 0.37|-0.12| 0.33| 0.05| 0.05| 0.16| 0.26|  0| 1.38|110997| 5.285|0.003| 4.078|0.002| | 1.022|0.004|G|0.98|0.02|A| | 4.1394|0.0008|0.005| 96| | 4.13| 4.15|       | | | |22293-4330|I| 1| 1| | |S|  |   |       |     |     |    |S| | |213009|          |C-44 14931|P-44 10226|0.98|G6/G8III    |2 
H|      111022| |22 29 31.82|+47 42 24.8| 4.34|2|H|337.38259473|+47.70689488| |   2.80|   -0.60|   -3.37|  0.33|  0.35|  0.50|  0.33|  0.36|-0.18| 0.06| 0.08| 0.01| 0.05|-0.02| 0.08|-0.13| 0.14|-0.08|  0| 1.44|111022| 6.449|0.005| 4.541|0.004| | 1.679|0.005|G|1.90|0.03|G| | 4.4280|0.0045|0.040|140| | 4.39| 4.56|       |U|2| |          | |  | 1| | |S|  |   |       |     |     |    |S| | |213310|B+46 3719 |          |          |1.90|M0II        |X 
H|      111104| |22 30 29.26|+43 07 24.2| 4.52| |H|337.62192333|+43.12338985| |   2.38|   -2.05|   -5.76|  0.35|  0.44|  0.64|  0.39|  0.49|-0.52| 0.15|-0.10|-0.12| 0.12|-0.01| 0.16|-0.22| 0.22|-0.48|  0| 0.51|111104| 4.394|0.001| 4.508|0.002| |-0.086|0.018|G|-.09|0.03|C| | 4.4912|0.0004|0.006|225| | 4.48| 4.50|       | | | |          | |  | 1| | | |  |   |       |     |     |    |S| | |213420|B+42 4420 |          |          |-.09|B2IV        |X 
H|      111123|H|22 30 38.82|-10 40 40.4| 4.82| |G|337.66172918|-10.67788619|A|  12.29|    1.79|  -26.26|  1.24|  0.97|  1.32|  1.29|  0.88| 0.25| 0.33|-0.13| 0.13|-0.07| 0.34|-0.01|-0.23| 0.31| 0.03|  3| 2.12|111123| 4.780|0.003| 4.821|0.003|A|-0.053|0.007|G|-.04|0.02|A|*| 4.8253|0.0007|0.005| 75|*| 4.82| 4.84|       |C| | |22306-1041|H| 1| 2|C| |C|AB| 10|  3.744|0.045| 3.60|0.45|S| |D|213320|B-11 5850 |          |          |-.04|A0IVs       |X 
H|      111169| |22 31 17.38|+50 16 56.8| 3.76| |H|337.82239898|+50.28244976| |  31.86|  137.22|   17.15|  0.38|  0.38|  0.54|  0.34|  0.36|-0.12| 0.23| 0.21|-0.17| 0.08|-0.09| 0.15|-0.11| 0.24|-0.13|  0|-0.28|111169| 3.814|0.002| 3.780|0.002| | 0.031|0.003|T|0.05|0.00|L| | 3.7820|0.0003|0.003|148| | 3.78| 3.79|       |C| | |22313+5017|I| 1| 1| | | |  |   |       |     |     |    |S| | |213558|B+49 3875 |          |          |0.03|A1V         |X 
H|      111188| |22 31 30.29|-32 20 45.7| 4.29| |H|337.87620651|-32.34602798| |  21.99|   59.64|  -18.70|  0.62|  0.48|  0.78|  0.64|  0.46| 0.37|-0.01| 0.00|-0.01|-0.12| 0.22|-0.12|-0.14| 0.18| 0.37|  0| 1.20|111188| 4.315|0.002| 4.291|0.002| | 0.011|0.002|G|0.03|0.02|A| | 4.3003|0.0004|0.004|108| | 4.29| 4.32|       | | | |22315-3221|I| 1| 1| | | |  |   |       |     |     |    |S| | |213398|          |C-32 17126|P-32  6506|0.03|A1V         |3 
H|      111497| |22 35 21.33|-00 07 02.5| 4.04| |H|338.83887054|-00.11736123| |  17.77|   88.56|  -56.10|  0.69|  0.54|  0.82|  0.92|  0.67| 0.23| 0.07|-0.12| 0.05|-0.09| 0.38|-0.05|-0.36| 0.13| 0.23|  0|-0.95|111497| 3.944|0.003| 4.026|0.003| |-0.083|0.007|G|-.07|0.02|A| | 4.0159|0.0005|0.004| 69| | 4.01| 4.02|       |C| | |          | |  | 1| | | |  |   |       |     |     |    |S| | |213998|B-00 4384 |          |          |-.07|B9IV-Vn     |X 
H|      111710| |22 37 45.42|-04 13 39.9| 5.04| |H|339.43925419|-04.22776291| |  13.92|  -68.36| -120.47|  0.75|  0.47|  0.75|  0.92|  0.52| 0.01| 0.02|-0.01|-0.14| 0.12| 0.27| 0.12|-0.22| 0.08|-0.12|  0|-0.83|111710| 6.510|0.004| 5.161|0.003| | 1.140|0.002|G|1.10|0.00|H| | 5.2036|0.0008|0.006| 75| | 5.20| 5.22|       | | | |22377-0414|I| 1| 1| | | |  |   |       |     |     |    |S| | |214376|B-04 5716 |          |          |1.10|K2III       |X 
H|      111954| |22 40 39.33|-27 02 37.0| 4.18| |H|340.16385653|-27.04361480| |   4.38|   22.01|   -0.88|  0.94|  0.50|  0.87|  1.51|  0.79|-0.12|-0.12| 0.02|-0.62| 0.21| 0.14| 0.24|-0.38|-0.01|-0.29|  0|-1.24|111954| 4.060|0.002| 4.170|0.002| |-0.105|0.010|G|-.07|0.02|A| | 4.1591|0.0005|0.004| 93| | 4.15| 4.17|       | | | |          | |  | 1|G| | |  |   |       |     |     |    |S| | |214748|          |C-27 16010|P-27  7442|-.07|B8V         |3 
H|      112029| |22 41 27.67|+10 49 53.0| 3.41| |G|340.36531181|+10.83139111| |  15.64|   77.38|  -10.98|  0.61|  0.51|  0.75|  0.68|  0.58| 0.23|-0.05|-0.31| 0.06|-0.10|-0.11|-0.22|-0.47| 0.32| 0.01|  0| 0.85|112029| 3.320|0.002| 3.402|0.002| |-0.086|0.008|G|-.06|0.03|C| | 3.3887|0.0004|0.004| 87| | 3.38| 3.40|       | | | |22415+1050|I| 1| 1| | | |  |   |       |     |     |    |S| | |214923|B+10 4797 |          |          |-.06|B8.5V       |X 
H|      112122| |22 42 39.93|-46 53 04.4| 2.07|2|H|340.66639531|-46.88456594| |  19.17|  135.68|   -4.51|  0.58|  0.49|  0.75|  0.64|  0.53| 0.29|-0.25|-0.30| 0.06|-0.08| 0.27| 0.00|-0.12| 0.13| 0.38|  0| 0.21|112122| 4.143|0.008| 2.299|0.010| | 1.610|0.300|G|2.60|0.02|A| | 2.0699|0.0143|0.084| 73| | 1.97| 2.19|       |U|2| |          | |  | 1| | |S|  |   |       |     |     |    |S| | |214952|          |C-47 14308|P-47  9896|2.60|M5III       |X 
H|      112158| |22 43 00.13|+30 13 16.7| 2.93| |H|340.75053573|+30.22130866|+|  15.18|   13.11|  -26.11|  0.56|  0.64|  0.79|  0.57|  0.59| 0.45| 0.29| 0.39| 0.07|-0.14|-0.16|-0.11|-0.16|-0.05| 0.29|  0|-0.78|112158| 4.017|0.002| 3.036|0.002| | 0.852|0.008|G|0.87|0.03|C| | 3.0897|0.0004|0.004|139| | 3.08| 3.10|       | | | |22430+3014|I| 1| 1|O| | |  |   |       |     |     |    |S| | |215182|B+29 4741 |          |          |0.87|G2II-III..  |X 
H|      112405| |22 46 03.72|-81 22 53.8| 4.13| |H|341.51551393|-81.38161731| |  23.23|  -55.35|    0.88|  0.40|  0.41|  0.50|  0.48|  0.48| 0.00|-0.04|-0.09| 0.01| 0.06|-0.09| 0.06| 0.00|-0.07|-0.10|  2| 0.76|112405| 4.399|0.002| 4.162|0.002| | 0.208|0.005|G|0.24|0.02|A| | 4.1964|0.0004|0.005|135| | 4.19| 4.21|       |D| | |          | |  | 1|G| | |  |   |       |     |     |    |S| | |214846|          |          |P-82   889|0.24|A9IV/V      |1 
H|      112440| |22 46 31.84|+23 33 56.4| 3.97| |H|341.63267663|+23.56567939| |   8.26|   56.99|  -10.46|  0.58|  0.46|  0.70|  0.57|  0.55| 0.15| 0.13| 0.05| 0.11| 0.04|-0.16| 0.06| 0.06| 0.05| 0.17|  0|-0.09|112440| 5.338|0.003| 4.075|0.002| | 1.070|0.002|G|0.99|0.03|C| | 4.1320|0.0005|0.005| 96| | 4.12| 4.14|       | | | |          | |  | 1| | | |  |   |       |     |     |    |S| | |215665|B+22 4709 |          |          |0.99|G8II-III    |X 
H|      112447| |22 46 41.44|+12 10 26.7| 4.20| |G|341.67267295|+12.17408381| |  61.54|  233.06| -492.04|  0.68|  0.51|  0.77|  0.80|  0.61| 0.17|-0.20|-0.15|-0.30|-0.04| 0.24|-0.07|-0.45| 0.20| 0.03|  2|-1.32|112447| 4.800|0.003| 4.265|0.003| | 0.502|0.007|G|0.60|0.03|G| | 4.3058|0.0006|0.005| 88| | 4.30| 4.32|       | | | |22467+1211|I| 1| 1| | | |  |   |       |     |     |    |S| | |215648|B+11 4875 |          |          |0.60|F7V         |X 
H|      112623| |22 48 33.20|-51 19 00.1| 3.49| |G|342.13832136|-51.31670354| |  25.16|  108.47|  -65.93|  0.52|  0.44|  0.68|  0.56|  0.47| 0.04|-0.12|-0.13|-0.11| 0.14|-0.02| 0.14|-0.02|-0.09| 0.07|  0|-1.14|112623| 3.608|0.002| 3.499|0.002| | 0.083|0.007|G|0.10|0.02|A| | 3.5190|0.0005|0.004|114| | 3.51| 3.53|       |C| | |          | |  | 1| | | |  |   |       |     |     |    |S| | |215789|          |C-51 13389|P-51 11870|0.10|A3V         |X 
H|      112716| |22 49 35.51|-13 35 33.1| 4.05|1|H|342.39795761|-13.59253756| |   8.58|  -12.58|  -38.80|  1.01|  0.59|  0.98|  1.92|  0.84|-0.13| 0.09|-0.30|-0.33| 0.24|-0.01| 0.25|-0.40| 0.35|-0.46|  0| 0.71|112716| 6.103|0.005| 4.222|0.003| | 1.570|0.000|G|1.72|0.02|A| | 4.1494|0.0018|0.008| 57| | 4.13| 4.16|       |M| | |22495-1335|I| 1| 1| | | |  |   |       |     |     |    |S| | |216032|B-14 6354 |          |          |1.72|K5III       |4 
H|      112724| |22 49 40.91|+66 12 02.6| 3.50| |H|342.42046735|+66.20071089| |  28.27|  -66.10| -124.74|  0.45|  0.41|  0.52|  0.58|  0.43|-0.14|-0.08| 0.28| 0.20| 0.13| 0.17| 0.09|-0.06|-0.05|-0.09|  1| 0.85|112724| 4.857|0.002| 3.621|0.002| | 1.053|0.004|G|1.06|0.03|C| | 3.6704|0.0005|0.004|117| | 3.66| 3.68|       | | | |          | |  | 1| | | |  |   |       |     |     |    |S| | |216228|B+65 1814 |          |          |1.06|K0III       |X 
H|      112748| |22 50 00.10|+24 36 06.1| 3.51| |H|342.50041810|+24.60168486| |  27.95|  144.11|  -43.44|  0.58|  0.48|  0.77|  0.67|  0.71| 0.07| 0.14|-0.14| 0.16|-0.06|-0.19|-0.05|-0.16| 0.22| 0.12|  0| 1.51|112748| 4.689|0.002| 3.610|0.002| | 0.933|0.010|G|0.89|0.03|C| | 3.6685|0.0004|0.004| 94| | 3.66| 3.68|       | | | |          | |  | 1| | | |  |   |       |     |     |    |S| | |216131|B+23 4615 |          |          |0.89|M2III       |X 
H|      112961| |22 52 36.86|-07 34 46.8| 3.73|2|H|343.15360192|-07.57967878|*|   8.33|   19.51|   32.71|  1.17|  0.64|  1.13|  1.63|  0.82| 0.14|-0.17|-0.01|-0.25| 0.18| 0.38| 0.10|-0.46| 0.11|-0.16|  0| 0.31|112961| 5.852|0.005| 3.938|0.005| | 1.626|0.044|G|2.07|0.02|A| | 3.8072|0.0040|0.029| 66| | 3.78| 3.85|       |U|2| |          | |  | 1|V| | |  |   |       |     |     |    |S| | |216386|B-08 5968 |          |          |2.07|M2IIIvar    |X 
H|      113136| |22 54 39.04|-15 49 14.7| 3.27| |H|343.66266350|-15.82075994| |  20.44|  -44.08|  -24.81|  1.99|  1.37|  2.26|  2.32|  1.69| 0.13| 0.00|-0.17|-0.30| 0.00| 0.28| 0.05|-0.34| 0.36| 0.12|  0|     |113136| 3.365|0.002| 3.277|0.002| | 0.066|0.003|G|0.08|0.02|A| | 3.2964|0.0006|0.005| 80| | 3.29| 3.31|       | | | |          | |  | 1|X| | |  |   |       |     |     |    |S| | |216627|B-16 6173 |          |          |0.08|A3V         |4 
H|      113246| |22 55 56.89|-32 32 22.9| 4.20| |G|343.98705005|-32.53970196| |  19.14|   10.84|   30.32|  1.08|  0.58|  0.87|  1.12|  0.71|-0.30|-0.01|-0.27|-0.63| 0.38| 0.04| 0.40|-0.36| 0.19|-0.19|  0| 0.55|113246| 5.448|0.003| 4.327|0.002| | 0.952|0.032|G|0.96|0.02|A| | 4.3677|0.0006|0.004| 69| | 4.36| 4.38|       | | | |22559-3232|I| 1| 1| | | |  |   |       |     |     |    |S| | |216763|          |C-33 16303|P-33  6301|0.96|G8III       |3 
H|      113357| |22 57 27.85|+20 46 07.3| 5.45| |H|344.36604441|+20.76868410| |  65.10|  208.06|   60.96|  0.64|  0.41|  0.76|  0.64|  0.57| 0.11| 0.09|-0.06|-0.05|-0.08|-0.21|-0.10|-0.33| 0.17| 0.07|  3|-0.15|113357| 6.268|0.003| 5.524|0.003| | 0.666|0.007|G|0.69|0.01|G| | 5.5865|0.0005|0.005|162| | 5.58| 5.60|       |C| | |          | |  | 1| | | |  |   |       |     |     |    |S| | |217014|B+19 5036 |          |          |0.69|G5V         |X 
H|      113368| |22 57 38.83|-29 37 18.6| 1.17| |G|344.41177323|-29.62183701| | 130.08|  329.22| -164.22|  0.79|  0.64|  0.92|  1.05|  0.73| 0.43|-0.16|-0.38|-0.39|-0.21| 0.32|-0.06|-0.07| 0.23| 0.49|  6| 2.95|113368| 1.407|0.009| 1.248|0.007| | 0.145|0.011|T|0.16|0.01|L| | 1.1808|0.0007|0.004| 67| | 1.18| 1.19|       | | | |          | |  | 1|G| | |  |   |       |     |     |    |S| | |216956|          |C-30 19370|P-30  6685|0.08|A3V         |3 
H|      113638| |23 00 52.87|-52 45 14.8| 4.11| |G|345.22030979|-52.75410562| |  28.99|  -65.09|  -12.91|  0.83|  0.90|  1.31|  0.95|  1.01| 0.11| 0.02|-0.16|-0.04| 0.02| 0.16| 0.07|-0.19| 0.07| 0.26|  0|     |113638| 5.359|0.002| 4.227|0.002| | 0.960|0.033|G|1.01|0.02|A| | 4.2774|0.0005|0.005|146| | 4.27| 4.30|       | | | |          | |  | 1|X| | |  |   |       |     |     |    |S| | |217364|          |          |P-53 10382|1.01|G8III       |X 
H|      113881| |23 03 46.33|+28 04 56.8| 2.44|2|H|345.94305575|+28.08245462| |  16.37|  187.76|  137.61|  0.46|  0.46|  0.72|  0.52|  0.56| 0.25| 0.15| 0.05| 0.14|-0.08|-0.01| 0.01|-0.23| 0.28| 0.36|  1|-0.31|113881| 4.612|0.009| 2.659|0.008| | 1.655|0.010|T|2.31|0.06|O| | 2.4861|0.0093|0.075|114| | 2.43| 2.63|       |U|2|C|23038+2804|I| 1| 1| | |S|  |   |       |     |     |    |S| | |217906|B+27 4480 |          |          |2.06|M2II-IIIvar |X 
H|      113889| |23 03 52.61|+03 49 12.3| 4.48|1|H|345.96919380|+03.82006998| |   6.62|   12.86|  -10.13|  0.76|  0.60|  0.81|  0.88|  0.82| 0.32|-0.01|-0.10|-0.08| 0.27|-0.14| 0.32| 0.33|-0.08| 0.26|  2|-0.48|113889| 4.345|0.003| 4.474|0.003| |-0.115|0.016|G|-.09|0.02|A| | 4.4527|0.0012|0.008| 69| | 4.42| 4.47|       |U|2| |          | |  | 1| | | |  |   |       |     |     |    |S| | |217891|B+03 4818 |          |          |-.09|B6Ve        |X 
H|      113963| |23 04 45.62|+15 12 19.3| 2.49| |G|346.19007020|+15.20536786| |  23.36|   61.10|  -42.56|  0.61|  0.43|  0.76|  0.63|  0.60| 0.22| 0.14| 0.01| 0.15| 0.03| 0.01| 0.07| 0.06| 0.36| 0.11|  0|-0.80|113963| 2.480|0.003| 2.487|0.002| |-0.002|0.003|T|0.00|0.03|G| | 2.4784|0.0004|0.003| 98| | 2.47| 2.48|       | | | |          | |  | 1| | | |  |   |       |     |     |    |S| | |218045|B+14 4926 |          |          |0.00|B9.5III     |X 
H|      114131|H|23 06 52.77|-43 31 13.2| 4.28| |G|346.71986858|-43.52032436|A|  24.51|  -48.35|  -13.98|  0.70|  0.65|  0.75|  0.69|  0.67| 0.29|-0.03|-0.28| 0.04|-0.19| 0.21|-0.14|-0.21| 0.15| 0.38|  1|-0.24|114131| 4.843|0.004| 4.374|0.004|A| 0.423|0.009|G|0.44|0.02|A|*| 4.3881|0.0006|0.005|103|*| 4.38| 4.40|       |D| | |23068-4331|I| 2| 2|C| |A|AB|100|  1.358|0.011| 2.33|0.02|S| | |218227|          |C-44 15149|P-44 10297|0.44|F5me...     |X 
H|      114322| |23 09 10.36|-02 15 37.8| 8.59| |H|347.29316016|-02.26050792| |  33.40|  632.15|  -96.23|  1.02|  0.82|  1.19|  1.46|  1.19| 0.46| 0.08| 0.23| 0.29| 0.25| 0.27| 0.19| 0.18| 0.16| 0.31|  0| 0.41|114322| 9.889|0.028| 8.696|0.017| | 1.012|0.002|G|1.06|0.00|I| | 8.7269|0.0017|0.015| 76| | 8.70| 8.76|       |C| | |          | |  | 1| | | |  |   |       |     |     |    | | | |218566|B-03 5577 |          |          |1.06|K3V         |X 
H|      114341| |23 09 26.76|-21 10 20.9| 3.68| |H|347.36150879|-21.17248555| |  13.96|   55.99|   31.25|  0.80|  0.59|  0.94|  1.03|  0.84| 0.33|-0.15|-0.18| 0.09| 0.16| 0.11| 0.13| 0.06| 0.33| 0.37|  0| 1.39|114341| 5.265|0.003| 3.821|0.003| | 1.202|0.056|G|1.16|0.02|A| | 3.8484|0.0007|0.004| 73| | 3.84| 3.86|       | | | |          | |  | 1| | | |  |   |       |     |     |    |S| | |218594|B-21 6368 |          |          |1.16|K1III       |4 
H|      114421| |23 10 21.43|-45 14 47.9| 3.88| |H|347.58928308|-45.24664747|+|  17.63|  132.42|  -26.27|  0.75|  0.93|  0.92|  0.85|  0.49| 0.22|-0.14|-0.47| 0.36| 0.18|-0.31|-0.06| 0.18|-0.01|-0.02|  0| 1.06|114421| 5.164|0.003| 3.995|0.002| | 0.998|0.048|G|0.95|0.02|A| | 4.0494|0.0005|0.005| 93| | 4.04| 4.06|       |C| | |          | |  | 1|O| | |  |   |       |     |     |    |S| | |218670|          |C-45 14947|P-45 10393|0.95|K0III SB    |G 
H|      114855| |23 15 53.28|-09 05 15.7| 4.24| |H|348.97198728|-09.08769554| |  21.97|  368.56|  -17.02|  0.81|  0.58|  0.89|  1.44|  0.74| 0.04| 0.06|-0.26| 0.13|-0.10| 0.36| 0.00| 0.17| 0.00|-0.27|  0| 0.04|114855| 5.658|0.004| 4.362|0.003| | 1.107|0.005|G|1.06|0.02|A| | 4.4090|0.0009|0.005| 49| | 4.40| 4.42|       |C| | |23159-0905|I| 1| 1| | | |  |   |       |     |     |    |S| | |219449|B-09 6156 |          |          |1.06|K0III       |X 
H|      114971| |23 17 09.49|+03 16 56.1| 3.70| |G|349.28955677|+03.28224524| |  24.92|  760.35|   17.96|  0.85|  0.58|  0.89|  1.30|  0.79| 0.26| 0.03|-0.19| 0.37| 0.02| 0.19| 0.01| 0.23| 0.00|-0.07|  0|-0.42|114971|      |     |      |     | | 0.916|0.015|G|0.97|0.02|A| | 3.8482|0.0007|0.005| 68| | 3.84| 3.86|       | | | |          | |  | 1| | | |  |   |       |     |     |    |S| | |219615|B+02 4648 |          |          |0.97|G7III       |X 
H|      114996| |23 17 25.81|-58 14 09.3| 3.99| |H|349.35755018|-58.23592762| |  45.40|  -34.93|   79.59|  0.35|  0.40|  0.61|  0.44|  0.50|-0.29|-0.05|-0.13| 0.18| 0.01| 0.06|-0.01| 0.02|-0.06|-0.44|  0|-1.23|114996| 4.472|0.002| 4.042|0.002| | 0.410|0.014|G|0.50|0.02|A| | 4.0856|0.0004|0.005|200| | 4.08| 4.09|       | | | |          | |  | 1|G| | |  |   |       |     |     |    |S| | |219571|          |          |P-58  8062|0.50|F1III       |X 
H|      115102| |23 18 49.43|-32 31 54.6| 4.41| |G|349.70594501|-32.53183574| |  18.24|   19.65|  -78.57|  0.69|  0.55|  0.80|  0.79|  0.72| 0.20|-0.30|-0.12|-0.35| 0.04| 0.32| 0.10|-0.18|-0.02| 0.23|  2| 3.15|115102| 5.864|0.004| 4.535|0.003| | 1.109|0.047|G|1.08|0.02|A| | 4.5777|0.0005|0.004| 82| | 4.57| 4.59|       |C| | |          | |  | 1| | | |  |   |       |     |     |    |S| | |219784|          |C-33 16476|P-33  6326|1.08|K1III       |3 
H|      115227| |23 20 20.54|+05 22 53.2| 5.05| |G|350.08557117|+05.38145156| |   9.56|   78.53|  -59.35|  0.86|  0.60|  0.95|  0.85|  0.91| 0.47| 0.23| 0.00| 0.07| 0.25|-0.07| 0.37| 0.35| 0.26| 0.39|  0|-1.08|115227| 6.625|0.005| 5.205|0.003| | 1.204|0.002|G|1.16|0.00|H| | 5.2170|0.0009|0.007|102| | 5.21| 5.23|       | | | |          | |  | 1| | | |  |   |       |     |     |    |S| | |220009|B+04 4997 |          |          |1.16|K2III       |X 
H|      115250| |23 20 38.22|+23 44 25.3| 4.58|1|H|350.15926320|+23.74035920| |  19.50|   30.48|   -9.14|  0.49|  0.50|  0.73|  0.53|  0.52| 0.33| 0.11| 0.04| 0.10|-0.03| 0.01| 0.02|-0.14| 0.30| 0.35|  0| 0.52|115250| 4.803|0.002| 4.609|0.002| | 0.180|0.012|G|0.23|0.03|C| | 4.6423|0.0017|0.014|127| | 4.62| 4.66|   0.05|P|1|A|          | |  | 1| | | |  |   |       |     |     |    |S| |P|220061|B+22 4810 |          |          |0.23|A5V         |X 
H|      115438| |23 22 58.30|-20 06 01.2| 3.96| |G|350.74292280|-20.10034505| |  20.14| -120.27|  -96.70|  0.67|  0.52|  0.72|  0.73|  0.57| 0.10| 0.14|-0.04| 0.05| 0.04| 0.12| 0.06| 0.13| 0.07| 0.06|  0|-0.13|115438| 5.367|0.005| 4.083|0.003| | 1.082|0.042|G|1.10|0.02|A| | 4.1180|0.0009|0.005| 65| | 4.11| 4.13|       | | | |          | |  | 1| | | |  |   |       |     |     |    |S| | |220321|B-20 6587 |          |          |1.10|K0III       |4 
H|      115623| |23 25 22.66|+23 24 14.4| 4.42| |H|351.34442250|+23.40401243| |  18.83|  193.12|   36.47|  0.53|  0.50|  0.72|  0.59|  0.46| 0.42| 0.21| 0.24| 0.18| 0.01|-0.16| 0.05|-0.09| 0.04| 0.37|  2| 0.05|115623| 5.160|0.002| 4.495|0.002| | 0.617|0.010|G|0.67|0.00|G| | 4.5524|0.0005|0.004|121| | 4.54| 4.56|       |C| | |          | |  | 1| | | |  |   |       |     |     |    |S| | |220657|B+22 4833 |          |          |0.67|F8IV        |X 
H|      115738| |23 26 55.91|+01 15 21.0| 4.95|1|H|351.73293881|+01.25583758| |  20.12|   85.60|  -94.43|  0.71|  0.54|  0.79|  0.84|  0.59| 0.28|-0.22|-0.07|-0.04|-0.03| 0.06|-0.07|-0.05| 0.17|-0.10|  0| 1.11|115738| 4.987|0.004| 4.932|0.005| | 0.036|0.006|G|0.01|0.02|A| | 4.9527|0.0009|0.007| 64| | 4.94| 4.97|       |M| | |23269+0116|I| 1| 1| | | |  |   |       |     |     |    |S| | |220825|B+00 4998 |          |          |0.01|A0p         |G 
H|      115830| |23 27 58.17|+06 22 44.8| 4.27| |H|351.99236589|+06.37909727| |  20.54| -123.83|  -43.26|  0.73|  0.54|  0.80|  0.94|  0.62| 0.19|-0.05|-0.11|-0.19| 0.02| 0.10| 0.11| 0.11| 0.14|-0.14|  0|-0.38|115830| 5.647|0.005| 4.393|0.003| | 1.062|0.043|G|1.03|0.02|A| | 4.4401|0.0007|0.004| 47| | 4.43| 4.44|       |C| | |          | |  | 1| | | |  |   |       |     |     |    |S| | |220954|B+05 5173 |          |          |1.03|K1III       |X 
H|      116076| |23 31 17.20|+39 14 11.0| 5.22| |G|352.82165645|+39.23640180| |  13.09|  287.30|  -83.78|  0.54|  0.47|  0.71|  0.56|  0.45| 0.10| 0.36| 0.14| 0.14| 0.12|-0.12| 0.25|-0.03| 0.34| 0.09|  2| 1.37|116076| 6.538|0.004| 5.346|0.003| | 1.029|0.003|G|1.00|0.00|H| | 5.3841|0.0005|0.006| 80| | 5.37| 5.39|       | | | |          | |  | 1| | | |  |   |       |     |     |    |S| | |221345|B+38 5023 |          |          |1.00|K0III       |X 
H|      116084| |23 31 20.14|-58 12 35.0| 7.82| |H|352.83390852|-58.20971914| |  18.91|  181.40|   -5.59|  0.49|  0.55|  0.82|  0.54|  0.63|-0.22|-0.04|-0.08|-0.05| 0.05| 0.11| 0.07|-0.12| 0.07|-0.10|  1| 0.07|116084| 8.413|0.008| 7.874|0.007| | 0.513|0.008|T|0.59|0.01|L| | 7.9294|0.0013|0.016|193| | 7.90| 7.96|       | | | |          | |  | 1| | | |  |   |       |     |     |    |S| | |221287|          |          |P-58  8077|0.58|F7V         |1 
H|      116231| |23 32 58.19|-37 49 06.1| 4.38| |H|353.24245060|-37.81835895| |  18.28|   96.39|   37.58|  0.50|  0.54|  0.80|  0.52|  0.60| 0.25| 0.06|-0.10| 0.25| 0.13| 0.10| 0.12| 0.26|-0.28| 0.18|  0| 1.42|116231| 4.266|0.002| 4.361|0.002| |-0.095|0.004|G|-.09|0.02|A| | 4.3517|0.0004|0.004|112| | 4.35| 4.36|       | | | |          | |  | 1| | | |  |   |       |     |     |    |S| | |221507|          |C-38 15527|P-38  8543|-.09|B9.5IVMNpe. |3 
H|      116727| |23 39 20.98|+77 37 55.1| 3.21| |G|354.83742516|+77.63196681| |  72.50|  -48.85|  127.18|  0.42|  0.41|  0.52|  0.48|  0.44| 0.04| 0.06| 0.12| 0.23| 0.02|-0.11| 0.02| 0.14|-0.02|-0.01|  0| 0.36|116727| 4.549|0.003| 3.334|0.002| | 1.031|0.010|G|0.99|0.01|G| | 3.3767|0.0004|0.004|124| | 3.37| 3.39|       | | | |          | |  | 1|G| | |  |   |       |     |     |    |S| | |222404|B+76  928 |          |          |0.99|K1IV        |X 
H|      116771| |23 39 56.82|+05 37 38.5| 4.13| |G|354.98675133|+05.62735374| |  72.51|  376.32| -437.00|  0.96|  0.56|  0.88|  1.05|  0.69| 0.01|-0.16|-0.06|-0.52| 0.18| 0.26| 0.16| 0.04| 0.19| 0.10|  0| 0.18|116771| 4.741|0.003| 4.190|0.003| | 0.507|0.006|G|0.59|0.02|A| | 4.2373|0.0006|0.004| 54| | 4.23| 4.24|       |C| | |23399+0538|I| 1| 1| | | |  |   |       |     |     |    |S| | |222368|B+04 5035 |          |          |0.59|F7V         |X 
H|      116928| |23 42 02.88|+01 46 49.5| 4.49| |H|355.51200741|+01.78041720| |  32.38| -129.55| -154.87|  0.71|  0.59|  0.84|  0.77|  0.63| 0.22| 0.03|-0.42| 0.28| 0.14|-0.04| 0.13| 0.31|-0.13| 0.27|  0| 0.72|116928| 4.744|0.004| 4.521|0.003| | 0.200|0.006|G|0.22|0.02|A| | 4.5578|0.0006|0.005| 47| | 4.55| 4.58|       | | | |          | |  | 1| | | |  |   |       |     |     |    |S| | |222603|B+00 5037 |          |          |0.22|A7V         |X 
H|      117245| |23 46 23.54|+03 29 12.7| 4.95|2|H|356.59807048|+03.48687164| |   4.29|  -35.00|  -25.00|  0.89|  0.56|  0.93|  1.01|  0.66| 0.08|-0.14|-0.20|-0.05|-0.02| 0.25| 0.05| 0.01|-0.13| 0.05|  0| 1.12|117245| 8.499|0.034| 5.323|0.017| | 2.508|0.028|T|2.57|0.03|L| | 4.9586|0.0158|0.089| 46| | 4.86| 5.09|       |U|2| |          | |  | 1| | |S|  |   |       |     |     |    |S| |P|223075|B+02 4709 |          |          |2.70|C5II        |G 
H|      118268| |23 59 18.60|+06 51 48.9| 4.03| |H|359.82750994|+06.86359373| |  30.78|  148.49| -112.16|  0.92|  0.48|  0.87|  0.96|  0.50|-0.01|-0.29| 0.05|-0.54| 0.13| 0.42| 0.00|-0.23| 0.23| 0.32|  0|-0.34|118268| 4.515|0.003| 4.076|0.002| | 0.419|0.005|G|0.49|0.02|A| | 4.1219|0.0006|0.004| 76| | 4.12| 4.13|       |C| | |          | |  | 1| | | |  |   |       |     |     |    |S| | |224617|B+06 5227 |          |          |0.49|F4IV        |X 
H|      118319| |23 59 53.74|-22 25 41.4| 8.23| |G|359.97391252|-22.42818030| |  10.63|  148.74|   27.53|  0.97|  0.58|  1.17|  1.10|  0.52| 0.04| 0.17| 0.04|-0.11| 0.10| 0.17| 0.07|-0.31| 0.12|-0.05|  0| 1.19|118319| 9.019|0.013| 8.295|0.011| | 0.639|0.015|G|0.70|0.01|H| | 8.3699|0.0014|0.016|118| | 8.34| 8.39|       |C| | |          | |  | 1| | | |  |   |       |     |     |    |S| | |224693|          |C-23 18108|P-23  8366|0.70|G2V         |4 
